file_id	case_id	sample_id	modality	workflow	file_name	advertised_bytes	advertised_md5	status
0052ae83-7ae5-470a-a125-5cd94a9fa9e9	5d2a9a4f-678d-4089-a8c5-81a5cb696629	78b3d4a5-8563-433d-b271-6e37385e0584	RNA	STAR - Counts	a6a6b9c6-9db7-42b3-a09f-770b7e126fbb.rna_seq.augmented_star_gene_counts.tsv	4208285	3965545354a18beca3a6159f16b254fe	metadata_candidate_not_QC_eligible
023a34d9-c000-4053-b695-5b984b4a6fc1	362000e4-cf7c-48fc-93cc-8f5994b442ea	36576033-1b30-4d02-977b-983220fc8f32	RNA	STAR - Counts	06770623-6a10-4874-9eea-1497077f18ac.rna_seq.augmented_star_gene_counts.tsv	4248724	784ae5f0b02aa4f9f0abb26097e161d5	metadata_candidate_not_QC_eligible
02c085f9-c641-427c-9cb6-51720e3f4a3e	9240d5fc-de23-4436-8099-da9bd3054860	1a40c0ef-0b6f-48c9-98cc-b64e8660f2a3	450K	SeSAMe Methylation Beta Estimation	639097ee-9965-42ba-bbdb-d385d2f91fbe.methylation_array.sesame.level3betas.txt	13122161	710f57160cab4d47e89b7b8c91acfb29	metadata_candidate_not_QC_eligible
02eee71c-fe4a-40b9-8e5f-a8691e8013e6	2483621a-4db3-41ab-aa33-b9427ea8a0af	13b0d336-205a-42ac-8a50-db0eb065013d	450K	SeSAMe Methylation Beta Estimation	604e65e3-1510-49c0-8532-6dd5cd321779.methylation_array.sesame.level3betas.txt	13162603	06f58226fc40cc3345bd1427ebb620e1	metadata_candidate_not_QC_eligible
030d778f-ecb4-44eb-8baa-4286e18c9fdd	87f1b3df-4bc7-4336-b658-f30ac1c5c796	8745dbd3-cf9f-4edb-b419-5f0bd590f273	RNA	STAR - Counts	84595c09-6f85-4a1d-98fa-7d9bc9dc2c28.rna_seq.augmented_star_gene_counts.tsv	4258957	6426942030ce73573fdeeee6177bf117	metadata_candidate_not_QC_eligible
0344d3bb-8bb2-459e-bc1f-ba31c7470d08	301ca6e8-7981-4264-b4ae-38f56f7f9225	59546c0f-5f27-43bf-aa2e-90dc44c971b6	RNA	STAR - Counts	39807893-979e-44c6-ada9-444c68b863c3.rna_seq.augmented_star_gene_counts.tsv	4241361	813876c8339211b5f2dbd9bfa5ede767	metadata_candidate_not_QC_eligible
034ddf29-0552-44b9-97b4-b9a9a38b6ca0	202e5df9-69f2-432c-a59d-cc5aa176e973	727baf6e-e991-426e-a823-07908aa85202	450K	SeSAMe Methylation Beta Estimation	e79afe4a-d19b-4d11-8c08-ebcebb962d9c.methylation_array.sesame.level3betas.txt	13192430	abd2af813dbb425adb982e9609481f7f	metadata_candidate_not_QC_eligible
03639951-3a42-49d5-ae8f-e26c128223c7	f462cfef-f60a-4d3e-b92d-b8d8f50b6bb3	edba8888-6d1b-43a7-988d-5df420922c80	450K	SeSAMe Methylation Beta Estimation	de37fbeb-8626-454f-953d-6a8ea10ff693.methylation_array.sesame.level3betas.txt	13114389	d5717d5dceaa3aab77ff0cd05c529909	metadata_candidate_not_QC_eligible
03680aea-84a2-4775-bb9c-24f8c5907247	0075437e-ba1a-46be-86d6-9773209a2b5e	9ab03618-703c-4401-a198-e02510807646	RNA	STAR - Counts	0a4e0b83-7afa-475b-8586-e9e79e31d6d2.rna_seq.augmented_star_gene_counts.tsv	4234605	06d101f59bf8eae8dd11581cea5894b9	metadata_candidate_not_QC_eligible
03a635d5-bd6b-489b-ad60-b2d920af9fe6	33c71ead-4c2a-476d-85ef-885dbbfc2cbd	79cf84b5-84ff-42e5-b438-697b35d272fc	450K	SeSAMe Methylation Beta Estimation	1a89004f-c7e7-470a-96d1-19b2da1b8eae.methylation_array.sesame.level3betas.txt	13185776	06cb9b98cd8d9499f28899dd700d75c0	metadata_candidate_not_QC_eligible
03d8a2f0-855a-4c00-93f4-f47b75aa5b15	d288b69f-1e79-4429-8646-9994b7c54f8f	5a9f5ccb-635d-440e-ad03-fde8f63a2233	450K	SeSAMe Methylation Beta Estimation	463087b5-995c-41b2-b011-4ea6d04f58c9.methylation_array.sesame.level3betas.txt	13159838	cfefddd84a7d512ef72ccc1a4971cfa6	metadata_candidate_not_QC_eligible
04453143-5972-4c23-a86a-c951b1f5a552	096bd95f-9900-4db2-b1c4-103902c3b31f	bd57c86d-bb0d-40a3-9292-97d6b33db1ea	450K	SeSAMe Methylation Beta Estimation	eefa1fcf-e66c-4fda-977f-6f7dd548dc3b.methylation_array.sesame.level3betas.txt	13165345	fe6fcabd17a269ab878623f5dfb86177	metadata_candidate_not_QC_eligible
04778fc1-a821-4029-a383-d88e711f3bee	2a43e61e-2151-4c5a-b062-74ce9dfd8d4a	ef98c575-44c9-4524-8754-45250f60a5c8	RNA	STAR - Counts	22cd91fc-54c5-43e0-80ff-19a419298721.rna_seq.augmented_star_gene_counts.tsv	4238174	73ae4d4d401efbe058d3bd47d3d22e47	metadata_candidate_not_QC_eligible
0489c415-a518-4c02-b003-df29ea64d75c	fc79086c-af9a-4c27-b074-f7050b6f3381	284de41b-6ad8-4c29-9eca-9a841cd7c3b7	450K	SeSAMe Methylation Beta Estimation	97029674-21ea-4539-badb-4c9a20353e0b.methylation_array.sesame.level3betas.txt	13069549	58983daeb2345695f0d3b518f6de7306	metadata_candidate_not_QC_eligible
04e13d09-b1b4-4bff-a06b-b30106322bb3	a7911bdc-13f1-434a-bfa3-f8ba55d15846	6a460559-d291-43c0-a624-25474e601e99	450K	SeSAMe Methylation Beta Estimation	0f8c4c8c-414d-4c23-97c0-9442d33fd1c9.methylation_array.sesame.level3betas.txt	13184651	0d6768c5540ed4766b8bb33c1fc57019	metadata_candidate_not_QC_eligible
04f5172a-86c4-47fc-b553-d465adbeb9af	d12b6930-9ae4-4fe7-ad69-d183135c91ab	55b07618-5b99-436f-a0dd-fe96a13851d6	450K	SeSAMe Methylation Beta Estimation	f685f3ac-2a8b-4075-8730-0dfee1cdba12.methylation_array.sesame.level3betas.txt	13154328	5d699f75c280f2b821d6a257a82110d3	metadata_candidate_not_QC_eligible
04fc092b-9048-4f3a-af3d-661e8ceae5fd	c2a1de2e-6451-4c95-8ce6-263f2b7e6eff	64fb8eba-a055-4128-92ca-695a3a6f8ebd	450K	SeSAMe Methylation Beta Estimation	592d3417-3d60-48a6-9b3f-801bfcf225b3.methylation_array.sesame.level3betas.txt	13199723	e09763ed5b8f8233626b83fd5cd3fc2b	metadata_candidate_not_QC_eligible
0545a597-63b3-49b1-bd3b-781c4507acd2	c9c533ee-e154-4a56-bce9-b5af37574b2f	e7a733ac-55e0-4395-ad3b-7cfc5b526d01	450K	SeSAMe Methylation Beta Estimation	f72dfbb7-105b-4a8f-a5e6-d18732b14f3c.methylation_array.sesame.level3betas.txt	13197418	cbccffec53e1b5987fa0bb30e53bbb4c	metadata_candidate_not_QC_eligible
055fcce9-7448-4a16-ad18-d235dac7ce97	ef42ae4c-a108-468e-beed-437cf3cf2962	5b90379e-83f2-459a-be36-bd7ebbb6bfff	RNA	STAR - Counts	b95a1889-2ef5-4da3-b5e9-14b678c4d71a.rna_seq.augmented_star_gene_counts.tsv	4220504	e377ff197e805d9c7486d7285f9e12af	metadata_candidate_not_QC_eligible
05fa4573-6ca5-40dc-a48b-ec847b7c58ad	9b93a7c5-f9b4-4461-8078-0201a725c9cf	a8db5a04-924f-4348-9bcd-24c24e2346dd	RNA	STAR - Counts	58681163-9f9d-4f74-a1bb-3a4bcb4856d6.rna_seq.augmented_star_gene_counts.tsv	4245763	a36c04c9b3f5b2f14310a3920abe82f9	metadata_candidate_not_QC_eligible
06a639d9-ade5-4cbb-91b0-a41449ce4f49	16e64a1e-08b0-4c27-8c69-fa64551f8ca4	cffeea21-61c8-4f86-b8d3-e67b019768cc	RNA	STAR - Counts	6531e137-3d23-44e7-af10-51e9cc517192.rna_seq.augmented_star_gene_counts.tsv	4222257	eadaedb72fe4b6116412cf13b59f5c1c	metadata_candidate_not_QC_eligible
06d5f913-5f62-4200-8a51-26c8fa2052b4	3a23cdb5-2327-45ac-b0b5-d4afe038c757	122aaa4f-8fd5-4c41-bff8-8a45bdfb3f81	RNA	STAR - Counts	aae80a97-730b-4180-93de-56ddbb262419.rna_seq.augmented_star_gene_counts.tsv	4252345	51b320794dc34b908d9107b6209509b5	metadata_candidate_not_QC_eligible
0737eb23-c066-4522-8f5c-dbb4b3b516b0	b86b1616-20a2-4300-8daa-03dcc9938215	43ab9d3a-9e4e-49a1-8044-280850a5cd7e	RNA	STAR - Counts	a0c9ebdf-951b-4d8d-aa79-3ff1c82342cd.rna_seq.augmented_star_gene_counts.tsv	4227073	344cd663e35a9e4746e58f3a92188710	metadata_candidate_not_QC_eligible
074b0792-df3c-4b59-9f50-793bc14bcb81	0c0b610e-fe4c-406d-a5ed-5cc3b11dabf5	ad66185f-983d-4416-b705-25d3d4d8b5a5	RNA	STAR - Counts	d832db0a-348f-4e28-953a-741192fe0826.rna_seq.augmented_star_gene_counts.tsv	4193934	14649b13fd8dd13a17a221ee244f9e34	metadata_candidate_not_QC_eligible
07562cf0-2060-46b5-8de7-d50b9d7dee5c	67fa3e41-c7c6-44c5-9e67-6bcb2715aacc	af5e9c02-8823-4c78-8238-fdc419e5d309	450K	SeSAMe Methylation Beta Estimation	efdcdbea-e7e2-49ad-b5b9-11ed9dd442e4.methylation_array.sesame.level3betas.txt	12637255	3fd17d2af9c84dcd96282c0593b96c85	metadata_candidate_not_QC_eligible
0765d9e8-0fec-46bc-832a-89945435d5b1	a815619f-dbba-469f-a1f7-dfbd51cd86c5	b08432a7-891a-41ee-a2c0-10a994d01e00	RNA	STAR - Counts	78bf9571-4145-4c0d-a61a-58a878351097.rna_seq.augmented_star_gene_counts.tsv	4248637	df8220816bbf3db26d528638d2f289fd	metadata_candidate_not_QC_eligible
0766019a-c9b7-4224-973e-f1cfa16082ac	681b1176-9676-44d3-892c-1d5dba1ce25b	9cea4206-b460-433b-bf50-29c56cb8e33d	RNA	STAR - Counts	b6ddcda9-dad4-4e70-b12a-db197a496713.rna_seq.augmented_star_gene_counts.tsv	4259546	f58855fb039b29a30fc9310bbc29613a	metadata_candidate_not_QC_eligible
076eb664-6c5a-4a85-bff6-b826405b843d	42432463-8e92-4f25-b72a-f03953527aa5	cf14428a-1964-4f11-aa9a-d60c6631c2c6	450K	SeSAMe Methylation Beta Estimation	61a6b2b4-3ba7-4446-b46a-b16ae9b6fccc.methylation_array.sesame.level3betas.txt	12956738	47df2299f64c4677ea917e7760405eb3	metadata_candidate_not_QC_eligible
07a53d2a-ebf6-4517-880a-064bae5ee972	66763a0c-6cda-4832-a0cc-e7b496d78eaa	a4d06d63-8da9-4c3c-a75d-4079c2238aa8	RNA	STAR - Counts	d20f5121-5e33-4b35-8cdf-df2eb51a099d.rna_seq.augmented_star_gene_counts.tsv	4236934	ba99497a83fd8312faf8218093ec83fe	metadata_candidate_not_QC_eligible
0841f02d-67b4-41af-8dbd-c6fe4c7f2ac2	4b22ad71-c585-4077-ad3c-c6e026d0c7fa	37599a47-3ab8-4b42-a227-270e8652c160	450K	SeSAMe Methylation Beta Estimation	7b6c12d3-c4b6-4bc2-bc0e-6a3dec90a73e.methylation_array.sesame.level3betas.txt	13184127	ed5aef0879542804f25e3ac6698b9fe0	metadata_candidate_not_QC_eligible
0869efb9-b167-45af-8b2c-67433e39baad	0c59ff96-5e4a-4664-a0b1-d057b4725483	cef2c059-5564-4d16-b57f-4bf83e2eeb95	RNA	STAR - Counts	ef19e097-8ae9-4362-b77a-76d8f5399760.rna_seq.augmented_star_gene_counts.tsv	4219837	1362b5ced69dd2236a7d183880851851	metadata_candidate_not_QC_eligible
08903226-0250-44d7-a171-957fd7a84dd3	1b110eb4-a01d-4c50-ba18-77da4dedd549	9dcb355a-c122-4341-89d7-1df471315a49	450K	SeSAMe Methylation Beta Estimation	eceddb0e-9695-4e07-93ac-5c38427db790.methylation_array.sesame.level3betas.txt	13161016	6f63e00cf7f81d36b33d3f4a7c40320f	metadata_candidate_not_QC_eligible
08971a88-cb64-4030-93e5-08d77d2ed654	d717fa33-3c91-4ced-89c6-79ff5542f04c	feec7fa2-1f3f-4cbe-a89c-df01d13a9299	RNA	STAR - Counts	978fb63c-dae9-4037-81c9-598e87341931.rna_seq.augmented_star_gene_counts.tsv	4243850	2fc7061fd638f84bc5aee8e89a793661	metadata_candidate_not_QC_eligible
08d83462-5fcb-40c6-9d44-dbc42faa4df6	cd902d08-215e-4bd0-88e4-4fd01ab43cbf	1e5c2507-a7ee-4714-afdc-08a6c0f415e9	RNA	STAR - Counts	087c2c93-d071-41e1-a2e8-a1961ba54a86.rna_seq.augmented_star_gene_counts.tsv	4267029	7e0d04eb337f163632590bbd665fabaf	metadata_candidate_not_QC_eligible
08f0f0d0-5309-40ab-aa3b-07e62a5eef2a	c497f8c7-2fb5-44d9-bc7c-69cfd0b51b54	fbce7d71-f82c-4457-a1c5-53edd05a0ea4	450K	SeSAMe Methylation Beta Estimation	46331eb7-4acc-489c-add8-150153832fcc.methylation_array.sesame.level3betas.txt	13098551	92496c8aa8301fd8c25e344bab1c3fdf	metadata_candidate_not_QC_eligible
0905662e-ae14-4807-94ef-69db108fa2ee	bcf2e591-9dae-440f-bd03-5f27c57db741	49a4f112-f32d-4b68-989b-d761767ee973	RNA	STAR - Counts	e121b871-b177-47ef-a4f1-de73cb338519.rna_seq.augmented_star_gene_counts.tsv	4230748	4620c82ab3a9282afb23736a5cf2bedc	metadata_candidate_not_QC_eligible
0913aa72-3042-476c-ae5a-5cac64b96a43	e5cb0c86-8fe2-4cfc-b32b-e8ec3839ffc4	c52909f8-5d3f-4db2-952a-8c13814ddfb0	450K	SeSAMe Methylation Beta Estimation	adda282d-c39e-4870-918d-b0c4eadbe84e.methylation_array.sesame.level3betas.txt	13135507	d9b5fd812a3b7d263f03e2dc709fbc2d	metadata_candidate_not_QC_eligible
091d2c9e-a8cb-4212-a434-7c7d4fd75f7b	ddeacccf-0953-4952-8a4e-c2617f2e7bcc	2ea3d6eb-8e72-45f2-bbcc-5561df4e7e37	RNA	STAR - Counts	26fdaa75-cea5-4355-b3b1-6b5c2c75e542.rna_seq.augmented_star_gene_counts.tsv	4239205	e0a3d0c73a4ecadaaeb67d08afd25ca3	metadata_candidate_not_QC_eligible
09296d1f-9877-438d-96d8-7b4cc52940dd	f063ddbb-1668-40df-9ec2-b0a23ca2c389	76c0adae-eef5-459e-a4c9-397d94ebfdcc	RNA	STAR - Counts	49932944-ad54-4c6c-affc-08a4b76de933.rna_seq.augmented_star_gene_counts.tsv	4217774	d9a028d0e2e6a3aff7c833c7e73199be	metadata_candidate_not_QC_eligible
09308bf5-c28e-409c-b35b-08947d469c2f	1d90c9f3-5025-4867-a2f0-e455b6a254fa	60d4bb1a-a25f-485e-8247-1ea42220015a	450K	SeSAMe Methylation Beta Estimation	e3e963f8-8581-4bcc-9cc4-818b7b775418.methylation_array.sesame.level3betas.txt	13175113	c32e233ab70696e8bae68b773cb36a2d	metadata_candidate_not_QC_eligible
0968ba09-3f57-400f-bb30-def45e6ae860	807cc7d2-6e3b-4f2d-9531-0da994eeeada	97df724f-afe1-4db4-9563-853245093fbb	450K	SeSAMe Methylation Beta Estimation	b7818e48-5943-4268-84aa-9d08776b95b4.methylation_array.sesame.level3betas.txt	13124902	b6ff783b702115563a7fb62e75d63aba	metadata_candidate_not_QC_eligible
09d18aee-6853-4254-9024-45ba7aa7b111	742e0e32-25b5-4d41-8bf5-364b571cfd93	2df58e78-c244-4e4e-9360-d1ce8943c01d	450K	SeSAMe Methylation Beta Estimation	13ae21cb-a81b-4794-9cde-0375a276fffa.methylation_array.sesame.level3betas.txt	12926518	32aa87da11ff26c81b6206acdd8c6b1a	metadata_candidate_not_QC_eligible
09f9f414-db5b-4b54-9e8e-234bf9d7c678	243c6fd6-5516-46e5-bcef-292d93d7b7d3	d1194f81-3244-41e2-a4ab-5fa0485ec6aa	RNA	STAR - Counts	81a33f6c-0195-45c5-87e7-7748838d0a4e.rna_seq.augmented_star_gene_counts.tsv	4229060	fd359929e01900197b0e1d69a3a8e4ee	metadata_candidate_not_QC_eligible
0b73f593-b6e8-4897-9b9b-f09e65e436b7	2c03141e-a0bd-4e8d-91e4-9744d139ccce	e7ed1627-7ec0-48f5-983d-09b1241c28ec	RNA	STAR - Counts	30a6ea89-8eda-47cf-b336-e070fcd08740.rna_seq.augmented_star_gene_counts.tsv	4230744	9717e87c21db6d45d57d5a02aa5b6b2e	metadata_candidate_not_QC_eligible
0b93b3dc-1a9b-464c-97ab-ff27111af519	851867cb-9ad0-4fdf-ac75-9bb0427ad440	9a91307f-a0b6-4baf-85be-95bfcf0d095a	450K	SeSAMe Methylation Beta Estimation	1ef59d3e-af9e-4a35-8e70-5203add96771.methylation_array.sesame.level3betas.txt	13179745	8c83d53cc4ee342dd923ab4441b7f218	metadata_candidate_not_QC_eligible
0c09a94d-8885-49fb-91c1-aa0ebf52386a	9e640ff7-996e-427b-b56c-519a1e23baab	d5cb5845-eb00-422d-a3d1-d3061ba078d5	RNA	STAR - Counts	f57240f6-a5e4-4a9f-81d7-b59616d865dd.rna_seq.augmented_star_gene_counts.tsv	4247849	56de3d04eb108c90826420c173cf9e2b	metadata_candidate_not_QC_eligible
0c212a58-9a27-4850-bb22-540502e893dc	5510ad32-62fd-4adc-964a-ae4e997c2f4b	ee8a12e2-8827-4abe-af6f-aa39995f6b99	RNA	STAR - Counts	57d89d75-a9bb-4bd3-af76-d29def9a9625.rna_seq.augmented_star_gene_counts.tsv	4237046	87a42acee64207ba01415d1af99e9b4b	metadata_candidate_not_QC_eligible
0cb10a2d-1f60-46a8-8f50-d62941ab09f6	bcf2e591-9dae-440f-bd03-5f27c57db741	49a4f112-f32d-4b68-989b-d761767ee973	450K	SeSAMe Methylation Beta Estimation	9d47dfb6-8ff8-4771-884f-53433f21ba68.methylation_array.sesame.level3betas.txt	13059462	96c54ab1983a546aad74d4e1bab18701	metadata_candidate_not_QC_eligible
0d14723e-940c-4cce-b4ee-88d56dc33df6	d344dae0-adf4-4697-b703-7690c13d8331	728db9f6-58b5-4270-a494-1298809f17c0	450K	SeSAMe Methylation Beta Estimation	6c3fe47a-8ef7-4e71-92ab-803ad0ec1e5e.methylation_array.sesame.level3betas.txt	13089836	c43597da71b293dfcc583e4d775ee850	metadata_candidate_not_QC_eligible
0e6fc8f1-34ca-4f3b-9d71-5a867e5efb07	09078761-1c14-4d01-8e15-535c19a9b0f9	5711ce53-0bac-4a5d-b7ba-4e1bc0c56924	RNA	STAR - Counts	4b6c958a-7e20-4b88-b30a-2406b123c8c1.rna_seq.augmented_star_gene_counts.tsv	4254329	022f28a4f04b559648f8f5f06bc13c55	metadata_candidate_not_QC_eligible
0e9c2659-4131-4274-b0b4-3e191239f5f3	82476d2d-e403-4f6b-8dd6-cc84e3329478	9ed482d9-2aea-4200-a994-107a1e88f17b	RNA	STAR - Counts	29000c50-6667-4281-a97a-5f02cb24a8f4.rna_seq.augmented_star_gene_counts.tsv	4223489	c212fbcd1096dfdda2d62f47fb9baec0	metadata_candidate_not_QC_eligible
0ec7feab-b9ad-475c-b8c0-920e24ec336f	d721bfe0-90e3-415e-b9f3-1a270efa5fbb	1aea8530-43fd-47ea-a2f1-377267dc9d33	450K	SeSAMe Methylation Beta Estimation	dc63556e-8886-42a7-af90-a29255c4e511.methylation_array.sesame.level3betas.txt	13125885	ea5e567a8e9eb5cfc379d8850031304b	metadata_candidate_not_QC_eligible
0ece8b9b-d1c3-4f03-b70d-6bc06c6f52ce	39ab7174-5707-498d-9959-523680e04198	8e690229-01ba-4158-ac60-256310bae644	RNA	STAR - Counts	a585711d-48a4-45bd-bb45-f9d2a7717af0.rna_seq.augmented_star_gene_counts.tsv	4229724	25207b9becd97f541d1aff7d828905e3	metadata_candidate_not_QC_eligible
0ef47f35-e591-451e-8cf9-864f6acb581b	8b119d1c-6d21-4bbd-8a00-12da7b97d6c4	27e4accb-fbc9-4d65-93d1-169870998203	450K	SeSAMe Methylation Beta Estimation	fcae0136-8e13-41bb-8279-b8e40b738980.methylation_array.sesame.level3betas.txt	13214388	ca669123c3cf9dbcbbf8da4f7d97d7a0	metadata_candidate_not_QC_eligible
0f01f50f-495a-455d-986d-28c65e345a80	44218b35-219c-4ad9-a01e-fde14067c4c0	b49eb906-19c3-4eb7-93f7-1c37bc85ce61	RNA	STAR - Counts	06c83065-5800-451a-84a7-7a7f352493ec.rna_seq.augmented_star_gene_counts.tsv	4243547	cbd8ecfb77292db5806d978fdb5b45a5	metadata_candidate_not_QC_eligible
0f37f5ba-3582-4c61-8c70-bf9b0ede6e71	e2b0d873-4942-4483-9a88-d5c6338d0382	66e63d23-d3e7-4c6a-b099-4000ebaf8c71	RNA	STAR - Counts	2276a330-e86b-46e1-be45-ae41d217ef66.rna_seq.augmented_star_gene_counts.tsv	4246181	a9560eb9da63cad136a7c1a21a3a743d	metadata_candidate_not_QC_eligible
0f59f51f-a4f6-40d7-b116-145053db1e85	fb79c491-7b01-42ae-8369-8364e442e31b	9c146f5d-ca52-4cb9-a64b-158593d038da	450K	SeSAMe Methylation Beta Estimation	25538bf0-3e9f-4f76-820e-575e7b5e29bc.methylation_array.sesame.level3betas.txt	12996636	311e4ce34021697946e24d5f3c718963	metadata_candidate_not_QC_eligible
1098101e-1770-4055-ae41-d6c15e1c7b90	fd5c44ef-ea50-4fba-9e8d-e371cf34ebdb	98038913-75d0-41a6-ac67-a9263f5ab18a	RNA	STAR - Counts	19853c82-c205-4af9-badd-82946eec14ad.rna_seq.augmented_star_gene_counts.tsv	4239323	53c7ca5b2ef9c8078a6174b9d92e48de	metadata_candidate_not_QC_eligible
10fabbc1-d12d-4109-8645-9df8075c2505	6bffe800-ec2b-4638-9333-97fe85dcd91c	708a8742-f6d6-411d-9340-2c6c25885d22	450K	SeSAMe Methylation Beta Estimation	3e7e77a1-6ae4-46ed-8bcf-042b2451d73e.methylation_array.sesame.level3betas.txt	13198606	4af73f80b80480405a6c8ed63fe5e2ac	metadata_candidate_not_QC_eligible
1120d776-47df-4f72-862e-427d3c44dd43	54a9cc9e-3eee-4caa-9f33-4ea64a2999ba	61358ba0-7194-40f5-b239-2ed06cbaf546	RNA	STAR - Counts	ec99ae0d-704e-481d-bc90-7b553075a845.rna_seq.augmented_star_gene_counts.tsv	4241608	62306b327ba0a501e400fd14bf90b357	metadata_candidate_not_QC_eligible
1198cff7-3fb9-43ba-ace1-11ede3ef5816	a816e355-be6f-4d16-b051-b6d86ed8cded	ccdde798-056a-4cc9-8aa8-63cf283691d9	450K	SeSAMe Methylation Beta Estimation	1fc57c52-b7bd-4fec-b974-7cc75086d861.methylation_array.sesame.level3betas.txt	13124094	a9ac8bbc5108700f40d6629f8a486f9e	metadata_candidate_not_QC_eligible
119e7a6c-7fd1-4a2d-bfdc-35cb13d39414	98ef41fa-3015-445a-bbdc-984361c911f7	cea128ca-4e69-4bf4-be47-e0481a809727	RNA	STAR - Counts	6460f151-7102-476d-b03b-fb4ea776b1ea.rna_seq.augmented_star_gene_counts.tsv	4228464	a60197ff9046416f7a5a6834377e84d8	metadata_candidate_not_QC_eligible
11ee1fd4-24ae-41e1-a008-4b046b936d0d	3e34c7d9-90fa-41e2-ba6b-4bbc332adc4e	4ddf0a0c-a1ec-4f94-b886-ad444a50be97	450K	SeSAMe Methylation Beta Estimation	95ad4734-8a65-48c0-88b7-5a2bb3a7e2d3.methylation_array.sesame.level3betas.txt	13157220	3b0fca174be0b63e0bc9ecd4881743a8	metadata_candidate_not_QC_eligible
12223162-3567-43ab-9d84-639b4af1b385	ea0b9461-0d4d-4ade-a255-1b03dd85e30e	485a7981-a812-4c8c-a288-4f5cd8a50607	450K	SeSAMe Methylation Beta Estimation	0bb7c33d-924e-42e6-a7e5-56f5b443785b.methylation_array.sesame.level3betas.txt	13187812	409c179d8f8fff7347f7158139033d39	metadata_candidate_not_QC_eligible
12272d02-341e-43a2-aa23-7232a8dde730	c497f8c7-2fb5-44d9-bc7c-69cfd0b51b54	fbce7d71-f82c-4457-a1c5-53edd05a0ea4	RNA	STAR - Counts	d4db8bd3-6f2f-4c34-a4a7-1e23342e62b5.rna_seq.augmented_star_gene_counts.tsv	4235952	295046bc13ef8d662a8ff4de95d891a4	metadata_candidate_not_QC_eligible
122bcacd-c7d2-4b71-a0e3-6dcc93230154	f809e21d-5f2e-4f3b-a1aa-d6b8d463552a	745a2adb-7096-4c8a-a830-c627ade98da9	450K	SeSAMe Methylation Beta Estimation	5ee7cb99-d660-4d32-8788-a19c2f4d7c82.methylation_array.sesame.level3betas.txt	13136726	34635caf4232a892c056573d691740b5	metadata_candidate_not_QC_eligible
127a4a5e-64d0-464b-98b4-8f5ad8912e51	58babefe-7e81-4594-ba29-50d1de92a5ab	323d4a3b-38d8-4428-9135-437a839dc8e4	450K	SeSAMe Methylation Beta Estimation	c124a015-f2ab-4eed-a4fe-6bff55f3564b.methylation_array.sesame.level3betas.txt	13151921	76169c06dd1794b28345860a1c7e1ae9	metadata_candidate_not_QC_eligible
129f7ee5-6342-4a24-9317-d52462ce6a70	7b0622ab-63ea-483f-ae40-d3ea587bdbba	fab452a2-a57a-4d63-80bc-2ad2b5a20f03	RNA	STAR - Counts	059b5dc1-45f7-4d7c-b07a-878b6db6d881.rna_seq.augmented_star_gene_counts.tsv	4227408	3d36ac641444458dae35b1bc7beed92e	metadata_candidate_not_QC_eligible
12c95903-cae1-4f9f-97c7-05ab05f4fd7f	d45aee46-838e-44af-8422-46710b3240a8	063385d8-f8bc-4268-8219-63dc2dc7973c	RNA	STAR - Counts	1205cc6a-c42f-44c8-bf1c-84ef49eaaee4.rna_seq.augmented_star_gene_counts.tsv	4242426	354d2e7bb6af24532f017206063239a9	metadata_candidate_not_QC_eligible
12f5eaa4-9f64-4465-bfa6-3d9307e9f980	656a5eb4-e4a5-4d21-a800-3586f4d6588b	8f55069f-2232-44b6-b9e8-7e12b3a268bd	RNA	STAR - Counts	2f966635-6a77-4205-9bab-df5940a973aa.rna_seq.augmented_star_gene_counts.tsv	4218314	914d8ad3782376433aefd88dc523a086	metadata_candidate_not_QC_eligible
133bfadb-ed2e-4b10-a5bf-46d31ade6dd4	4b92fce2-3772-40eb-ab34-a27937b58590	12870223-d36b-4a35-ba3d-70ed75eeab1d	RNA	STAR - Counts	d6662ab3-af1a-4e7e-a907-111e4241713b.rna_seq.augmented_star_gene_counts.tsv	4256573	4658c9ac1bc63d30ce4b7e5a7921f3c7	metadata_candidate_not_QC_eligible
134c2020-6036-4192-a47e-1be330445b49	d3ff328c-2488-47bd-8663-366b6812c7b5	7d0017c2-db42-4758-8dc4-0250ec5fd83c	450K	SeSAMe Methylation Beta Estimation	d867bcb9-451f-477f-be10-1812d9dab8df.methylation_array.sesame.level3betas.txt	13187942	bfce6d217b5f1f007349164d7cc631f4	metadata_candidate_not_QC_eligible
13f74ba9-96c5-4074-9589-3ce0e183c0e9	78ae716b-0ca5-4c01-a053-d41288385fcd	dd9c2f71-145a-4f7f-8b64-095b1fc75c3d	RNA	STAR - Counts	c649e0cf-b787-4d0c-bab6-d81f7e491b15.rna_seq.augmented_star_gene_counts.tsv	4226785	3ebf73beefd3e40a73d0bbdad01689bc	metadata_candidate_not_QC_eligible
140633c2-a8e9-4a2d-a044-082cd099ff98	52df074f-a402-4b78-9472-f8eb268efded	fdfca85d-9c11-4f55-8f43-7e4d54afdf9e	RNA	STAR - Counts	b7f29b8c-08a8-4781-ba33-5a7b6b02ad23.rna_seq.augmented_star_gene_counts.tsv	4232632	62ab2e7a471de153bbf4530d13914cd6	metadata_candidate_not_QC_eligible
147d78c4-eb89-4888-9c1d-a3a728874448	cc3d9750-7ce0-489f-86d4-8017b7ebed29	68d19e88-7fbd-48cc-a09f-55c47bfaf6e7	450K	SeSAMe Methylation Beta Estimation	5f7cdcb6-85ad-412a-9cf7-fb1083ee6d27.methylation_array.sesame.level3betas.txt	13177895	929ddda0ce93d72014f56cbf5c1783f2	metadata_candidate_not_QC_eligible
148c1368-6302-4daf-b389-2c92f5da0529	1575148b-0f63-44ee-86fd-93ae1a02be0b	aeb9e1bc-a9d2-4aa3-8cdd-cc4edbf5edf9	RNA	STAR - Counts	55e5447a-96d1-4d95-91ad-b5790392bbfa.rna_seq.augmented_star_gene_counts.tsv	4244412	2a633030c69715c42c8cb8c04e768a74	metadata_candidate_not_QC_eligible
14a28413-a0f9-40f1-af30-afb61c05aad1	f1f80dd2-891d-46dd-a3e0-f007628cb515	6614550d-d050-4b77-9cc0-1e6a7438c675	450K	SeSAMe Methylation Beta Estimation	9c87b459-c836-4e5b-b315-a2d28da69441.methylation_array.sesame.level3betas.txt	12917866	27b204d0cc7cfb02611bb05394b256bc	metadata_candidate_not_QC_eligible
14d76abd-84f2-4875-8d03-5a27b4505715	db0b9e63-4272-4f29-bf0e-1ec0fe79a9d7	7b1d8b50-f3df-4aab-a654-c3810d8d576d	RNA	STAR - Counts	56d7d6b5-33c0-4551-967c-afce1f970395.rna_seq.augmented_star_gene_counts.tsv	4230456	bb0154dc392468a8e4ee8ab354eb3966	metadata_candidate_not_QC_eligible
14da0a88-fb70-4df6-8ff5-c94cbe508c77	0075437e-ba1a-46be-86d6-9773209a2b5e	9ab03618-703c-4401-a198-e02510807646	450K	SeSAMe Methylation Beta Estimation	f66a6fe5-68ef-4d4e-890c-dd5bfcda0826.methylation_array.sesame.level3betas.txt	13189623	0f0a4790f336ca042ab7676be35547dc	metadata_candidate_not_QC_eligible
1529d8e6-10d2-4e7c-bfb1-66820434c835	0d980584-4484-4063-8243-c3cd67f6f588	6e10437d-da57-4298-b082-9d7c59d09c5c	RNA	STAR - Counts	40386f32-719d-480f-9ba7-57e1eea23b30.rna_seq.augmented_star_gene_counts.tsv	4217734	017185517e6f67b97f45eb2f0df21e2e	metadata_candidate_not_QC_eligible
157223aa-aab5-4522-8ff2-8104ea3561d9	552712d3-da16-441e-ba93-11810793d598	228443d4-e892-4ae7-88b4-a47463d4094c	RNA	STAR - Counts	e40ae18a-9f57-4069-b99f-260c93b52e9f.rna_seq.augmented_star_gene_counts.tsv	4257201	11b684d65c727ce1b971cdf37acb6ad2	metadata_candidate_not_QC_eligible
1578980e-1413-4ba1-bf6d-38d8ce2abacc	96dfa373-4597-49a5-942e-d9b4dc5d28fc	5efd5b2c-3db1-4153-b01f-8f0087d96940	450K	SeSAMe Methylation Beta Estimation	3bced54e-d59d-4b03-9259-1234c2dbb06f.methylation_array.sesame.level3betas.txt	13074903	818f99607d55a09d05c9ebf4ae725421	metadata_candidate_not_QC_eligible
15998b11-5041-4e2d-94d9-cf714c796c13	44d8c859-4b7a-4e9d-bffc-0de0e6afdcc4	1b856a2b-97be-4461-a496-279df908c30e	RNA	STAR - Counts	22d87348-bca7-4428-b8e2-2f161d77bcc5.rna_seq.augmented_star_gene_counts.tsv	4248837	3cdbc28b5bfcb065f57a3f4584ad6cec	metadata_candidate_not_QC_eligible
15a57d06-841c-473e-b89e-389f1df3504a	528a0fce-0719-4b19-a69d-3f18681696c5	5de445ab-85e8-4bec-bf61-f6b4240306e1	RNA	STAR - Counts	c812eb06-bd41-4919-8f6d-9ade00654a4c.rna_seq.augmented_star_gene_counts.tsv	4239650	321369cd62597fdbf015bbb7256a58f1	metadata_candidate_not_QC_eligible
169b5555-f64c-4bbd-9c07-af0c42ddb6aa	18478121-f1d1-4bdd-9511-8ab22f4a0660	7dbabdaa-9fdf-4a94-815a-a493b5dac4ce	RNA	STAR - Counts	da145aec-4391-4fce-b5d0-bf91065b765e.rna_seq.augmented_star_gene_counts.tsv	4230800	df198d1635dcb38030f79a8494a55063	metadata_candidate_not_QC_eligible
16dc015e-0f5b-4278-a0cb-9ae30a280161	8c695c24-e7f9-449a-9258-a1bc8a33bf9a	82c59ef8-ba24-4538-a643-e07e604206a5	RNA	STAR - Counts	d38959c4-8069-4963-8eca-0c66699df9a7.rna_seq.augmented_star_gene_counts.tsv	4259938	d6daf104acf07036686c443c01d44d20	metadata_candidate_not_QC_eligible
1860869f-ecb5-43ae-9714-328ff5748c2a	2efc156c-464a-4c2f-a854-39fefe32081c	d0bfb6cc-abc4-4b09-b668-1003f3eed1a7	RNA	STAR - Counts	b57cc3e6-9017-48b7-9de9-74fe57d9bf6d.rna_seq.augmented_star_gene_counts.tsv	4255315	a515e535c4089d239c9ec3ab7b071b32	metadata_candidate_not_QC_eligible
1876b908-e911-464f-be23-2b4eae0a43b6	15340dd3-84ae-49fb-989a-eb212f3e73da	a9d69d7e-298c-4ab6-b64f-1edc58832ccd	RNA	STAR - Counts	6efebff1-f165-415e-9001-45a782638785.rna_seq.augmented_star_gene_counts.tsv	4237227	69ab93a934179bda2077ed5915cc637a	metadata_candidate_not_QC_eligible
188e5c5b-5662-49fb-8a5c-1806d5550159	f587c9ab-2949-4410-80d6-a050865d48aa	9ce83cc4-7b9b-4ce7-98f5-5ce8a8d70902	450K	SeSAMe Methylation Beta Estimation	c304a276-af99-431a-b60f-f07ff02434b4.methylation_array.sesame.level3betas.txt	13170107	6b6064bfb34a1859da115583bf52baec	metadata_candidate_not_QC_eligible
18be89fe-3383-45a2-9c0e-b1246e88c82d	36470b30-a3b3-4d28-851b-918a7ff88011	a5d9be94-1204-49cb-8758-1505d853564c	RNA	STAR - Counts	77ca7978-5bc4-4264-8ca3-db132049c8a8.rna_seq.augmented_star_gene_counts.tsv	4264852	d70ff86e73201884a3de84fa2adfbdda	metadata_candidate_not_QC_eligible
190549e3-ede8-4fa2-9f14-91efac4798b4	d7ae8efb-aa4d-4807-9772-55b0a28ccd5c	493205f9-34b7-483b-885a-ace1e4894250	450K	SeSAMe Methylation Beta Estimation	f30069b4-0de2-4c4d-a352-16405e459edd.methylation_array.sesame.level3betas.txt	13180358	40d008bcb807e67fb0740b95c78545c1	metadata_candidate_not_QC_eligible
19bb0296-340e-4594-9a87-4134b15c7187	369f14c4-2191-4962-a309-3e23ddc4e5fc	45021ebd-8e13-44c2-8203-aa9f72b50e6e	RNA	STAR - Counts	12da2172-3304-4dad-bd80-3039e6d49de3.rna_seq.augmented_star_gene_counts.tsv	4265371	dce3133c7cd7dfbc744622005b96324f	metadata_candidate_not_QC_eligible
1a4c524e-8e75-436e-8ccf-cce6ae3d6eb3	ebb33753-9d38-4368-9033-3e55f129d00d	89850fa4-1b8c-429b-bdfd-8a92804e289a	RNA	STAR - Counts	3b5d9bee-5e4f-4afc-b297-2f072ef18a93.rna_seq.augmented_star_gene_counts.tsv	4244216	de619dd185ce4019e4c472a26b761747	metadata_candidate_not_QC_eligible
1a91e3e4-a06e-4d00-9498-797c604222f9	7e83f9dd-b038-497b-a113-a55605398b7b	754b78a3-43cd-467c-bcca-377f76b9038f	450K	SeSAMe Methylation Beta Estimation	592bc2c0-85f2-47a2-a2b7-125c74a0f5b0.methylation_array.sesame.level3betas.txt	13092971	9191e34ee71d53737c72ac4104904dc6	metadata_candidate_not_QC_eligible
1ab1279d-7ccd-4450-8de8-9987bf6627dd	ccda26c1-a6d6-4317-8cf8-8a87e15ce12e	1c79e3d0-1fdf-4157-8f58-91cb80ff7194	RNA	STAR - Counts	3d11905a-16eb-40b2-a36b-e37dca6359d3.rna_seq.augmented_star_gene_counts.tsv	4225469	4a31afd3c6898a422bb240417fa53e34	metadata_candidate_not_QC_eligible
1aff8a31-97b2-4bde-ac5a-f3a958bf74dc	9dda72ec-1698-44e2-b35c-11e9a2704380	1e39a044-eed2-4c19-9cc7-4c80d21087ab	RNA	STAR - Counts	068ba2ae-288c-446d-8d17-72445ce4f788.rna_seq.augmented_star_gene_counts.tsv	4254264	982bd67720ebee06f2f617268a1109e6	metadata_candidate_not_QC_eligible
1b1bfeb9-1a65-43bd-a51e-cbb4260dcae2	42259aa6-c9f5-4309-a956-dbf930312f44	848cfbda-c996-41e3-ad7a-474814fd3f4e	450K	SeSAMe Methylation Beta Estimation	5150320b-e1d2-4870-85aa-234f929a1d0e.methylation_array.sesame.level3betas.txt	12971027	615bcda81b0b040a1d3ba3f91acdd5eb	metadata_candidate_not_QC_eligible
1b25bc22-3fc9-4f08-ab58-368b2b62b176	ccfdad76-cc45-447f-bed8-ede8f6a8844d	08b21fc8-ce08-47c4-b715-6e34213edc07	450K	SeSAMe Methylation Beta Estimation	bf028572-783d-4ce6-8f7c-8c9c7ac6d33a.methylation_array.sesame.level3betas.txt	13164279	0207a9d68abd811b3770baed12aa365a	metadata_candidate_not_QC_eligible
1bcb7da3-a08e-4f9d-a960-fe7bdfe4222c	47b749e6-e060-4aa1-8f29-976e489ba789	9e129d06-15b7-4d89-bac0-9cb62c54dc5a	RNA	STAR - Counts	7edd63ce-c5bb-4209-b8c8-98af0fae03ed.rna_seq.augmented_star_gene_counts.tsv	4230598	be54ea976ef2973cbe4920dea64398de	metadata_candidate_not_QC_eligible
1c5de7db-7e05-4289-ace6-b59b6e2392e7	646910ee-5f5d-40ac-a21a-75790f89430a	ca71bc74-8511-48b2-a84f-6dbbd01aefc3	RNA	STAR - Counts	e0e9a0df-7052-4d42-b3fd-10ee23ceae62.rna_seq.augmented_star_gene_counts.tsv	4248454	d1837ef5ddfec327343cc413cc69aa86	metadata_candidate_not_QC_eligible
1c6bdb3f-adcd-4745-b696-002cf66a99a2	11c2e619-8aeb-4f86-b03b-78f9a8099263	7e66ee53-b64f-452e-aeb2-00f97813c126	450K	SeSAMe Methylation Beta Estimation	d169b349-f5a8-45ae-a716-b48d2dad126b.methylation_array.sesame.level3betas.txt	13103999	9e4e92702a1b20d4ab9bdb106aece88e	metadata_candidate_not_QC_eligible
1c9ada61-d900-4498-9ef1-14a91212faf6	ddeacccf-0953-4952-8a4e-c2617f2e7bcc	37a8d3a5-baa0-427c-ab43-48ae4b93633b	RNA	STAR - Counts	9e504ab4-85a0-465d-be52-0c28ed83e5f8.rna_seq.augmented_star_gene_counts.tsv	4224362	4bd120d884095948f8cc7ad075e8d008	metadata_candidate_not_QC_eligible
1d192ece-a698-4b6e-be94-b26e69462dda	501c987e-d1eb-48a9-89eb-72a5062c90b4	ee0d4640-5609-430e-8b80-3058a3f313a8	450K	SeSAMe Methylation Beta Estimation	6604179a-e7f4-4eda-b605-2466ebb57f16.methylation_array.sesame.level3betas.txt	13197674	fa410c259aa12b43d143b2f406c38652	metadata_candidate_not_QC_eligible
1d7b2b60-11d7-4803-8c7f-45fc6ce45a25	501c987e-d1eb-48a9-89eb-72a5062c90b4	ee0d4640-5609-430e-8b80-3058a3f313a8	RNA	STAR - Counts	ebf8d429-0437-4987-9bca-89e62910f168.rna_seq.augmented_star_gene_counts.tsv	4242757	46a9778d735f1b2ecce411b6ede1d919	metadata_candidate_not_QC_eligible
1d8df3eb-b059-47f7-b3fa-f4eb3f568423	e51f717f-72e8-400e-9f35-fc5dc32fdf71	97025733-075c-49a4-a587-ba54a1714207	RNA	STAR - Counts	d5388d2a-976f-4f08-80c2-14bbf4ccc753.rna_seq.augmented_star_gene_counts.tsv	4230852	c78bc982a993f9721ec0c36af5bcf7fe	metadata_candidate_not_QC_eligible
1e2233cf-4391-433c-9ef0-c215056ad02e	68b86559-38b2-41f2-b66e-c3c2b628b14d	6c206676-e511-4281-91f5-bfe91b3279a4	RNA	STAR - Counts	f3bf4152-5e1d-42d2-920e-9dfbe2e0dbc5.rna_seq.augmented_star_gene_counts.tsv	4244050	929da5bad6f59500e674e89ed90a83c2	metadata_candidate_not_QC_eligible
1e399851-bf1b-468f-a560-cd643e88c155	b256e065-c681-4f82-8b68-a8ef7c413791	11f47c9a-6435-47fb-ace2-74f29f5f3f01	450K	SeSAMe Methylation Beta Estimation	1340fcd8-c3e9-4729-a05c-680c0dff851c.methylation_array.sesame.level3betas.txt	13187236	4c199b831bbe76f0426d8cfbc8b822ad	metadata_candidate_not_QC_eligible
1eae5bce-d8eb-49da-95fe-1aac1fedfdbf	54254f5a-50e8-4150-a9b7-56a0470d2a56	ee72f78d-e5db-4c99-9034-0b5bbf6df849	450K	SeSAMe Methylation Beta Estimation	211ddb5f-0698-4001-8498-744e0707f73e.methylation_array.sesame.level3betas.txt	13185214	8c6659cf9f0147b81e0a470e9acad54f	metadata_candidate_not_QC_eligible
1f026637-5efe-48e9-8dda-cf61f958ed82	fa0c7392-d485-41ac-bf7e-244a528209ae	b307dae9-2cc8-4afd-a268-84788309ac61	450K	SeSAMe Methylation Beta Estimation	6e036fd2-ef7f-467b-b4f6-2b9cab1b71ff.methylation_array.sesame.level3betas.txt	13191034	b8b86bc2bce9d12428431800464891f5	metadata_candidate_not_QC_eligible
1f911a28-0d7a-4f57-b358-cc6277b2008b	4b7cd595-e7f9-45a8-b736-a8c7c42d9539	83973755-fa6a-460a-a042-385b34698c39	RNA	STAR - Counts	094bd5ef-b1ca-46c6-b717-2519e5a6151b.rna_seq.augmented_star_gene_counts.tsv	4243723	ea458a18f0a1b519d8c6919c5292db38	metadata_candidate_not_QC_eligible
201c0fbc-124c-4ef0-b767-393443a47892	42ca54fc-c1ae-41cd-bca1-7fe9810db460	5593f581-3d45-4a4a-a525-bfae1f4753a0	RNA	STAR - Counts	b556d35a-4855-4e56-9e02-5fc939722169.rna_seq.augmented_star_gene_counts.tsv	4225966	07045111f6ff5d322b9f02f876376ccc	metadata_candidate_not_QC_eligible
209dc9c2-3e38-41b5-8c7e-f6e422b8dbbb	a815619f-dbba-469f-a1f7-dfbd51cd86c5	b08432a7-891a-41ee-a2c0-10a994d01e00	450K	SeSAMe Methylation Beta Estimation	3ec49c77-863c-453f-ac97-c76f691e4008.methylation_array.sesame.level3betas.txt	13163447	c86a00447f3f37e2bec5bad2d608ba68	metadata_candidate_not_QC_eligible
20daa4af-7d88-42c8-9279-34372e687e5d	e0a19099-5d25-40df-ad73-6260df3a1b32	84e27f5e-ce0d-4bb7-9ae8-5b12162bb801	RNA	STAR - Counts	9446312e-b87c-411c-b9a3-a19603eff965.rna_seq.augmented_star_gene_counts.tsv	4218156	b8c63fb95772121ef09e0c404fc97c80	metadata_candidate_not_QC_eligible
21285d92-3596-4a82-91ae-a99e22479a3c	a65700c2-e58c-4fd4-aeb1-5686b8f4d212	4420aae3-3f44-4852-974d-74f155b99fe4	RNA	STAR - Counts	4f721842-9460-4376-b577-59c3731f34a6.rna_seq.augmented_star_gene_counts.tsv	4217677	d8b5726161df406be7d7bce03f7051ff	metadata_candidate_not_QC_eligible
215f38d1-a17c-4189-97f6-ae20361b0f3f	548b0b68-ff45-4d45-adbe-984259e4a68b	16094f17-9587-435b-ba5c-7f568b5dab56	RNA	STAR - Counts	fdd9f9f1-8b02-4b83-a8f6-f28f968bdf54.rna_seq.augmented_star_gene_counts.tsv	4248206	84f21fd3f40729b3bd1f00daca2e8074	metadata_candidate_not_QC_eligible
218eb2f2-24b1-4e41-9071-26ed97a2edc1	a52e99d6-a61a-439d-b0b1-ca7a0eabcb04	bf5d88da-2302-4b32-be0f-cc45638039c9	RNA	STAR - Counts	5eef868d-7c7f-42e8-aabf-ce3f75405c7a.rna_seq.augmented_star_gene_counts.tsv	4248267	df3f48d8f8402b70c03f22efc30844dc	metadata_candidate_not_QC_eligible
2281a9d6-bd48-418a-9ad1-04b06a251e47	e737f650-b72d-44e7-b750-558a56716803	2a675528-1abc-4220-a61a-25109850ce0d	RNA	STAR - Counts	36db1d28-8a10-46cc-91ef-d5036aaba9c3.rna_seq.augmented_star_gene_counts.tsv	4257756	f5b0bdb648131cc3e4480a83fa5ccc2e	metadata_candidate_not_QC_eligible
22c71ffb-80ca-4fba-9ddf-00ff38e52192	46592b7b-6968-42a6-83af-0917c9f4a9a5	c0a8c73c-35ba-4724-b13a-9a9986af36c0	450K	SeSAMe Methylation Beta Estimation	987a3b26-c62a-4fad-a916-4634032d2a52.methylation_array.sesame.level3betas.txt	13161106	29e5516c3a06622f49ef96bebe377ab1	metadata_candidate_not_QC_eligible
22cae278-eb88-4685-9ff7-667e53b50a34	9582b436-145b-4f84-8f7f-8b39b8254cc1	5e686ec3-9100-4153-9a90-8b7fb8d4ba0a	RNA	STAR - Counts	e0dabde8-1dd8-4aa6-9f23-51dc22fc2cae.rna_seq.augmented_star_gene_counts.tsv	4257692	27dc15ea77c9cb87d973c3011e549d6b	metadata_candidate_not_QC_eligible
22ce762e-783e-455a-bb04-fa95a0c4b1d2	ba49117e-dab6-4e7d-bc44-f11dcafa1318	d69112ac-842a-4ac1-82be-af6fac624ca4	450K	SeSAMe Methylation Beta Estimation	fb46eff2-33da-4061-bcd9-9b13508bbce8.methylation_array.sesame.level3betas.txt	13007727	70509214bacfe97368fb01dde399bc5f	metadata_candidate_not_QC_eligible
231aa983-3ef3-476b-bdb3-bab9d66f71e6	54254f5a-50e8-4150-a9b7-56a0470d2a56	ee72f78d-e5db-4c99-9034-0b5bbf6df849	RNA	STAR - Counts	fb870a60-4b6d-4e83-b366-bdaaca72f205.rna_seq.augmented_star_gene_counts.tsv	4247624	6ecb2809791c9ae0e4970fad5f87a73d	metadata_candidate_not_QC_eligible
23262c50-eb20-4a21-8342-de9ed0ed2a95	a52e99d6-a61a-439d-b0b1-ca7a0eabcb04	bf5d88da-2302-4b32-be0f-cc45638039c9	450K	SeSAMe Methylation Beta Estimation	aacbb9f4-a294-41e6-85fb-f1621c0846af.methylation_array.sesame.level3betas.txt	13132154	78b77ef87529506947f1dbdca6c8be98	metadata_candidate_not_QC_eligible
2389690f-a6b7-4cf5-a0ea-b4ee86359e65	37c8d73a-45ae-40fc-ba9a-721b755c1160	d23900e0-0335-429c-b9b6-16fa06740f92	450K	SeSAMe Methylation Beta Estimation	a4144e04-d452-4f59-992f-b5aae0f33ca1.methylation_array.sesame.level3betas.txt	13197907	66eb46957281a2943e8b06ec3ec7f1bf	metadata_candidate_not_QC_eligible
239c91a5-3b03-40eb-b229-2434bbd65ecd	3afa5045-a1ee-4a07-8aad-2e252b2f7d7a	8fa41683-e16d-4f46-a3db-672c9f1b7823	450K	SeSAMe Methylation Beta Estimation	32826e20-bca9-438c-9993-023dc91d50d9.methylation_array.sesame.level3betas.txt	13151254	b99d05c9da966ed792bf41e0b9750d73	metadata_candidate_not_QC_eligible
239d18cb-2886-48a0-9a3d-76558819dabd	b2285924-9813-4f46-bb8f-91a0efd8a9b6	fdbfdf52-c0cd-4fbb-a910-b747516dfef4	RNA	STAR - Counts	764d71c7-f003-4cf6-851e-1587f12b4a69.rna_seq.augmented_star_gene_counts.tsv	4253354	3f42cf8368155d7d284313b44e60a1ba	metadata_candidate_not_QC_eligible
23ab7447-ba7a-4947-bacf-2c0b209b38cf	1fc81cd4-fa89-4135-8c3c-027ffae82b05	597d38ff-839c-4fe3-b889-efd0f680b715	RNA	STAR - Counts	e89ecf81-4892-48c8-be13-926f92d5ec97.rna_seq.augmented_star_gene_counts.tsv	4231458	0ed3b7ac747cca1ba51081f22c1cf742	metadata_candidate_not_QC_eligible
2412e402-e018-405f-9ece-fa9169c9afa4	b8b5ed35-b299-4c1e-9226-5ca055dc7a43	b4cff170-45a5-488f-8dbe-07e934f683d9	450K	SeSAMe Methylation Beta Estimation	6c03035b-f309-48e6-99c1-9c5a7ae8e28c.methylation_array.sesame.level3betas.txt	12859733	b8e59f251ef65ecf4db4186ffeb6df78	metadata_candidate_not_QC_eligible
242a2880-95da-453f-892d-fafd49a4865e	0ea4920f-f4c8-4590-84b3-eb419824e144	cc72dc0d-9c39-4217-b5cb-8cad390d7e86	RNA	STAR - Counts	9301f86d-9d6f-4aa6-a640-a543b5aea5db.rna_seq.augmented_star_gene_counts.tsv	4261912	db04ade49f3788d672b6dee1d122c3e7	metadata_candidate_not_QC_eligible
244c4877-f7a2-48f5-953b-2651e2c143c6	ad74c0e8-8878-4efc-997d-981cd547bc5b	05c6aeef-ef6a-4176-b283-68def74d13ae	450K	SeSAMe Methylation Beta Estimation	e10fd8a0-cb8d-4dd8-b782-e3be46fa7e5e.methylation_array.sesame.level3betas.txt	13147273	14e67ddb4b85a7086a6112490765ba33	metadata_candidate_not_QC_eligible
249b6388-cdcd-477a-9461-cf0e41146230	54480f58-7e63-4aed-a116-c2c2252e8364	c70ede8e-5761-434c-af09-8315bd688cd4	RNA	STAR - Counts	6200626d-556e-400d-81f4-e397ce49585f.rna_seq.augmented_star_gene_counts.tsv	4233610	c065c6c3f335c1e1fab9679aba836eed	metadata_candidate_not_QC_eligible
24fa0c9f-c679-486d-846a-66fbc8d30b0a	035c0b2b-c722-443b-8962-db4ee92c7532	f8a79bdf-6b97-44be-9cf1-b51faeca5d63	RNA	STAR - Counts	32248a54-89ad-43a3-aa20-1c1897cb0054.rna_seq.augmented_star_gene_counts.tsv	4258725	01bfbc4564724c456574a17a4da19615	metadata_candidate_not_QC_eligible
254bed99-398d-4c34-a804-67516d257e70	cbbea9f1-396a-4bf3-b67c-2cac3394dceb	5e04d394-7a40-4e89-ba20-892774dcb469	RNA	STAR - Counts	c63de407-f025-4939-9633-6550724be88c.rna_seq.augmented_star_gene_counts.tsv	4210733	82f16f580abc01b23457c00bbcd85eb4	metadata_candidate_not_QC_eligible
25857230-7253-4929-a790-90815194b213	67a2bc21-7c87-4678-997d-a434de672436	42395277-99e9-40db-8fae-b91681b9fd4e	RNA	STAR - Counts	b6e9752c-ad52-457d-a37c-78ffb7ddc520.rna_seq.augmented_star_gene_counts.tsv	4242305	a4f53cf3e7f9f8af8b7f339c48a83732	metadata_candidate_not_QC_eligible
25f44be3-2e4f-4121-ac23-21bd3866dbce	d94fe32f-bedd-4f4c-9feb-fcb60d40f4bb	7a03048b-58b6-4cae-b143-81c0a4977ac6	RNA	STAR - Counts	e62d96e9-3e79-4eef-9e5e-568a48dd737b.rna_seq.augmented_star_gene_counts.tsv	4272092	3060c8a23e9334d28c758f13f50b9c5c	metadata_candidate_not_QC_eligible
2656960b-8f6a-473f-83c2-39509e95f2f5	114a34c0-983b-4d90-9181-1823c9637a63	fbc17626-365c-4be6-b3a7-d282e7c19236	450K	SeSAMe Methylation Beta Estimation	3842c6ca-cbc6-4255-8434-1c056ed80ae3.methylation_array.sesame.level3betas.txt	13175169	f60695aa9de885585de5ed2b40e7aae7	metadata_candidate_not_QC_eligible
266d2f25-bf17-4969-b5ee-c6e35314c63a	81a0b2ff-a3d3-41bb-9ce6-765e6ae894af	29152789-d08a-49d2-87b2-2e2ea8ff6573	450K	SeSAMe Methylation Beta Estimation	2c1c9d79-2387-4ba1-bdb8-b2f86dd87f54.methylation_array.sesame.level3betas.txt	13186143	bfcad5cace96b20d9eec8c3bddd7544e	metadata_candidate_not_QC_eligible
269a7c8d-f4d6-4f1a-a85b-874934f214b9	009be09b-f9f6-43b7-8f45-4a648f8123ce	e4cb66f4-e847-40bf-af14-20a3867a1c35	RNA	STAR - Counts	75eaaf2c-7cd9-416d-88c0-7c5502db9ab5.rna_seq.augmented_star_gene_counts.tsv	4216676	2fd721554185bc4cff98277c0b4138a5	metadata_candidate_not_QC_eligible
26c96b62-02b6-4108-9a2d-bec3d880db2a	54a0e4d7-c274-4569-9c25-45bbe26d7f21	168a4a36-b73d-4c17-aaa4-1e4824a155c2	RNA	STAR - Counts	b573a788-d117-48b0-9cab-c4ecbde82706.rna_seq.augmented_star_gene_counts.tsv	4254025	660142b9835fcffcba5185caba0fb9c0	metadata_candidate_not_QC_eligible
26ea6a31-ea33-4bb9-814f-c0840dafe69e	9b4eeecb-6aff-435b-a244-ec362af92b7f	89aa7c0e-a004-4338-899b-b99728889969	RNA	STAR - Counts	09728f38-787f-4868-b28d-8cf6afa3c71b.rna_seq.augmented_star_gene_counts.tsv	4230098	aaf8cfc5d793ce80ece61c7e168c55dd	metadata_candidate_not_QC_eligible
26fe9119-2dd8-43d6-878d-90a6a99c8295	54480f58-7e63-4aed-a116-c2c2252e8364	c70ede8e-5761-434c-af09-8315bd688cd4	450K	SeSAMe Methylation Beta Estimation	67ae52b9-292d-4ac7-afa7-b93fb5cc97a8.methylation_array.sesame.level3betas.txt	13152765	8d15cb5bcf88e4a8cdc96a6d62a2a51a	metadata_candidate_not_QC_eligible
270a13b3-158c-4251-8c6a-5bc5275e0ebb	345aef28-d49b-491b-a337-b1ac55c37d35	b572a3ea-e568-49db-8e35-a80f4a6d82e9	RNA	STAR - Counts	8da65700-04c7-444d-826e-ec2e692b257b.rna_seq.augmented_star_gene_counts.tsv	4249135	f8a4993be2110f354fde8c4ce7919eb1	metadata_candidate_not_QC_eligible
27450388-ffc7-4812-b5b4-9819b0a74a0b	f3f024c2-52f1-400e-946c-398f5b72e6dc	91719392-76ce-479f-ba05-e43bf0201cc4	RNA	STAR - Counts	7b07706f-a1b4-4f18-a276-0822b578cc40.rna_seq.augmented_star_gene_counts.tsv	4226093	0647cf8783a26fa5ca57eaaefedc2b3c	metadata_candidate_not_QC_eligible
27884724-a2c0-4b3e-921a-54e5f8bf1faa	7be86a90-6da8-4c01-8a7a-bc5cfef9894f	d342edd9-680a-40d4-bb18-9cd7810bb052	RNA	STAR - Counts	59578e5d-b76f-46eb-b5d9-7c90b8a9dbe4.rna_seq.augmented_star_gene_counts.tsv	4249057	a1a6000c45577f0663c459d0900d088f	metadata_candidate_not_QC_eligible
282d4112-95df-47a4-9242-fc4967b78962	a8de1beb-6296-44eb-bd63-c603f70faaf3	556bb046-bd81-4366-a167-e86d991ee732	450K	SeSAMe Methylation Beta Estimation	8fa4cdef-839a-4fc3-a901-b7908992cd71.methylation_array.sesame.level3betas.txt	13088563	f016921e55dc3b3fa2bf40c4d2ea9d28	metadata_candidate_not_QC_eligible
28d583a7-0eb8-4934-967a-7d974c02d391	9a63f744-4ed4-4b4d-aac6-f9bda66aa563	d845174b-1a04-4d22-b34f-c48d7ae35233	450K	SeSAMe Methylation Beta Estimation	060bd43d-6e1d-4009-89b3-00228dbb3270.methylation_array.sesame.level3betas.txt	13153594	32286bdf2ef24fdf434aabcb52f664ef	metadata_candidate_not_QC_eligible
2963ba0e-cd13-4a95-98a8-445f65cb0f15	7c4ed533-ee66-48be-a84b-ff8607742818	07b7f665-383c-4cf0-a677-52bce36a674c	450K	SeSAMe Methylation Beta Estimation	eef0a910-7a0d-48ce-966d-103d43313e28.methylation_array.sesame.level3betas.txt	13172753	9d141930fe503a2d56d1a2929e6b1105	metadata_candidate_not_QC_eligible
29989738-5991-449f-9ac4-a24ba19b9e72	a250a369-e536-4a18-b7af-2911133d7bdc	48257830-1c09-4bb6-b7a4-3dd3049a42f7	450K	SeSAMe Methylation Beta Estimation	d2b2c8d0-e1e0-4b69-aa53-207f0db6d471.methylation_array.sesame.level3betas.txt	13157291	0e194df7823ef62ea2255fb622964d50	metadata_candidate_not_QC_eligible
29b265aa-8ee3-4a9f-87bb-44c00ecbcd9a	397d3f69-1453-4057-b177-8723eec923d1	84cb5264-6158-40ec-8b65-f96a4a7d6ce4	450K	SeSAMe Methylation Beta Estimation	8a99d76b-19f2-43c8-bf27-159b3e33672a.methylation_array.sesame.level3betas.txt	13159888	cf4e469f894dc87a515a75fda42ae0cf	metadata_candidate_not_QC_eligible
29bb005f-53d0-44e6-8626-d6bbe0dba8be	0df573ee-28f0-4244-b434-09e6ca59fbf0	b0410cd6-693d-41d6-9dad-d1b1c30bf5cb	RNA	STAR - Counts	d53203c7-5070-455b-aec3-ce01f32186de.rna_seq.augmented_star_gene_counts.tsv	4235128	6fb070522dad7bdec32689d09a192b0d	metadata_candidate_not_QC_eligible
2a2fbe3a-d860-48cf-9159-58a97989ffcb	e0a19099-5d25-40df-ad73-6260df3a1b32	84e27f5e-ce0d-4bb7-9ae8-5b12162bb801	450K	SeSAMe Methylation Beta Estimation	3a29a1a0-476b-4e6f-83da-3d8ee4ebae34.methylation_array.sesame.level3betas.txt	13170330	8493a993309a66cab7ab2db7773d98f8	metadata_candidate_not_QC_eligible
2a618451-5bd2-4c4b-a4b4-376281cc5f43	01e9888d-b5b9-48f1-8ba6-8a89af108a04	5a6826b4-7926-4378-86bf-76c028508b3b	450K	SeSAMe Methylation Beta Estimation	06dbda1d-0ce0-45bb-a94c-7a137e5411bf.methylation_array.sesame.level3betas.txt	13174310	6726f83917a3d0e83eb534359f94ab3f	metadata_candidate_not_QC_eligible
2a7831f2-aa57-4e6f-92b3-0a7a727d5637	2cd8ea73-cb3f-4b17-9b97-fa12eb03b85b	5d0ed8d1-6e84-4f6c-8e0e-0317aa8b0e3f	RNA	STAR - Counts	cbdf1edd-a8c9-4fc8-88ee-928f01abae34.rna_seq.augmented_star_gene_counts.tsv	4242648	023d4ff2fef18979b47a6b5585f3dfa5	metadata_candidate_not_QC_eligible
2a98ed4b-50de-40e8-96e8-73108b6634ba	cd9e70e4-8622-4a07-8646-63f8275c1737	21483940-2c8f-411d-b36f-fb927cfbd6d4	450K	SeSAMe Methylation Beta Estimation	65dc48db-d8d0-465f-a6cf-590e53eab3e0.methylation_array.sesame.level3betas.txt	12656216	f17d37acda8b54a7f195e489a7e7dc51	metadata_candidate_not_QC_eligible
2a9f6775-bb04-4262-9eb2-d64a8e027010	63bd2175-4b7c-44c9-aef3-9efc8f79837b	fbc90b42-7d26-456b-a166-41993a1d3f0d	RNA	STAR - Counts	4564496a-31da-4537-abe0-5b3f2455ed13.rna_seq.augmented_star_gene_counts.tsv	4217797	cfbc230d887e8a78009a208db0c503c2	metadata_candidate_not_QC_eligible
2aa8a738-2ae6-4c7a-83ce-337fd3419e75	108a71cf-b9db-47cd-aa74-c03ec989b41b	bc0fe45c-3249-46d7-8991-c6888f0b9579	450K	SeSAMe Methylation Beta Estimation	af7c8efb-d4db-431c-98c0-3734d75712a2.methylation_array.sesame.level3betas.txt	13159817	243c8aa4a0a4d273b198e3f88802a32a	metadata_candidate_not_QC_eligible
2ab0f01f-2f66-4489-9de7-2a0d61b6ea04	3daebe75-c6df-478e-8a4c-11186fd5ead9	e88b670d-57af-4001-a9f3-0e13496b426a	RNA	STAR - Counts	4822db97-46d7-4302-bef9-63086b777e9c.rna_seq.augmented_star_gene_counts.tsv	4245788	6ce1dc70e3830a2b4dd0ad2a6c0b55ed	metadata_candidate_not_QC_eligible
2b3686a0-76cb-4704-b290-c863de9d8b63	4b7cd595-e7f9-45a8-b736-a8c7c42d9539	83973755-fa6a-460a-a042-385b34698c39	450K	SeSAMe Methylation Beta Estimation	3ce157f3-a110-4c43-94c4-a07ebf8d8ba4.methylation_array.sesame.level3betas.txt	13185130	6d477baa3f3193a26cf953e3ba1e2406	metadata_candidate_not_QC_eligible
2bbe47a1-f055-43e7-94d3-06aafb5af6e8	7b9479ff-23d6-4689-91f0-02efc94300f9	ba172f1c-7e94-41e6-8078-41079b8eeee8	RNA	STAR - Counts	4f8b284e-7e42-45c5-b7cc-57cc678ec3df.rna_seq.augmented_star_gene_counts.tsv	4240703	ff5dd71ceb95be5107ecbf1b2ef3f202	metadata_candidate_not_QC_eligible
2bf191f1-b880-427e-996c-0e75df13d738	ccda26c1-a6d6-4317-8cf8-8a87e15ce12e	d2198941-e96f-40bd-9fbe-82886217d5db	RNA	STAR - Counts	33e0a8b2-3e7e-46da-b5ef-76463308d3b9.rna_seq.augmented_star_gene_counts.tsv	4249593	ef0b2d0588b1848278ab06a7ef22b37d	metadata_candidate_not_QC_eligible
2c0787b2-39fe-4007-95fd-69359ee2f424	bd4e9a9f-17f3-4d33-92fc-fcc45dd0e7b4	3e88613e-9b97-4dbc-a052-b6dfe8c09956	450K	SeSAMe Methylation Beta Estimation	d7e3478b-7126-4e40-af10-39f2bfd5c718.methylation_array.sesame.level3betas.txt	13185116	c641a5b4464242163d6100cbe8def1d3	metadata_candidate_not_QC_eligible
2c81c69f-e08a-4586-b3f9-33d4af417d1f	e01e4fb3-236a-4d16-9073-555876b688e9	1c0bc537-7eb8-4bbf-b7bb-cc8e0e610277	RNA	STAR - Counts	2a05b2c0-f94d-4c07-889a-def7131895bd.rna_seq.augmented_star_gene_counts.tsv	4236318	f85e0931c72e5c305094f162a75fbeda	metadata_candidate_not_QC_eligible
2c830ceb-c805-4410-b40d-115f5149f417	2a43e61e-2151-4c5a-b062-74ce9dfd8d4a	ef98c575-44c9-4524-8754-45250f60a5c8	450K	SeSAMe Methylation Beta Estimation	7aa09ce4-8373-40b0-a4d1-148e4eaccd55.methylation_array.sesame.level3betas.txt	13129170	54693972d0bdd56b267b7773f88cd6bb	metadata_candidate_not_QC_eligible
2d8000c8-134d-4f11-a574-f8a892b6a0ee	c583fdd1-8cd2-4c15-a23e-0644261f65da	8010b0ae-f003-491e-aa81-36a9dff7de96	450K	SeSAMe Methylation Beta Estimation	ca328e3e-813d-4f13-b864-c7eafe66a611.methylation_array.sesame.level3betas.txt	13158337	d31c7b9744d9cd089a654d42e8f60328	metadata_candidate_not_QC_eligible
2d9f2bcc-d44a-4d89-9900-fceec6790df0	9cfc1519-33e7-4145-a4ad-78b5c449853a	6023ee7e-e392-4f33-a781-7af6bff1a403	450K	SeSAMe Methylation Beta Estimation	a4992c3e-487c-401f-aa54-66c72fd1b0c5.methylation_array.sesame.level3betas.txt	13140115	c3f671f028726382603f929fa448e7aa	metadata_candidate_not_QC_eligible
2e0c7cfb-2794-4c86-b43e-8215c39186d8	722d6818-f1cb-49f4-b68a-fd0a31304681	07c1fce4-ec48-47a4-8391-e553936b67f2	RNA	STAR - Counts	882d1be3-1f82-41e7-8538-1ef513efef32.rna_seq.augmented_star_gene_counts.tsv	4264467	35491666b4f49853c1524df9a52c2418	metadata_candidate_not_QC_eligible
2e172f0b-7992-42ba-8349-b65fa12b6126	bf755bc2-b7aa-4c3c-8b3c-58b089b5cab6	88c65791-1a9c-4121-955a-9bd5ed1b0bba	450K	SeSAMe Methylation Beta Estimation	b7a431d1-1218-4385-886b-29e74605381c.methylation_array.sesame.level3betas.txt	13038457	72c510a78697958b38e1c1d7849d1033	metadata_candidate_not_QC_eligible
2e2eb2df-d002-49ac-86e7-5ed33e9eabf3	11c2e619-8aeb-4f86-b03b-78f9a8099263	7e66ee53-b64f-452e-aeb2-00f97813c126	RNA	STAR - Counts	131c0149-e810-4004-97e0-6c8a4aa9049d.rna_seq.augmented_star_gene_counts.tsv	4244383	c9ad67e843621907d9ad9c8db7cebbc7	metadata_candidate_not_QC_eligible
2e5071ce-d8cf-46e5-9cc0-91353f0d643c	69dba721-a168-47a4-b7ff-80a448bad654	356e0f37-c095-455e-b3ea-252afa34806e	RNA	STAR - Counts	22002e84-1d7a-4f93-9934-9d74f45195c0.rna_seq.augmented_star_gene_counts.tsv	4236416	c99f1da70059109c99a915d088f2db92	metadata_candidate_not_QC_eligible
2e8682c9-4af6-4579-800f-6a77369c6aa3	c6b680e3-d96e-4fc7-8053-77454b7a14fa	3d39d81b-c341-426c-b979-560c429b3af2	450K	SeSAMe Methylation Beta Estimation	1242aeeb-e24a-4bdc-9f7c-62decc962ee9.methylation_array.sesame.level3betas.txt	13191390	ef8ca10b14d84e1b30e69dde1876ebe1	metadata_candidate_not_QC_eligible
2f2cc9dc-1d0a-4302-b674-02d56c259ff3	6c3655ca-8ae7-4ad7-b3e4-0c3ec293fba7	185bc9bd-1e20-467c-9c06-908c8aa27e7d	RNA	STAR - Counts	8dc8ccd2-a842-4a48-a8db-007855733fc0.rna_seq.augmented_star_gene_counts.tsv	4222485	2f611c504c268ded62d5f6fb8ae9b629	metadata_candidate_not_QC_eligible
2f36af7c-4d6a-4040-a622-e307157c5e41	fd3fc273-c035-40ea-a459-ff4806f5d592	252c5d60-7033-44c3-8ab5-4604670a80f4	450K	SeSAMe Methylation Beta Estimation	76b23bc4-560f-4653-b264-0ea986f497c2.methylation_array.sesame.level3betas.txt	13193125	b8a4c187d81221e6e69dccefdcf7e44a	metadata_candidate_not_QC_eligible
2f6e63bb-17bd-4b53-8666-45c7159aa1f4	4d51ee44-e6f4-4bcb-be28-e9df54b39a8d	53a420fd-6e31-46ee-8ac6-b383f4305cd2	RNA	STAR - Counts	25212f64-8017-4b93-b171-10a830558566.rna_seq.augmented_star_gene_counts.tsv	4254049	3021a5584b5e58dd72257014c2898f85	metadata_candidate_not_QC_eligible
2fa40914-d149-4f67-aa78-64723258314f	99c35245-e1c8-4805-b7a5-f703bb506030	a6db405d-97ac-4a86-880d-d81838caef14	RNA	STAR - Counts	e0819bee-5642-4297-b6bb-70e41d54ee8c.rna_seq.augmented_star_gene_counts.tsv	4238974	1e1db517b57d7edb72b56e62f6522d52	metadata_candidate_not_QC_eligible
2fb23eea-c5de-49d0-9c50-95038fc7c157	54e90433-5218-4d83-848f-f995ecba2a63	b8f9acbf-0e4b-4967-a11b-7234b6cf83e0	450K	SeSAMe Methylation Beta Estimation	907ee112-fb3c-4002-9795-7d60ef6eb4fa.methylation_array.sesame.level3betas.txt	12978211	212f6dfc0630dd571d9e1f29d515a349	metadata_candidate_not_QC_eligible
30253107-9860-43d3-97a5-e5b19bb2d5e3	5134c56f-8286-4ec8-8348-237cee7dad5e	500910ea-f0c9-4ed9-a2c6-510f92c36e7d	450K	SeSAMe Methylation Beta Estimation	60295882-2636-44a0-abea-b351bedc387d.methylation_array.sesame.level3betas.txt	13136478	d3b5bfa8379e3279bb4fe9855cda05a9	metadata_candidate_not_QC_eligible
306febc7-f9b2-493a-9520-b9700d0f3e47	c583fdd1-8cd2-4c15-a23e-0644261f65da	8010b0ae-f003-491e-aa81-36a9dff7de96	RNA	STAR - Counts	04c4affd-ca5d-4ea4-95d1-a6502e80d1af.rna_seq.augmented_star_gene_counts.tsv	4247685	2f1039985e94678936c051c4119da1cd	metadata_candidate_not_QC_eligible
309f2a01-dbbd-42dd-87ac-bfd688fda6d4	1070ff27-17c9-43dd-a4f6-daa643eb9123	8950ac53-1f70-46bc-a094-ec946e6e3a78	450K	SeSAMe Methylation Beta Estimation	65a3c8f3-0fa0-4db6-9d93-1611f8351845.methylation_array.sesame.level3betas.txt	13189252	80f8c64afba2a1525de78fe790a53357	metadata_candidate_not_QC_eligible
30e51b69-6778-4125-bb18-86694d42a6e9	d3e23815-7f9d-48aa-9aef-3a1dd9d464d7	ddbe2867-b02a-45d6-8514-921eaf6074ea	RNA	STAR - Counts	8bd7c2cf-7960-46ca-9373-1c19557dd0aa.rna_seq.augmented_star_gene_counts.tsv	4241149	f342cff10b7d2c71e57a90c5a91855f9	metadata_candidate_not_QC_eligible
313f5ae9-bbea-41d6-82d5-9242b2610d91	61c655ec-52b5-453f-a6cc-b2aba445b027	5ae9b10f-347c-48c3-90cd-9290055cfe4b	RNA	STAR - Counts	39af4940-aeba-4d26-96fc-68da8663bc81.rna_seq.augmented_star_gene_counts.tsv	4238643	44d2499fce7ad138505df55418394a0c	metadata_candidate_not_QC_eligible
31cf1f8f-5e24-46ad-9e3d-328350799525	ddeacccf-0953-4952-8a4e-c2617f2e7bcc	37a8d3a5-baa0-427c-ab43-48ae4b93633b	450K	SeSAMe Methylation Beta Estimation	5181ca17-d9fd-4863-973f-068d9c82afcc.methylation_array.sesame.level3betas.txt	13184979	e5a53f1a375ae9112edf85e285a700a7	metadata_candidate_not_QC_eligible
32046abb-8476-4e4f-8090-1ce003107490	97831d28-ab41-4c18-bfc2-c4c6bc757d13	96a05d4b-3731-4b98-b38f-a6b33cd6ed96	RNA	STAR - Counts	905e32cb-a5bd-46a4-ac0f-32585e042695.rna_seq.augmented_star_gene_counts.tsv	4243351	43f5599ac6d7d205ec1dab3485e9319b	metadata_candidate_not_QC_eligible
320660cd-100a-4f5a-a604-4de3ced7f042	4addf05f-3668-4b3f-a17f-c0227329ca52	80f196fe-1eaf-40cb-ab58-c84795acc5c7	RNA	STAR - Counts	258b0b5e-2b09-4378-9606-83955ca19d7c.rna_seq.augmented_star_gene_counts.tsv	4249973	3a758779c173708b74d410af19c25e8e	metadata_candidate_not_QC_eligible
3276026d-d3cd-410e-b949-d2fee8896dc5	e68219b0-a9c2-49df-8f0d-db5ea97fd2dc	8d9491e7-9b14-4988-8fa7-e6af041120bd	450K	SeSAMe Methylation Beta Estimation	3adf4d47-78a0-4f38-86d7-26cea5a7f8fd.methylation_array.sesame.level3betas.txt	13068925	7bd8feca9b9a62f31516d40c35f8ba47	metadata_candidate_not_QC_eligible
32876f27-f304-4be0-8881-f9842a9fbb67	ea0b9461-0d4d-4ade-a255-1b03dd85e30e	485a7981-a812-4c8c-a288-4f5cd8a50607	RNA	STAR - Counts	e8ea2e59-65dc-49c9-b6f3-b9335185390d.rna_seq.augmented_star_gene_counts.tsv	4234856	34c30f39f393a6132d290119e8b092cd	metadata_candidate_not_QC_eligible
334cc9fa-3e9b-4462-b84d-dc595e89d537	ff07ea4b-4e50-410d-99d6-96a351dad7b1	ccfec92a-3843-4e73-9f83-746d9b2df60c	RNA	STAR - Counts	49acc5ad-6a61-41e1-9acb-4260e932a184.rna_seq.augmented_star_gene_counts.tsv	4242279	3f0751b58efdb8a96a158b5d8ae5b61a	metadata_candidate_not_QC_eligible
3361d7bc-344b-44b2-97bd-ac0dc79b221f	9944f46f-9fa8-4e2c-a806-776bec7f8803	21b2f32e-ccea-4b20-86d3-6647e99825cf	RNA	STAR - Counts	56afb18f-7fdd-4672-be59-4d3a03b806de.rna_seq.augmented_star_gene_counts.tsv	4228505	b0580f5383836d0a4eedecbca2afcc18	metadata_candidate_not_QC_eligible
3362c701-3af3-4947-983a-6039b67d1526	c0e263eb-1a83-4dc8-8abe-3dd2a59bae1b	3e8b8c83-55c0-43f7-a4c1-24386b6f4f3a	RNA	STAR - Counts	fcfff41c-378f-49e8-b416-ccd1b9d8b4b4.rna_seq.augmented_star_gene_counts.tsv	4221810	997bb80dda476a020c122e040ca3e2c5	metadata_candidate_not_QC_eligible
33676ff5-8b4c-4b69-a619-073416300d94	5c266025-e590-457c-af86-4c2dc9797267	aafb0ebe-3fde-4cfb-a560-11e85e839dcc	450K	SeSAMe Methylation Beta Estimation	ad25c2a9-321f-4d70-8f64-5493d951261b.methylation_array.sesame.level3betas.txt	12906917	ffc69158aee16c5ea69e7fbb56108c38	metadata_candidate_not_QC_eligible
3378f382-da1e-46d2-8451-07a1b04d0c1e	9b132e4f-7e35-4cc5-8711-43ad62b906d0	0791e7aa-e97c-4dd0-9615-09ec7090f684	450K	SeSAMe Methylation Beta Estimation	55b57af8-90ff-4f08-9743-d9ec61103419.methylation_array.sesame.level3betas.txt	13148340	4ccc7ca401b8ff7757a6f9a4067e84dd	metadata_candidate_not_QC_eligible
339bd730-57ec-494f-b219-745cdc8d86d2	035c0b2b-c722-443b-8962-db4ee92c7532	f8a79bdf-6b97-44be-9cf1-b51faeca5d63	450K	SeSAMe Methylation Beta Estimation	0efc7c98-28eb-46d2-8aa5-2e3ff5d04d09.methylation_array.sesame.level3betas.txt	13164022	d7ff6a078a2ca0e8298eb09f8729bbdd	metadata_candidate_not_QC_eligible
33a4f22e-973e-4f8e-8cd1-51ae4175aadb	bebd0025-74e2-451b-93b3-86f82df43573	3e11762a-faf0-489d-8985-8ede2ccabd76	450K	SeSAMe Methylation Beta Estimation	4a914c49-1f6e-4e63-97ec-26bf78446786.methylation_array.sesame.level3betas.txt	12931209	23998dbf3860b88d8d5d37e55ba1949f	metadata_candidate_not_QC_eligible
33bc12b9-6dc5-4f1c-9bf4-6cdf36234f26	e51f717f-72e8-400e-9f35-fc5dc32fdf71	97025733-075c-49a4-a587-ba54a1714207	450K	SeSAMe Methylation Beta Estimation	7a1590a8-ddc7-4aac-802f-f8b871204341.methylation_array.sesame.level3betas.txt	13186653	8f24babee56abc462a81924c04febccc	metadata_candidate_not_QC_eligible
33f60786-8e85-4e9b-9afe-760db2a62782	5abd6651-69be-42f8-bdc0-308e68136d31	96bd691f-1807-456a-bef1-cb5018f5b0b1	450K	SeSAMe Methylation Beta Estimation	d0320f81-9ee3-4266-b594-fcf5e9b3c7e6.methylation_array.sesame.level3betas.txt	13186661	32f6a16907cf29c91648ba7418ff0069	metadata_candidate_not_QC_eligible
344684ae-a706-4117-941a-5dd51b9dc8fe	3199cfe5-3be3-43cd-a36b-5cf2c7a9929f	478cc306-6aee-4597-8834-1e5cf8b05a59	450K	SeSAMe Methylation Beta Estimation	463d1c05-6a9c-40aa-a831-395ae2841baa.methylation_array.sesame.level3betas.txt	13189699	ea5815aa3627129262ff07406db1a2b5	metadata_candidate_not_QC_eligible
350d5f3f-8f8f-4366-9e11-588cb067f276	75dd635e-8e0c-4c0b-b21c-20f77770218d	aed669e8-23b6-4786-9398-6bb048815dfa	450K	SeSAMe Methylation Beta Estimation	01c14807-9c41-4dea-863d-156625a6ba9a.methylation_array.sesame.level3betas.txt	13172051	3a60c12c312a00ba21b0015b239dc033	metadata_candidate_not_QC_eligible
3563bce2-6547-4081-883e-1e7e498c83be	ba49117e-dab6-4e7d-bc44-f11dcafa1318	d69112ac-842a-4ac1-82be-af6fac624ca4	RNA	STAR - Counts	59e8b7b7-5183-4655-aa5e-e4b5ba73eded.rna_seq.augmented_star_gene_counts.tsv	4217198	f31fdad9c9382c6c9983bfb59b11fb5e	metadata_candidate_not_QC_eligible
35996aea-8faa-479c-ae18-5d723c80921d	659668e8-f0d9-4ff2-bbc8-9246f2ef49ab	afec3b25-c3f7-4e48-8fb0-6fb4dd581081	450K	SeSAMe Methylation Beta Estimation	e69785ce-b386-4f91-9192-91383ef57dba.methylation_array.sesame.level3betas.txt	13183646	855ad8cdcc629a03c897c04fdc6f2823	metadata_candidate_not_QC_eligible
3604ee2d-3fdc-40fa-95ab-a3f420334ac5	0a1eea76-e19a-4547-9b24-abf7051cc4db	1a954c08-6297-4c7f-ad8c-e50cb2754f7e	RNA	STAR - Counts	7ecd6087-9663-4d9d-828d-d9e9b5241c3c.rna_seq.augmented_star_gene_counts.tsv	4223513	e54ee6eb012e144e17a1dc46f773e1dd	metadata_candidate_not_QC_eligible
360ebab8-859c-4286-b613-befa0fa306f0	7ca711ec-9ac0-4fa7-8a60-32ae84b8789a	07af724b-7a04-47b8-b282-662710a1c347	RNA	STAR - Counts	ecef82f6-3009-4345-a56d-d028535d78fd.rna_seq.augmented_star_gene_counts.tsv	4243764	021cfd0b440d454b17b7b0d10c139349	metadata_candidate_not_QC_eligible
36101746-9c10-478e-96fb-8b47d057a6d4	77828a90-8e2a-4664-b674-d837e6e34fe4	c8c5aa67-c6b9-48ba-ace2-b040170d73fc	RNA	STAR - Counts	eaaacefc-a798-4b6e-8471-0fde96a80bb9.rna_seq.augmented_star_gene_counts.tsv	4236063	e442bf31d98890c4736b2d726f83931d	metadata_candidate_not_QC_eligible
361e4878-4535-499d-9987-7295a078bbee	75dd635e-8e0c-4c0b-b21c-20f77770218d	aed669e8-23b6-4786-9398-6bb048815dfa	RNA	STAR - Counts	ab0a7727-00ee-40fa-b5f5-a69234473e4a.rna_seq.augmented_star_gene_counts.tsv	4229669	fd1f51878ed84fdfd1735a05eaab6169	metadata_candidate_not_QC_eligible
3622f76f-ee9f-4852-8674-78804ceb94d2	7f6455e8-fa3d-4452-acb2-8c9995073072	48e8bef9-85ff-4b0f-b249-a1f6c63dd100	450K	SeSAMe Methylation Beta Estimation	dbd3c0d7-00aa-4c8b-8737-369fb359386c.methylation_array.sesame.level3betas.txt	13167566	4ccfa4b5527707050c9da455c782b178	metadata_candidate_not_QC_eligible
3623efd9-1a4e-4f6a-8935-05f0e6113acf	8e2aca86-7cba-4631-9f25-4d14219dbc6d	e48c5428-b22b-40a8-8f42-193c68e48f07	450K	SeSAMe Methylation Beta Estimation	d3e6cf29-4e10-494b-b60d-5ab42e7b8609.methylation_array.sesame.level3betas.txt	13152950	45ea774ea8935b7b2e969822cbeeb806	metadata_candidate_not_QC_eligible
36432508-6673-489b-aefe-d172b83abac2	67fa3e41-c7c6-44c5-9e67-6bcb2715aacc	af5e9c02-8823-4c78-8238-fdc419e5d309	RNA	STAR - Counts	00fabec9-d311-4994-a7e5-eb91178d14f2.rna_seq.augmented_star_gene_counts.tsv	4250149	82f484e8d9f75930300dad5baa17f57a	metadata_candidate_not_QC_eligible
369058a0-4e50-43b3-b3e0-e2a7eafd5c76	03d09c05-49ab-4ba6-a8d7-e7ccf71fafd2	c9dd827b-e0ae-4807-adbf-1a0bf2aeb52f	RNA	STAR - Counts	70d623a4-5140-4010-8eed-5f95a9fdd168.rna_seq.augmented_star_gene_counts.tsv	4214653	02be0e8aa8b58ff94913e3d65a3a9c67	metadata_candidate_not_QC_eligible
36c7d3a4-193f-49fd-b367-e7aacc4eebe2	e16ca88f-488b-40f0-9169-e5a62482a2ff	27a64f32-69c5-4c49-86b4-c8fc923cae08	RNA	STAR - Counts	cc1646da-11b3-40c7-b35e-1206f4517b36.rna_seq.augmented_star_gene_counts.tsv	4219484	eb346ef9f4f426a55630d25f275026a9	metadata_candidate_not_QC_eligible
36e8195f-72b1-4d87-9be5-a487689aba5e	1c339545-c08a-4a77-b8e9-a7e49e53853f	bf8fdf82-62b4-4b5d-93e7-ce153576fe49	RNA	STAR - Counts	772dcecf-b53d-42e2-8161-f48030150aa0.rna_seq.augmented_star_gene_counts.tsv	4227299	affdba1a9df80361e58c50109bbc81d0	metadata_candidate_not_QC_eligible
371fd35f-eb3c-4346-8197-8ecf4c9ce220	09918b81-4696-4cba-a45a-5fe7407c2337	01f94091-eb70-40d3-9d56-70c4f847cb4c	RNA	STAR - Counts	27266d85-3f2c-489f-9e5d-663d94ae9f55.rna_seq.augmented_star_gene_counts.tsv	4244098	c470529c2f24cb343aa091a3830e091b	metadata_candidate_not_QC_eligible
37484626-fb78-408b-92f4-2b7b3f77c76b	7093024b-cf56-4783-b973-b72573ed7f2b	0d7f5772-0319-4b56-9970-49fd21082f04	450K	SeSAMe Methylation Beta Estimation	92b14a19-f970-432d-ba52-0c3767434df2.methylation_array.sesame.level3betas.txt	13171469	976ade0258f057a24bb0d2970af692cb	metadata_candidate_not_QC_eligible
379f9212-aa2f-426c-b4e5-a4545746cffc	079ae0b3-b64b-4b8e-ab7d-225b8046568c	e63d9a32-593f-46e7-9d3b-866435cab585	450K	SeSAMe Methylation Beta Estimation	53634580-0c4d-4560-9fce-2edf5c586bfa.methylation_array.sesame.level3betas.txt	13143399	251d86c52e27b9995e27af3166287dae	metadata_candidate_not_QC_eligible
37fe51a0-c056-492e-b0c5-eb0502d73416	5c266025-e590-457c-af86-4c2dc9797267	aafb0ebe-3fde-4cfb-a560-11e85e839dcc	RNA	STAR - Counts	fec056a5-e860-4b68-8fa0-39cb7ad78a62.rna_seq.augmented_star_gene_counts.tsv	4241793	8cd4f7b0a914f01a83e8a685b9000b42	metadata_candidate_not_QC_eligible
38259364-ebcb-4f5f-8471-8ffe7e3267a7	d28e465c-e553-4c53-8bb7-3d8199b9a8a5	f8961f5c-e28b-44a2-8e4e-b5759fe2d849	RNA	STAR - Counts	d3c861af-cfe9-4d9f-bc76-a8a45b72df43.rna_seq.augmented_star_gene_counts.tsv	4221046	3686b1d5a952e94fe7132a37aa656d8d	metadata_candidate_not_QC_eligible
382ee0f9-03dd-48a0-85a7-1e8192e513ca	7cce924f-12a1-4895-9866-5d4b1869dde6	ce18c482-da4e-4166-a49c-29dc0bfb4472	450K	SeSAMe Methylation Beta Estimation	06265f48-0df0-4eee-aeeb-9144fb8da3f7.methylation_array.sesame.level3betas.txt	13194474	17974954146034bd60ad8d4ed1210f80	metadata_candidate_not_QC_eligible
385d903b-bab4-4c2e-8334-3a304d1a56fa	a046888c-f153-4f35-a1b6-23dd1691a91a	f274b7e1-4f18-4f90-851f-5c2d8b984fd3	RNA	STAR - Counts	f05d253b-7b64-4ecc-8249-55392326a91d.rna_seq.augmented_star_gene_counts.tsv	4217558	fc24531e9defdd925283193b80380612	metadata_candidate_not_QC_eligible
38b4ab4b-9d74-4192-a18f-6bd1fb035c17	8f04660a-2efb-4947-9eab-375066b9eb33	752c10cd-6816-459f-9844-1775e75ad6cf	450K	SeSAMe Methylation Beta Estimation	e8e403cf-80fd-48e8-91e7-4f9428da4e6a.methylation_array.sesame.level3betas.txt	13115121	02fae3492ca18b84f82987ef7f78af56	metadata_candidate_not_QC_eligible
38bc7dc7-3a4f-4fd9-ad6d-306dc8a3b7f6	294ff941-aea1-4588-9a0e-e9f5393e2bb6	c7d727b6-47c6-4339-b9dd-5baf41527bd4	RNA	STAR - Counts	68f5d95d-e7ae-46d3-b836-e741fde98f23.rna_seq.augmented_star_gene_counts.tsv	4261379	cb204d655779e2c95f28f9c2cef06a67	metadata_candidate_not_QC_eligible
38cc1ced-6874-4aed-ab73-8c6344564cd6	6bffe800-ec2b-4638-9333-97fe85dcd91c	708a8742-f6d6-411d-9340-2c6c25885d22	RNA	STAR - Counts	d0f1d923-1014-4a12-824b-9939fd75f9b1.rna_seq.augmented_star_gene_counts.tsv	4224864	2989a65bbd9f6f15884be052ebdbf828	metadata_candidate_not_QC_eligible
38ec487d-0a4a-4287-9c14-4bfdb959b402	da345947-498b-4272-a231-a987ed4fe151	70058d0b-3a99-490d-8f3a-97611faf2326	RNA	STAR - Counts	32675d71-6f79-4b8f-ab7c-e2350b15875c.rna_seq.augmented_star_gene_counts.tsv	4235385	27afb72bae1bc85f4df940514d7490d2	metadata_candidate_not_QC_eligible
3973bbdc-bc07-4deb-955b-3c40e88a68be	7fd03220-531e-4ef8-beca-e9703e8c0ae1	337b38b7-752e-4246-aba2-163140b1e3c7	RNA	STAR - Counts	c6b74844-5140-4c2e-b13d-fc50c2f2e9f1.rna_seq.augmented_star_gene_counts.tsv	4232275	70533535287e42cfa51abf1138826d6e	metadata_candidate_not_QC_eligible
3976128b-36ba-4bf0-8121-867e89aba2c9	d63c028b-b6d3-49ce-b63e-261eed3b86df	baa282a3-b78b-4be7-9756-4e4c6298f8a3	RNA	STAR - Counts	fec7a02d-1d67-412d-9d69-df7124864e7a.rna_seq.augmented_star_gene_counts.tsv	4237015	9fd77741af4d59ab2697eb01c9cf90d9	metadata_candidate_not_QC_eligible
3a460e93-e959-4674-95f9-be947b10a292	fcfe0b53-dfc1-42fa-9efc-2b2ff259297e	cb0017ba-aee1-4046-81da-320040863bc2	450K	SeSAMe Methylation Beta Estimation	bf9a2e4c-ad86-4ff7-bd6a-9794a03f8eae.methylation_array.sesame.level3betas.txt	13113907	f39aa94c69c9422a51a4f9e2952a8493	metadata_candidate_not_QC_eligible
3aa81439-d4cc-41ef-9568-e6a11c8b1b52	aea68827-dc0f-484d-a00d-06deeaa4b3ce	1e9dac94-1a10-47d0-ae92-81d38a264376	RNA	STAR - Counts	a6a841ae-f63f-45ab-9a17-2288e12a9577.rna_seq.augmented_star_gene_counts.tsv	4223188	05bfeecde7362dbcbae722eb21ce6d96	metadata_candidate_not_QC_eligible
3abc3c95-5d8a-4aab-88f8-31e3ce20d95b	8c695c24-e7f9-449a-9258-a1bc8a33bf9a	82c59ef8-ba24-4538-a643-e07e604206a5	450K	SeSAMe Methylation Beta Estimation	e286153e-49f4-4ab9-8b2c-65117189ff21.methylation_array.sesame.level3betas.txt	13099026	1cafcad09458480cbf05a289cac5cf3f	metadata_candidate_not_QC_eligible
3b3fedd0-ee22-4a97-870c-232fdf31d573	9e640ff7-996e-427b-b56c-519a1e23baab	d5cb5845-eb00-422d-a3d1-d3061ba078d5	450K	SeSAMe Methylation Beta Estimation	f84976b9-e824-43f7-8e41-1d79195cc0f4.methylation_array.sesame.level3betas.txt	13172301	f6f98be56022c1a986d97904ee9bc7b8	metadata_candidate_not_QC_eligible
3b568c2a-1415-48c2-a777-82ef88f26975	e16ca88f-488b-40f0-9169-e5a62482a2ff	a0a486e0-a85c-415a-b7c0-399d6b2e6e99	450K	SeSAMe Methylation Beta Estimation	b33f140b-9615-4566-a1c6-f96a09ce08b7.methylation_array.sesame.level3betas.txt	13053340	4b66b3436b103a363f6820d94e66b8b1	metadata_candidate_not_QC_eligible
3baa9c28-dfb3-4ec3-9e3c-1d2f1421b00f	3e34c7d9-90fa-41e2-ba6b-4bbc332adc4e	4ddf0a0c-a1ec-4f94-b886-ad444a50be97	RNA	STAR - Counts	1a0143ed-cd70-498f-b094-bc71b6921fb3.rna_seq.augmented_star_gene_counts.tsv	4242824	1e1576c258b94934785329e302ce6a21	metadata_candidate_not_QC_eligible
3bb26043-9829-45af-baf0-8158a279ff2d	fe714ac0-f874-426a-924b-a2980232b5f7	2f073ffa-787e-4657-b1cd-d2db4865c809	450K	SeSAMe Methylation Beta Estimation	b8f3ca69-03e4-4fff-95b2-375bce3b611c.methylation_array.sesame.level3betas.txt	13107453	a9fa3e5321c1ba0491671fd709a3b145	metadata_candidate_not_QC_eligible
3c0ce8a7-a730-4f1a-9e03-335b3e36849b	c6d78e27-e510-4f57-abae-19efa6105a8d	7ca68089-c61f-4d31-8cc8-fb11ae70910a	RNA	STAR - Counts	e2f47d3a-0e1a-47cb-a53f-697e2a3cb89b.rna_seq.augmented_star_gene_counts.tsv	4244887	809235e19457da6800281acc0056037e	metadata_candidate_not_QC_eligible
3c421a7f-8bde-4b4b-90e5-cf0ea11274ab	01e9888d-b5b9-48f1-8ba6-8a89af108a04	5a6826b4-7926-4378-86bf-76c028508b3b	RNA	STAR - Counts	fbd81adc-aa56-4cde-b1f2-e749e2cbf653.rna_seq.augmented_star_gene_counts.tsv	4237424	9ea84591cfd8c515b09154818d1f2d2d	metadata_candidate_not_QC_eligible
3c74fca3-f3c0-48a7-b7ea-57b5dd01e165	6d96a298-be5a-4e14-afe8-ca4b6ca298d6	d84e1b10-b7c6-4916-afbc-b311d2ccf19d	450K	SeSAMe Methylation Beta Estimation	1f481660-4aee-4041-87e6-35c727b95c8e.methylation_array.sesame.level3betas.txt	13152085	34020a9b50eb204ae694364fe3133f72	metadata_candidate_not_QC_eligible
3c9960fd-92f3-4bab-9771-933c95edc37f	889aec8e-14ba-48d9-8fe1-f2416e82b333	43f5270a-f2f2-4dd9-83b5-486b805e35b8	RNA	STAR - Counts	fd713184-4bb4-4e1b-a3b8-636273ee6ccc.rna_seq.augmented_star_gene_counts.tsv	4225614	414c6c615900b8785fb01b00f869bd59	metadata_candidate_not_QC_eligible
3ca2ec6c-4134-4595-9c5e-68c886d3aa1c	5202458b-c38a-47c0-a0ba-5f1a59a762a0	58084363-d165-44b9-9702-9a1e3732ee1b	RNA	STAR - Counts	f6108b9b-e02f-4608-bec3-bcc0112d05b4.rna_seq.augmented_star_gene_counts.tsv	4240841	8d70fb7de797f3f7d797203584e1d909	metadata_candidate_not_QC_eligible
3cd897bd-893e-4497-b9a5-56141816cff4	33c71ead-4c2a-476d-85ef-885dbbfc2cbd	79cf84b5-84ff-42e5-b438-697b35d272fc	RNA	STAR - Counts	525e9185-ed15-403d-8987-93c50e4b89a1.rna_seq.augmented_star_gene_counts.tsv	4215469	aa703e7d855ef6d30195b729cdd1abbe	metadata_candidate_not_QC_eligible
3ce0d68a-626f-47f7-8ec6-e9ba97a70a7b	9ca1a26c-82e0-48b3-b3bb-2ed57086eeb1	ff0ad6a3-94e2-4dea-a9c8-7c790d65e56e	450K	SeSAMe Methylation Beta Estimation	326da79d-0e4a-4103-9dc4-1baa048cd11b.methylation_array.sesame.level3betas.txt	13163602	59cb58544658c3e1d275cf8c95c5b95e	metadata_candidate_not_QC_eligible
3ceb828a-3612-46e8-89c5-397cb20e5356	765ad5a5-134b-4680-a6d4-1dd113dc47cc	3bce57d8-32d5-4f56-b0a4-544c3fee778f	RNA	STAR - Counts	f1eb1ef7-fe25-4dd8-abed-9d9c298d72fb.rna_seq.augmented_star_gene_counts.tsv	4236425	c2c75dc4e39ae5732e10b50ab93bfd61	metadata_candidate_not_QC_eligible
3d08a99f-46c1-4e06-a042-521a54ebbe1e	0232d299-4cdf-4fd7-9a5e-8d13c208b40c	93b55ce3-3ab0-4bc1-b1a2-3f02b13dc7b0	RNA	STAR - Counts	02f6c9d4-8296-4e00-9e78-4f4d8c942340.rna_seq.augmented_star_gene_counts.tsv	4226383	ac1df830521fd8fc154b3a640bed941c	metadata_candidate_not_QC_eligible
3d275f89-9d70-454b-8219-01c908e16956	9e22a3af-7f28-4757-8684-ed64a2a27ad1	4ed3eaec-0085-4115-bbe7-27645b6a3a8b	450K	SeSAMe Methylation Beta Estimation	7b13dfaf-40ce-4ec4-9da5-179a766a800b.methylation_array.sesame.level3betas.txt	13041937	b235d2d53816a141e0d68c17b4c189ed	metadata_candidate_not_QC_eligible
3d64a064-f9dc-4a17-891f-7e085c77be67	86dac334-f30e-438e-810a-8e45f69dbb7e	a1283c20-bb35-40bb-91f7-e21b3307f031	450K	SeSAMe Methylation Beta Estimation	c66fbc0d-8fe3-468a-85fd-9bda80481ab8.methylation_array.sesame.level3betas.txt	13008588	7898c36e3f7c0e0af7d604b3bb0e347c	metadata_candidate_not_QC_eligible
3d6cb261-d0c4-4e98-8918-d7d678cb97ae	497cc506-03fe-4ffa-860b-5a12adb1bc7d	40bfeee7-9932-47d6-87a8-5fd7514c2917	RNA	STAR - Counts	d94a4acc-1345-4cdb-b1e0-0b9c1afc593c.rna_seq.augmented_star_gene_counts.tsv	4229614	33c2b82cfb176e1f0a2e14e9b7fe42e6	metadata_candidate_not_QC_eligible
3dd139c0-d70b-4c43-a32c-aab9ad884722	e64f76e4-f748-4d9e-ba71-53e2818a7920	43b96e20-df08-4c56-915f-5d626f90c415	450K	SeSAMe Methylation Beta Estimation	90681fc8-34b7-4848-8abf-92bde66ba918.methylation_array.sesame.level3betas.txt	13176596	abdb1d9d439489e7858bc3d3525e88bc	metadata_candidate_not_QC_eligible
3e153723-1c5f-46a0-9753-c432b6a95098	2c03141e-a0bd-4e8d-91e4-9744d139ccce	e7ed1627-7ec0-48f5-983d-09b1241c28ec	450K	SeSAMe Methylation Beta Estimation	a6a94ac8-fbed-4ec5-9370-28486554789e.methylation_array.sesame.level3betas.txt	13058718	219a2c89ca56107cf13e7446137a8048	metadata_candidate_not_QC_eligible
3e3c799b-a3c4-4e6f-802a-5504d3312ef2	c650b1ff-8a4c-4ee9-b7c1-268c28c83827	2e0b958b-1e93-41ab-8a8a-21a2d7f99935	450K	SeSAMe Methylation Beta Estimation	a472e1c8-4a94-4b20-a3ca-8bdfd29cdec5.methylation_array.sesame.level3betas.txt	13149558	fe4a23f00092aa36f66ae59ef35689ff	metadata_candidate_not_QC_eligible
3e6105ba-3a23-4ac6-bf0d-1193fb2e679e	bab43415-d413-40be-a4c0-2c40a52afe6a	68b681f2-4f7e-43ec-8260-b4b8797b1224	RNA	STAR - Counts	812033b2-3784-44bf-8913-56307b267ea9.rna_seq.augmented_star_gene_counts.tsv	4231014	10f9cdf7af7652974510dcd1a9457854	metadata_candidate_not_QC_eligible
3e752bb7-c91d-46f8-ba39-a40e26357b4d	d12b6930-9ae4-4fe7-ad69-d183135c91ab	55b07618-5b99-436f-a0dd-fe96a13851d6	RNA	STAR - Counts	32dd8db9-1e43-497e-a35a-664d7d15ed60.rna_seq.augmented_star_gene_counts.tsv	4248639	ea16407248bc5498807d4a096f857771	metadata_candidate_not_QC_eligible
3ea83163-7d06-4f2d-be85-64cee6cfedf4	3c4ff061-d214-4d1c-8d2e-3034f207c252	1163fbc8-706b-4d7d-8454-bbb24e2bf27d	450K	SeSAMe Methylation Beta Estimation	4e311d3c-e46c-482d-b700-9b5fb457ed26.methylation_array.sesame.level3betas.txt	13141837	670d2c8b52189cc13a4a4c3f92c69ae7	metadata_candidate_not_QC_eligible
3f27dd5e-fb74-416a-ad32-2fdb3e682c42	c4c1469d-752f-42b6-8686-714ad4a8ac97	4afc6152-819b-4e55-817d-df8a42eb0d36	450K	SeSAMe Methylation Beta Estimation	63b1d970-3bc9-426d-affb-02907c63918c.methylation_array.sesame.level3betas.txt	13139363	e952b7caf369f2b2a45773988dd424cc	metadata_candidate_not_QC_eligible
3f399d4e-27e4-43c2-80bf-390b115902e9	0c0b610e-fe4c-406d-a5ed-5cc3b11dabf5	ad66185f-983d-4416-b705-25d3d4d8b5a5	450K	SeSAMe Methylation Beta Estimation	f92c3a00-6255-416a-9ad9-bc3ce25d0c91.methylation_array.sesame.level3betas.txt	13194267	cfb3a5b2adfb97adf3ed76d66f90c0af	metadata_candidate_not_QC_eligible
3f54bfca-959f-4f90-93c9-f1690699d9fc	1f0a5312-0590-4230-9da9-fd0cfe693586	49cf5040-2d73-4538-8825-7fba37379289	450K	SeSAMe Methylation Beta Estimation	1c6d4890-5d48-4372-b14c-b58c0fe526ba.methylation_array.sesame.level3betas.txt	13132708	c13ed03b2263e375f7212f376868cf31	metadata_candidate_not_QC_eligible
404b3699-4707-49aa-b0d2-a0999bbd48e6	ab8d7f84-dd71-42c7-9471-4db967a9c89c	e273b4e3-35dc-4f46-a668-70d6eb8bf4fc	RNA	STAR - Counts	2e86db3a-ac57-49d2-8378-5d5e7412eff7.rna_seq.augmented_star_gene_counts.tsv	4233930	24499c77513eab13273753274fadac95	metadata_candidate_not_QC_eligible
4089d037-ab25-47a6-be68-19742473cbc6	cd9e70e4-8622-4a07-8646-63f8275c1737	21483940-2c8f-411d-b36f-fb927cfbd6d4	RNA	STAR - Counts	50c308c9-922a-4083-ae09-e5e4d8c437af.rna_seq.augmented_star_gene_counts.tsv	4242766	168c5577e8da0154d7e4a2d823f394c2	metadata_candidate_not_QC_eligible
40dba5d9-ce2e-483b-b4a7-19fbca8158e5	e5cb0c86-8fe2-4cfc-b32b-e8ec3839ffc4	c52909f8-5d3f-4db2-952a-8c13814ddfb0	RNA	STAR - Counts	dc3ac0d3-d862-4761-ac12-60bb4d6758c1.rna_seq.augmented_star_gene_counts.tsv	4228652	9a694d0d5914d8e5193fd1f5f60ca4d8	metadata_candidate_not_QC_eligible
40e350a6-fda3-43ff-9405-bda7a7c534ae	474b86d9-d897-467d-85d4-51dfa26ea107	08d8f333-08f9-4268-99b7-61f7b057f542	RNA	STAR - Counts	d7c787e0-6416-4724-8954-85467906f90d.rna_seq.augmented_star_gene_counts.tsv	4224067	07bcf9b9b19f06f02ae924c400f37152	metadata_candidate_not_QC_eligible
4115d797-5cc4-4dd2-8195-fb206d1e6113	7e7f089c-25f7-4e14-aed5-d741047b9e42	6601f037-bdf0-4171-86e4-aa4da7c9e83e	450K	SeSAMe Methylation Beta Estimation	b6485677-717f-4969-90bd-efb484003c94.methylation_array.sesame.level3betas.txt	13121572	936bb7d9c21a0dac0b63c16a6863c23c	metadata_candidate_not_QC_eligible
414a6798-a32b-4d9b-90d8-e85552181921	e43a2b72-35c6-4466-9007-ce96caf77ea8	a08a22c9-5b3a-4748-89af-0fae50522f1b	450K	SeSAMe Methylation Beta Estimation	5df6f4aa-ec7a-4d00-8f31-83fd938105ba.methylation_array.sesame.level3betas.txt	13163404	88dc819329a6eecfe1ad0788dde7474d	metadata_candidate_not_QC_eligible
41e96482-bc24-4a1a-8ef2-8ef4d525ad40	9b132e4f-7e35-4cc5-8711-43ad62b906d0	0791e7aa-e97c-4dd0-9615-09ec7090f684	RNA	STAR - Counts	52e52b5d-4112-4616-8ddd-2a4524a91778.rna_seq.augmented_star_gene_counts.tsv	4227608	51fa05e5b8db6567c1f54ed18878ffd2	metadata_candidate_not_QC_eligible
41f1ab44-d61e-40b9-8c94-df8a211b4993	99c35245-e1c8-4805-b7a5-f703bb506030	a6db405d-97ac-4a86-880d-d81838caef14	450K	SeSAMe Methylation Beta Estimation	4fcefb31-6c19-4dfd-bc77-b09ad63fc18d.methylation_array.sesame.level3betas.txt	13184489	3f842e7d22ff9172b3235bea9758a20f	metadata_candidate_not_QC_eligible
41f852c7-01e8-46b3-8082-da2e00a4ef9d	b40d0849-f4ef-4a14-9732-9beb708cb46b	7ec420fc-c770-4cb8-a186-8ce94f791444	RNA	STAR - Counts	673621c0-f5d4-4eea-a0ae-469214a70e82.rna_seq.augmented_star_gene_counts.tsv	4234798	24b4a006e54a552465c6e84865eefd9b	metadata_candidate_not_QC_eligible
425e7c64-dc7b-4cce-bb79-dc953c79e9cc	a244a99a-d7cc-4fb1-bc76-b66886481621	9ab40e48-6979-43cb-9acf-1d4f474cad4d	450K	SeSAMe Methylation Beta Estimation	326212ca-759b-4b7e-ac7a-99e535193d5b.methylation_array.sesame.level3betas.txt	13184940	771c13e32f974265d026864926a48def	metadata_candidate_not_QC_eligible
4297f902-2495-48fb-af36-31e61f727215	78a24c56-576c-4245-bb42-6603b3d19897	785b0c56-bed5-4d19-b7b3-d1a0ceb5d648	RNA	STAR - Counts	d2bf5f92-08f4-492e-96c2-399262f96828.rna_seq.augmented_star_gene_counts.tsv	4231510	1cfbf6dd348981359811261b7ccf3ee0	metadata_candidate_not_QC_eligible
42be8d70-f8a0-49ea-94a9-58e320337843	bd4e9a9f-17f3-4d33-92fc-fcc45dd0e7b4	3e88613e-9b97-4dbc-a052-b6dfe8c09956	RNA	STAR - Counts	eecb4e6b-6916-4673-815b-9a5366fe3a86.rna_seq.augmented_star_gene_counts.tsv	4219234	e22a268f8e146bfae970f289026d8f88	metadata_candidate_not_QC_eligible
4320b770-69f3-4dd2-afea-8b7f7cdf44c2	195a5afb-b79f-44d2-9d12-884487630c2b	22434a49-eb8a-43ac-8c08-ae6dcbe6fbb8	RNA	STAR - Counts	32e5ef2b-4387-4d2c-8e62-d18b5106414f.rna_seq.augmented_star_gene_counts.tsv	4227980	ea55d80feb430b5fd58948234d7927f4	metadata_candidate_not_QC_eligible
4371ff1c-3810-4669-bc38-93e10322cbfb	8504fd86-a70a-4cba-9ec8-25c9e60ca549	dab00804-e92f-43f1-9348-16f3015b5dce	450K	SeSAMe Methylation Beta Estimation	b2850e1c-dcf5-42ae-92a4-8f81b4e4b87e.methylation_array.sesame.level3betas.txt	13180509	c50338136644dbb6207a67d8f526cfe6	metadata_candidate_not_QC_eligible
43b8c3f7-2d0b-4020-807d-b7386825ecc0	50b2c647-aecd-4c81-af22-0d8116593552	962f85ff-1f27-49e4-8c3d-798facea122f	RNA	STAR - Counts	c6acc762-3909-4cc0-91c7-f66bc3f0e667.rna_seq.augmented_star_gene_counts.tsv	4242811	3a3f0631a5920fc99affb4599220c8ff	metadata_candidate_not_QC_eligible
43b958a1-d856-4123-85ec-8740995c2a99	2cd8ea73-cb3f-4b17-9b97-fa12eb03b85b	5d0ed8d1-6e84-4f6c-8e0e-0317aa8b0e3f	450K	SeSAMe Methylation Beta Estimation	8a34da55-5b86-4c17-b9a9-097b3252eb64.methylation_array.sesame.level3betas.txt	13113270	71a53c02556581aca658d400a0eef152	metadata_candidate_not_QC_eligible
44398018-6310-4030-80c0-8b2000a7f7cf	9a50e7e4-831d-489f-87d2-979e987561cc	e4416303-50b0-4316-bfee-030c7b29fac6	450K	SeSAMe Methylation Beta Estimation	d486de56-856b-4970-8c67-6913bf4cc72a.methylation_array.sesame.level3betas.txt	13099042	7729a6df6965b14c68d25a68fa340a31	metadata_candidate_not_QC_eligible
443ccb95-79d0-47ea-9915-18d5bc10eac4	e8060c45-451d-4779-9584-f284db47e63e	f40fdd2f-868d-4cda-952e-bd385e8cc84c	RNA	STAR - Counts	ec3a68ca-1006-4f2f-95b5-74d506ceda86.rna_seq.augmented_star_gene_counts.tsv	4231505	ecb819733c70c92f3d0f2fded167360c	metadata_candidate_not_QC_eligible
44964e02-9283-4a48-a9e4-006a75d4120e	6845099a-b2c9-48d8-b856-9903d39bb92e	a236f15a-76cc-4a2d-9087-e824ad581453	RNA	STAR - Counts	b0747254-d7fd-4ec9-96b1-d132540c4b46.rna_seq.augmented_star_gene_counts.tsv	4226821	0eead65bb92ab1e66f317179542270a8	metadata_candidate_not_QC_eligible
44ce81af-84a9-4287-89db-cac043d46715	8e41153b-9faf-45c3-8397-8a428ef5c0d5	482c1c70-ae61-45da-b1c0-4303abdda2cd	450K	SeSAMe Methylation Beta Estimation	6fd3fc42-ef21-4111-939c-873b688674f4.methylation_array.sesame.level3betas.txt	13189244	2c48c7cfcce6f533c26f410af8f39490	metadata_candidate_not_QC_eligible
44d8e988-1a2b-4588-a64a-cf5a6c164e03	7093024b-cf56-4783-b973-b72573ed7f2b	0d7f5772-0319-4b56-9970-49fd21082f04	RNA	STAR - Counts	71809317-f775-4faa-b1c6-40bae85c69aa.rna_seq.augmented_star_gene_counts.tsv	4256464	e64e8b3dc34a42bcb1239702ab82508f	metadata_candidate_not_QC_eligible
4579109d-fb7e-4c71-966a-728ace9e7694	32a7b827-c3f9-4607-ae63-dae8caa2bc97	c12f1638-214d-40f8-a553-b616a52f6933	450K	SeSAMe Methylation Beta Estimation	7821689b-dac5-4e60-a939-3afe18028134.methylation_array.sesame.level3betas.txt	13153633	45e95a8e3385e9b70c31076e901d6a9c	metadata_candidate_not_QC_eligible
458042ad-bec8-4433-80da-70f517a440f7	055e9a43-3c00-4110-a303-e4407676bec0	2b2bc6f3-088e-4a84-afb3-182a4acb0652	RNA	STAR - Counts	25a6fe1b-0472-489f-a721-f596395badb1.rna_seq.augmented_star_gene_counts.tsv	4255526	bbedd91fbaa3ea10504bcfe4ae3b89dc	metadata_candidate_not_QC_eligible
45d04cd4-020d-41aa-8cce-210ff947c580	69b23036-add9-42c9-941f-02fb74d9b08c	98bee17e-0b07-40d8-a70f-3163dbfd9c79	450K	SeSAMe Methylation Beta Estimation	e2f5adf9-5d86-46a6-bb81-0b9b94f1505c.methylation_array.sesame.level3betas.txt	13128371	8408541a6ab935e4fa007eac816009d6	metadata_candidate_not_QC_eligible
45d4b468-9089-46fd-8b5e-ad80a5148abd	d6e274a0-6425-437b-bc07-1225be7808d5	64a45521-0494-45f6-b605-198e5c2c56ba	RNA	STAR - Counts	6e2e3178-73ad-4590-a56b-bb7fd9984acd.rna_seq.augmented_star_gene_counts.tsv	4251058	793334bac3ad933f56e75de2b5cccf81	metadata_candidate_not_QC_eligible
45fe5e83-1e4a-4e0a-ac03-62ef32a90e77	ef03654a-dcf1-41ff-a67e-4f3fbf9ba807	7e1638d3-f134-4dc8-becc-9f4d49d83024	RNA	STAR - Counts	6b51d2ce-51ed-4b34-890d-9f83d363118c.rna_seq.augmented_star_gene_counts.tsv	4246904	31eeb6845913da77fef24ca097fc7eee	metadata_candidate_not_QC_eligible
466db517-921b-47e8-b249-b4c9bd714bfd	f462cfef-f60a-4d3e-b92d-b8d8f50b6bb3	edba8888-6d1b-43a7-988d-5df420922c80	RNA	STAR - Counts	28e5e6cc-60b0-4324-b05e-d05af474da90.rna_seq.augmented_star_gene_counts.tsv	4250649	d3b9fd17453841cff2554e66dc1a6776	metadata_candidate_not_QC_eligible
46a5c6c0-f460-4036-b3e6-eea9ec82ea14	595fc3ad-f603-421b-b130-52f1f617050b	ecbaf334-d86b-4316-ae93-84feff5da296	RNA	STAR - Counts	3a284d39-2913-4d8c-b46a-9b1e991cfd0b.rna_seq.augmented_star_gene_counts.tsv	4224811	622335c3672071db92e2df622e1a80f9	metadata_candidate_not_QC_eligible
472406b3-cc1a-407e-bf38-a79046cfa952	5a2f8140-8f90-4e94-b703-5fa5aa96be7b	ade256d3-7ad5-441c-ad53-ab635b1668e4	RNA	STAR - Counts	07c8891d-1917-45f8-bd1d-4c59d1baafaa.rna_seq.augmented_star_gene_counts.tsv	4231226	4207f7261449c27bb4c583a825e1fd6d	metadata_candidate_not_QC_eligible
475fdbbb-3d3a-4d56-8d0e-34dfb8cb6346	4036c6fc-c82e-47bb-a384-6f299dc30b52	adb65cdc-08c7-46e3-a74f-7fa4d0ca4e3b	RNA	STAR - Counts	5f74c5cb-1127-4a5c-975e-58e5abc4db03.rna_seq.augmented_star_gene_counts.tsv	4242000	a2401a616eb79a13863b6f1b63d0d7ed	metadata_candidate_not_QC_eligible
477d7181-e081-4577-ac06-e508b1239989	05534064-8b43-4c82-95da-70fd83bd6560	df16b5d4-5e5d-455c-9c5f-a151e5864557	RNA	STAR - Counts	3d006e45-8ebf-4ba1-b003-13b711c0d0ee.rna_seq.augmented_star_gene_counts.tsv	4242981	b4220339c29454ed50944a54145dda85	metadata_candidate_not_QC_eligible
47d21694-875f-451f-a9e9-dad1da4bebb7	f4350d9c-3f40-4829-bbc4-8acb2f3ff512	a05b004e-8a92-4520-a3e1-85ed60db14fa	450K	SeSAMe Methylation Beta Estimation	fd5fbcb4-dd9f-45ad-9e65-e7b4e1064563.methylation_array.sesame.level3betas.txt	13101801	2892e441559cca48026edefe30164889	metadata_candidate_not_QC_eligible
47fc2fd2-84ce-49e2-8481-407d7a639042	4e7b2af4-b158-41a7-be22-bea227a759e6	65386909-c47a-486f-a8c8-fd9321d83de7	RNA	STAR - Counts	ef11ddff-02bb-44e2-ab77-fadde20acd87.rna_seq.augmented_star_gene_counts.tsv	4232239	f374fb2cc687a42ba2c41ee20ceb0684	metadata_candidate_not_QC_eligible
488d0307-a23e-473f-81c9-8cc019c2e81d	5510ad32-62fd-4adc-964a-ae4e997c2f4b	ee8a12e2-8827-4abe-af6f-aa39995f6b99	450K	SeSAMe Methylation Beta Estimation	86b7e055-e61c-4671-83a2-8ab775dee599.methylation_array.sesame.level3betas.txt	13036689	37212eb450952b175700d7f83acc640b	metadata_candidate_not_QC_eligible
48d5fe32-37ca-4717-af64-1343a3561849	5f4934be-eee3-40e1-8838-38103badc898	5a8b5291-c9c2-48a8-9d01-66b150a71eb7	RNA	STAR - Counts	04ce9fac-b5f3-4830-935e-9d6ea74ee915.rna_seq.augmented_star_gene_counts.tsv	4257770	f414598e7397e797f9126497ee198b53	metadata_candidate_not_QC_eligible
490ee22a-f171-4f7f-9d49-835afe7388c1	9759bf3a-74ff-433f-99bb-f9406f222ed2	a1733a18-9fe8-4fed-a8d4-0d9dea6cefba	RNA	STAR - Counts	5241ced4-4a72-40dc-9698-a647fb6d03a4.rna_seq.augmented_star_gene_counts.tsv	4243977	d8ed276fbb9f4e5a0dc8f22de2db5dbd	metadata_candidate_not_QC_eligible
493be6d2-a5df-4e6e-ab97-60285ca9f282	e7d30bc2-42e8-49c5-a5b3-9f58411b007a	5d0e7b83-5577-450a-b1a5-59ca03fc3bc5	450K	SeSAMe Methylation Beta Estimation	fe10eb6e-6393-4b89-b390-2070f79b98a4.methylation_array.sesame.level3betas.txt	13168993	c7a6256cc72604d1ccf43ea3e248936e	metadata_candidate_not_QC_eligible
49453e81-56b8-43b7-b56f-6195038a1142	8a16ddb3-4861-4128-bed9-0b1f94fe8cf7	cd1bdd0b-eae2-4fc5-8da2-4d13926c7885	RNA	STAR - Counts	ed30ab10-5d65-4aeb-ba72-ec3e9b768cd3.rna_seq.augmented_star_gene_counts.tsv	4212895	48a773f9dc82c8e4558bd66038da6bea	metadata_candidate_not_QC_eligible
4979ef4d-3261-4a32-80df-b661e6f0289b	7a111b4f-46e9-4e34-8024-0b9fdc5cbcd8	b574f6d5-8cd6-4e23-92ac-2a2b64eded38	450K	SeSAMe Methylation Beta Estimation	e03955fc-c86a-4cb4-9ed1-c9057fad413c.methylation_array.sesame.level3betas.txt	13062580	f37e783f1987609fd145563db5076869	metadata_candidate_not_QC_eligible
4981d1f3-2824-4cd0-81b8-e12a9727a248	ce15f31f-2bad-4485-96fa-495bfa262e66	44b1d21c-0794-428c-ba01-82812d74da2f	RNA	STAR - Counts	1f7938f1-e04e-4ed0-8189-3d701c6fef72.rna_seq.augmented_star_gene_counts.tsv	4250196	bb9e2d908f47845c0c574bc498442c33	metadata_candidate_not_QC_eligible
49ca28f1-f867-4a9f-8ae7-1cb6e9e92a8e	98ef41fa-3015-445a-bbdc-984361c911f7	cea128ca-4e69-4bf4-be47-e0481a809727	450K	SeSAMe Methylation Beta Estimation	4fd07f6c-4f9e-4f99-a530-a61271204b9f.methylation_array.sesame.level3betas.txt	12820885	49362ae94f528006519d93c59a071c11	metadata_candidate_not_QC_eligible
4a5c811e-d5d9-48d7-9bcc-4c9dc72df8f4	8994c8c4-9ea0-46cb-b4a5-0055d7da5bfa	c0fe5ffe-c0a3-4e62-aa55-2bc18788e505	RNA	STAR - Counts	3f79d678-e5d5-443e-a7df-187c2acd2b2c.rna_seq.augmented_star_gene_counts.tsv	4242633	7cc33c13fc325e3a285abb18745e5789	metadata_candidate_not_QC_eligible
4a93ba1d-b4b2-4ea6-bf55-378e511d700a	ef03654a-dcf1-41ff-a67e-4f3fbf9ba807	7e1638d3-f134-4dc8-becc-9f4d49d83024	450K	SeSAMe Methylation Beta Estimation	af6f4c6e-aefe-4a78-868c-53e83e4796a5.methylation_array.sesame.level3betas.txt	13128595	f98da5085ca60fdc968e264e98b373fb	metadata_candidate_not_QC_eligible
4aca6287-3ce8-42a6-b36a-d0da847c871a	345aef28-d49b-491b-a337-b1ac55c37d35	b572a3ea-e568-49db-8e35-a80f4a6d82e9	450K	SeSAMe Methylation Beta Estimation	843cee5d-e358-4e25-84bb-8a2e40bbbcbe.methylation_array.sesame.level3betas.txt	13162399	f762515b9fd4769697ed63344db0cab9	metadata_candidate_not_QC_eligible
4acdc34b-8caa-44f9-bb55-c55942c6d930	bc4c4079-b449-485d-84e4-a40496e563e8	7901609b-ec53-48e1-80ee-489fa4187ebb	450K	SeSAMe Methylation Beta Estimation	ad29629a-c58f-4520-b2f1-bbc86c19148a.methylation_array.sesame.level3betas.txt	13182905	6f8482cb2dabf5a61ceb74bb5aba3012	metadata_candidate_not_QC_eligible
4b11527c-fb98-4ad4-aaac-6f0c6c1d185c	2f0710f4-827b-45b2-9b7e-c27385b481a7	c58243d7-77ea-4806-8298-2e322d5219a3	RNA	STAR - Counts	78e95f3e-1067-48a8-9429-dfdd6f587066.rna_seq.augmented_star_gene_counts.tsv	4219964	6d0cc74da5bd27143b1a5fce6fbeeee5	metadata_candidate_not_QC_eligible
4b2e6f07-59e6-47c0-85ea-1e73f3354a01	1f1df7ea-00b9-4432-86de-da773d1451e5	933577d0-75b1-4f9f-baa1-2dd1ab254fd2	RNA	STAR - Counts	27e24fc6-af40-4152-8424-a9d365c717d9.rna_seq.augmented_star_gene_counts.tsv	4231730	c0062d3812c06633f6f9b9372e354ce8	metadata_candidate_not_QC_eligible
4b98f37e-33fc-4bf0-b6cd-4c900bcc9d2a	a816e355-be6f-4d16-b051-b6d86ed8cded	ccdde798-056a-4cc9-8aa8-63cf283691d9	RNA	STAR - Counts	925a2268-1a0a-402b-8bb1-e6fa32521afe.rna_seq.augmented_star_gene_counts.tsv	4261607	d0cb9fbf2c1f7bcd989ff9d52c6fecd6	metadata_candidate_not_QC_eligible
4bd86df0-6768-4741-8d01-51fe34dd57fd	fe3eeeb6-0db4-46d7-a020-55604d474c12	e58e47db-7d0b-4ccc-8878-9b1e78e3b365	RNA	STAR - Counts	bd1e3dcd-31c4-4f7f-8e99-9ad0d1050294.rna_seq.augmented_star_gene_counts.tsv	4253061	1e91674789dcd6a6bcc97d8171893ad9	metadata_candidate_not_QC_eligible
4bfde15f-2584-40f3-be82-3b7cc8ee53a8	f59e5a76-f803-470b-910c-a897a149d939	194612e8-9876-4350-b54d-404db4ac27c3	450K	SeSAMe Methylation Beta Estimation	7a682ebf-cd19-47ef-adc3-38ba36001e99.methylation_array.sesame.level3betas.txt	13163098	a626eaae68cfec0b3fc434863d6b5567	metadata_candidate_not_QC_eligible
4c0ce279-acf2-4336-abc3-8b4a0051f91d	2de1ba51-eae1-4a54-b7cd-d6d739fdc39d	bff592ed-0ba6-44c2-b04e-0aad7b73089d	450K	SeSAMe Methylation Beta Estimation	41b9b0db-1693-4f9f-813c-ae6510847780.methylation_array.sesame.level3betas.txt	13182528	1778ca8558e88f1780eec473ea698a50	metadata_candidate_not_QC_eligible
4c2a4d47-67dd-4c12-8f3b-1c55eb6fd00e	06fe7f3e-4edd-4150-981c-93787ea19b39	7873c1a9-b1ea-46cc-b787-dfbad3366494	RNA	STAR - Counts	c6bf25d8-abea-411f-bb80-6e6fefb82757.rna_seq.augmented_star_gene_counts.tsv	4233205	f895fefd4930b04b87c8e4ea8b1c598a	metadata_candidate_not_QC_eligible
4c37a5fe-812f-42ac-aa56-259b31df6894	adbaba9c-5efc-4130-82f6-8055eab13795	8178f402-db5c-4343-a6f6-4d4f9d3bf4ac	RNA	STAR - Counts	482e60ad-222e-4ead-8a3c-a3b44e54aa5e.rna_seq.augmented_star_gene_counts.tsv	4242709	3cd3cfb8e558b5e2603b79c6f2b79bd1	metadata_candidate_not_QC_eligible
4dbd91d6-8d7b-4e6d-9dc1-3347c3f3996d	e7d30bc2-42e8-49c5-a5b3-9f58411b007a	5d0e7b83-5577-450a-b1a5-59ca03fc3bc5	RNA	STAR - Counts	0f6c0159-7342-4519-83f5-52c2d457c4f8.rna_seq.augmented_star_gene_counts.tsv	4246526	2cb02fa475538bf79cc96205bab7d4b3	metadata_candidate_not_QC_eligible
4ddcf508-e0b9-4769-934f-a07dc8825f4a	3bc7026f-73f2-418b-bd62-f4768582b790	e97a07a0-16bb-40c7-9df4-95dadf83b04c	450K	SeSAMe Methylation Beta Estimation	8779e3b7-007f-4f1b-a7b2-a5b10c83da78.methylation_array.sesame.level3betas.txt	13158536	11c79322bc729a6ad41c8b5df13b737d	metadata_candidate_not_QC_eligible
4e27513c-172b-4d19-a397-ade6df353e6c	dd63d0fd-e24b-40a5-88c5-7d3d4106631e	6dd5d1bd-d39f-462e-9d6e-158dc08dc0af	RNA	STAR - Counts	20ecdb2d-16ad-437b-ac0e-b84339c769a6.rna_seq.augmented_star_gene_counts.tsv	4242933	5db0662ae2c4c127c8f9d98337541c17	metadata_candidate_not_QC_eligible
4e2d6887-3537-43ee-9923-baaa04bab13a	44d8c859-4b7a-4e9d-bffc-0de0e6afdcc4	1b856a2b-97be-4461-a496-279df908c30e	450K	SeSAMe Methylation Beta Estimation	7e9d7d56-dda7-4295-86c9-e350e69e6254.methylation_array.sesame.level3betas.txt	13152092	59dbb238c3ec0724c14d115121d1fa2c	metadata_candidate_not_QC_eligible
4f00f94a-f0db-4840-a230-3bc9866bc184	8e41153b-9faf-45c3-8397-8a428ef5c0d5	482c1c70-ae61-45da-b1c0-4303abdda2cd	RNA	STAR - Counts	ff298d6f-071c-417a-acbe-a9ff38494f87.rna_seq.augmented_star_gene_counts.tsv	4234252	b725ce882c43e0bec66f28de9986718c	metadata_candidate_not_QC_eligible
4f59681b-3811-4569-aa50-ed031f7e370a	532c1852-76dd-489f-9380-36766d6e3c34	e40ad349-500b-49cb-977d-3dc18d0ccbf9	RNA	STAR - Counts	afccc865-1d58-475d-b85c-0d7eca330b0e.rna_seq.augmented_star_gene_counts.tsv	4214409	394fd5a624e37263b39a63413b9e5442	metadata_candidate_not_QC_eligible
4f8e99f9-a32a-4ab9-8f71-642d5db85fe9	2efc156c-464a-4c2f-a854-39fefe32081c	d0bfb6cc-abc4-4b09-b668-1003f3eed1a7	450K	SeSAMe Methylation Beta Estimation	59ded356-91a9-45d8-b2c8-c44f797c725f.methylation_array.sesame.level3betas.txt	13175478	4492879ff907833e4587f248e2f6d82b	metadata_candidate_not_QC_eligible
4fcc8434-2b4d-4687-8a5b-9f3289a8f8e4	12c07138-e3fa-418a-89e3-628da12bc99e	ab07da42-d065-45d5-8eee-7904295044c3	450K	SeSAMe Methylation Beta Estimation	fde10734-68d0-47f9-a184-ec2837138c6c.methylation_array.sesame.level3betas.txt	13151618	5c8f0824e845151b838513c240a39806	metadata_candidate_not_QC_eligible
4fdaf757-5edf-4681-864f-00638b1e7a87	a3f6bc1c-19ab-4eeb-a9ac-3d2fac850bde	b355e6c2-b427-40e7-92a6-2c8c942db86f	450K	SeSAMe Methylation Beta Estimation	821025f9-63e5-4932-9fc4-3d39921f2e2f.methylation_array.sesame.level3betas.txt	13073879	00442079c3925566f9f34d6ca65aafec	metadata_candidate_not_QC_eligible
503df94c-0048-4f7b-b957-3f8304be73f0	81a0b2ff-a3d3-41bb-9ce6-765e6ae894af	29152789-d08a-49d2-87b2-2e2ea8ff6573	RNA	STAR - Counts	7d46888b-282b-4f43-a09a-ff44bd1af110.rna_seq.augmented_star_gene_counts.tsv	4252024	ad0274a89cab084d126ea5c05a86f59c	metadata_candidate_not_QC_eligible
50529755-4486-4a13-98e2-7d9d584ea1d9	b2bc53d6-ef78-4ae9-a6b5-1c7cad9a43eb	796a6e60-2289-48e0-8a50-ddfce6ebf73b	450K	SeSAMe Methylation Beta Estimation	429d0310-b057-44f6-82db-e60be79a5689.methylation_array.sesame.level3betas.txt	13018946	52ec004dff1731675d866244e43964f6	metadata_candidate_not_QC_eligible
505bfb1f-dc96-4f7e-ba2c-8e20eb0e1f6c	1ab7ad70-0f80-41d8-8efa-3baebc8223cc	0bdbe623-cf95-465a-917d-87dfb6a8618e	RNA	STAR - Counts	8b3aec43-4c75-4598-bf0a-168f7ffb9f3b.rna_seq.augmented_star_gene_counts.tsv	4220006	b2f63e2077860a37964300344dd3d23c	metadata_candidate_not_QC_eligible
50794856-6714-4467-b748-8d0ea49c9af6	e2b0d873-4942-4483-9a88-d5c6338d0382	66e63d23-d3e7-4c6a-b099-4000ebaf8c71	450K	SeSAMe Methylation Beta Estimation	07a7ade9-57f9-4d3c-a8e7-3adab4a415cb.methylation_array.sesame.level3betas.txt	13187082	8047ab97cdfee71c971b4c00e824d370	metadata_candidate_not_QC_eligible
508c6166-6095-4133-a42a-79d75b0c0e31	7b89166e-c5b8-481b-aa70-495141499b91	de0e8b86-5791-4e7c-b939-30857cd7b0a8	RNA	STAR - Counts	eda17fff-892d-440a-af83-b353ea60c478.rna_seq.augmented_star_gene_counts.tsv	4226735	948c8e8fd151abfdd683c0e7ea11fc89	metadata_candidate_not_QC_eligible
50966d1a-3934-4fb5-9fc4-71f399cf5105	4ef872e1-82c9-4939-9248-41ed9d3085b2	6b0b11c9-2adc-4b55-b7bb-cf67b11cab86	RNA	STAR - Counts	db3c11b8-53c7-48f8-a16c-b86c1c7534b0.rna_seq.augmented_star_gene_counts.tsv	4229862	6aba7359e0888e296d8ec44b34741142	metadata_candidate_not_QC_eligible
51054c11-8e2f-4f52-bdaf-ebb515508a28	8869000d-09d7-465a-ac32-54d1935c43e7	23157ce2-7257-4118-9a6e-4cdfbc6c4bf7	RNA	STAR - Counts	5158a031-b856-4423-9418-031b3107e88f.rna_seq.augmented_star_gene_counts.tsv	4258291	b1ff3cf25bf73c2cdbda898c85e37778	metadata_candidate_not_QC_eligible
51364590-a858-461d-942f-3d2ababbe66f	967d6548-5a84-4b7e-bc3f-2e522859fce6	32c4dcd3-8cc1-4a7d-b593-b8d0b7541c1b	450K	SeSAMe Methylation Beta Estimation	e77afbcb-b42f-4b8b-a88b-9f5a59bb3e7b.methylation_array.sesame.level3betas.txt	13143193	5a26896624b845b1b092d1b2aabc77de	metadata_candidate_not_QC_eligible
515aa64c-316b-497e-b877-7ab0c89a58bd	84c3ba70-afa7-4b69-be69-7ec8d6022c56	0e02dc1a-653b-4b16-824a-251a1aa41c2d	RNA	STAR - Counts	36f81494-52c4-49db-9dba-26a0c2de2e8e.rna_seq.augmented_star_gene_counts.tsv	4252294	3e6860b24df016fc9c652bfffa8cebed	metadata_candidate_not_QC_eligible
51847dea-489f-4df9-84f8-26a6f2579620	a5f2576a-d628-47de-a5df-76a4f3105dcc	72218786-f74e-4746-9447-26ca882b83a5	RNA	STAR - Counts	35a9d225-0988-4e31-9a39-d54f3a63bea8.rna_seq.augmented_star_gene_counts.tsv	4245328	53810a51254a1fa3ae413dc7f75c5e9a	metadata_candidate_not_QC_eligible
51c0568a-3e54-42a0-b805-0a90905cc865	0fe909ea-d52c-4b71-816f-57f62d4a5744	f716c981-41d1-479d-962e-881d6199abce	RNA	STAR - Counts	b8ae4b22-83b8-4cbf-9d3c-49092b7e0903.rna_seq.augmented_star_gene_counts.tsv	4248243	f09d3d552cccd909ac125dafe5b52032	metadata_candidate_not_QC_eligible
51d76613-21ab-4794-a3c5-fd083b01f467	8fdbd88f-19ae-4ab8-bcd7-6bfa1bbde742	92514fd2-a178-42e8-8929-0910558e7f87	450K	SeSAMe Methylation Beta Estimation	fd3484f0-1f98-4c8f-a1b0-5cad71ffcb0b.methylation_array.sesame.level3betas.txt	13185856	1229aff74644fdb1505a5f8e8bebeb23	metadata_candidate_not_QC_eligible
51ec5a15-11e8-435a-a3e0-2a99690309b9	69584d55-18f7-4786-b3cc-cd528500be44	09656581-db34-4e6e-afe0-80666eb5fba6	RNA	STAR - Counts	7276835e-ce0e-4fc6-a329-27d936c136ba.rna_seq.augmented_star_gene_counts.tsv	4230705	8b759407788b4ee751e262bda55b4ef3	metadata_candidate_not_QC_eligible
51f545d2-3da2-46c1-9ed4-204133701dad	e60a8f8a-0fe6-40e5-9f30-bcff48ac73f4	fceb89f9-c4db-42b4-84dd-06a8603c071b	RNA	STAR - Counts	ebc79b86-12cb-4a5b-b0e4-4d1017ef22f4.rna_seq.augmented_star_gene_counts.tsv	4210246	4ec5b81c26d790a1025a3e2de08d3327	metadata_candidate_not_QC_eligible
52363b7b-f157-4fbe-8388-169b6152c9fe	e16ca88f-488b-40f0-9169-e5a62482a2ff	27a64f32-69c5-4c49-86b4-c8fc923cae08	RNA	STAR - Counts	655b5152-d150-4b2a-b7cc-ef70dc0b2256.rna_seq.augmented_star_gene_counts.tsv	4250387	9b7b008eedede6079972ef9bd66aacd9	metadata_candidate_not_QC_eligible
52d91ece-345c-4c5d-800a-121955b93c66	8e2aca86-7cba-4631-9f25-4d14219dbc6d	e48c5428-b22b-40a8-8f42-193c68e48f07	RNA	STAR - Counts	91e79d93-01a8-4908-805a-12678d68a543.rna_seq.augmented_star_gene_counts.tsv	4235935	37abd7a06ebbf7e3fc3457af2eecbe5c	metadata_candidate_not_QC_eligible
52eb0eb5-8f56-4c09-a7d1-c911b91171a6	5d5cc436-6e57-4d23-a164-7f5153c2e666	15321297-7110-4e79-8d6f-94c95bc83c94	450K	SeSAMe Methylation Beta Estimation	e9770623-3d6c-4941-9faf-c4a14d59b0c8.methylation_array.sesame.level3betas.txt	13201108	4f24ab42825a737d7715a55c128ba020	metadata_candidate_not_QC_eligible
533af58d-4219-4946-93db-dc8cb0529524	d5326429-9805-47f9-97b0-fbda658e3f01	af744755-51eb-4daf-9029-5cf88730b1dc	450K	SeSAMe Methylation Beta Estimation	6aac8098-3a0c-41e1-9581-ef184fec875e.methylation_array.sesame.level3betas.txt	13159364	620ce48045c73cf84e24cda0ea863be4	metadata_candidate_not_QC_eligible
533b6356-becd-4033-8ff7-cc8e2a50e350	8d535aa6-6d59-4965-b5ed-17217d8f5930	1c1c73ec-c57d-4b5b-9a17-8cd3557f21f9	450K	SeSAMe Methylation Beta Estimation	ff33d9dd-eefa-42b0-9160-f4f0138a793e.methylation_array.sesame.level3betas.txt	13173024	e88f075c504396762e238634f8cd33be	metadata_candidate_not_QC_eligible
534d932e-759e-4b65-b455-5e84620ec466	645903b5-ba37-48a1-985b-a019b8db3236	4736860e-fd90-40d1-815e-e1d164123dd8	450K	SeSAMe Methylation Beta Estimation	32421e51-c0c5-44b1-a625-2df49c7564b3.methylation_array.sesame.level3betas.txt	13158431	143902cd4785544848ce26a48825de6a	metadata_candidate_not_QC_eligible
53e50960-fadd-4efe-a663-3fe811d2d9dc	472337c2-a2fc-403a-8c17-69511193128b	cf53a83e-bff6-4b6b-80aa-1847866fa09b	450K	SeSAMe Methylation Beta Estimation	0080cb9c-8ac2-49e4-9e20-c2dcb91b8385.methylation_array.sesame.level3betas.txt	12973728	76072a9e3fe9d52ec6196ea1c21543cc	metadata_candidate_not_QC_eligible
54062dc6-e8c5-437b-b078-30dc6fd038f2	e499069b-a16a-49e9-941a-e3e9ea62af25	b45ae61c-6377-403d-a094-2b7a245cb45d	450K	SeSAMe Methylation Beta Estimation	6fc65f22-60a7-4dac-ae24-478d5a32e7ba.methylation_array.sesame.level3betas.txt	13171060	dbeb8b35203e9d5046e3fdb3ec55e3d1	metadata_candidate_not_QC_eligible
54a66b64-7a0f-4a5f-93f8-a4d34c952fad	8609edfc-119d-4d63-9188-c86aabd5ca52	a06a952f-aaea-4471-8004-26108e382a9b	450K	SeSAMe Methylation Beta Estimation	f2e79be4-ff8f-47e8-969f-c29d401cd34a.methylation_array.sesame.level3betas.txt	13075037	02626ca6b3aa859afbeefd8d93afba4f	metadata_candidate_not_QC_eligible
555bdfe8-80bb-46db-80f1-421038f5c2b4	15f12d2c-b834-4bfc-b526-f03bf85bfe96	71de7aed-0fd7-4381-847b-885e1310d6ef	RNA	STAR - Counts	25ef25f6-9982-41ad-9823-62763c6c29eb.rna_seq.augmented_star_gene_counts.tsv	4246061	4c5be09c86f910c1e3ea08a5f24621e1	metadata_candidate_not_QC_eligible
55b401ab-003d-4bc5-8669-7df0cf2a997e	da345947-498b-4272-a231-a987ed4fe151	70058d0b-3a99-490d-8f3a-97611faf2326	450K	SeSAMe Methylation Beta Estimation	0457fc1a-2f1c-48cb-90b7-781a2de9c67d.methylation_array.sesame.level3betas.txt	13166876	dd9dfa2fefc3264d898e44fea56d56f2	metadata_candidate_not_QC_eligible
55bbaa27-e618-48d6-bac3-80e9cfbcdf2c	66ed89f6-8ba2-49d0-af0f-4b6ebf2381bf	9de8d353-3442-41d8-8bfe-a08c4975eaca	RNA	STAR - Counts	81e85e60-a0b6-4898-8cb0-02ac1a70f157.rna_seq.augmented_star_gene_counts.tsv	4254644	741d33e726c4c9be4b6046322f6af731	metadata_candidate_not_QC_eligible
5601dc73-ba9b-4f53-95ef-5fc3de23640c	ddeacccf-0953-4952-8a4e-c2617f2e7bcc	37a8d3a5-baa0-427c-ab43-48ae4b93633b	RNA	STAR - Counts	d6e945f2-4a94-48ab-9ba0-d4f0ee2fb262.rna_seq.augmented_star_gene_counts.tsv	4234980	07e0cb3e38fe8edaacff134fe7e79ea6	metadata_candidate_not_QC_eligible
5695292b-7c39-4ee6-94e8-987f4a456635	5c06d97f-2aaa-43de-b085-09d7829356ba	20c166c8-6e1f-44b0-81ba-c41add0e0466	RNA	STAR - Counts	3b286ed4-51bd-4a1e-9eab-b0ee9adf3b72.rna_seq.augmented_star_gene_counts.tsv	4242893	1c378789bdaa82ddb2d37b1f4e616d82	metadata_candidate_not_QC_eligible
57042dac-4d83-414e-ac77-2b26cf66b2c1	f327dea0-2d30-482f-809c-76a148a749b7	3e2f1a0a-b097-45b4-8cf4-92a38e134bc5	450K	SeSAMe Methylation Beta Estimation	de245aec-c593-42ae-8cc2-9bab2fefd70f.methylation_array.sesame.level3betas.txt	13188211	b8f06811e16b91e9393c3a5828e7e3e9	metadata_candidate_not_QC_eligible
576ad342-ce70-4c3c-b69d-8f1f5c4cd358	58babefe-7e81-4594-ba29-50d1de92a5ab	323d4a3b-38d8-4428-9135-437a839dc8e4	RNA	STAR - Counts	ee14c1ac-fa18-4be1-b836-a1274abafe28.rna_seq.augmented_star_gene_counts.tsv	4234774	03f28bf9185dd87e30a53a43b1d55010	metadata_candidate_not_QC_eligible
577f10d0-c9a2-47c3-aa2f-b1bd5bd86d90	dc9eaaa0-0bfd-46d0-994f-310826879da4	35300581-d122-4221-814e-801512df4984	RNA	STAR - Counts	3b21349a-ee41-45bf-87de-19b6cda494d5.rna_seq.augmented_star_gene_counts.tsv	4257885	0d57d3831709ab5d4813c95f6eaa641a	metadata_candidate_not_QC_eligible
57e07e6a-4aa7-470e-a034-bef2c2d3652d	67dbe286-edb3-4d07-8f74-9e5254f01945	c8aa8a2e-e681-4a82-9320-f35f67650581	450K	SeSAMe Methylation Beta Estimation	a6914e4d-52f5-45eb-97d3-2318958cf8af.methylation_array.sesame.level3betas.txt	13085943	2d63b55b5bee35b60de56c2d72591b89	metadata_candidate_not_QC_eligible
57f95896-e3a3-4458-83ab-9ff52dcb5dc5	54775a66-08cc-4f38-98f2-e7b2b5cec994	c85ed66e-c58b-45d9-82f6-8248b9e05338	450K	SeSAMe Methylation Beta Estimation	32090a9d-c47d-4115-82ca-a72be68a2411.methylation_array.sesame.level3betas.txt	13150950	b049703248fad9f56d10f2bc4afb08cd	metadata_candidate_not_QC_eligible
582ebfa1-2dec-4d41-bb3b-4cb4fad272bb	3c4ff061-d214-4d1c-8d2e-3034f207c252	7c606f64-69a1-465c-9f4e-2eb1ebeda5d7	450K	SeSAMe Methylation Beta Estimation	f2c561fe-5929-439d-ab41-f5bc54e459b0.methylation_array.sesame.level3betas.txt	13130982	d3daba34ed817b80ab4e5bc50a666042	metadata_candidate_not_QC_eligible
58390e08-43b2-4517-b57c-ff899594e55a	c4cfa3cc-e305-42dd-be57-97efbb891659	7d86a05d-f448-4a95-9bbc-6e19338ba98c	RNA	STAR - Counts	80416b83-9ea2-4d33-8ba4-1fe9330d51f2.rna_seq.augmented_star_gene_counts.tsv	4239310	d44b998211ce7aeb8fcf1125605ec9e1	metadata_candidate_not_QC_eligible
58789c20-751d-4ca4-999e-ec8934f54431	4036c6fc-c82e-47bb-a384-6f299dc30b52	adb65cdc-08c7-46e3-a74f-7fa4d0ca4e3b	450K	SeSAMe Methylation Beta Estimation	209b1087-6004-4489-8d76-ac1e926e1f62.methylation_array.sesame.level3betas.txt	13168046	893ab22534f9145a539889b2b928315a	metadata_candidate_not_QC_eligible
58b3d72d-6cff-4c5c-9317-13d88cd17b79	673493f6-975c-49e8-934c-001e9a0fff90	f65c895f-cfea-46a3-b3a0-7c8a98d7522a	RNA	STAR - Counts	49ab8f1a-6252-47b0-9f16-63e065f33efd.rna_seq.augmented_star_gene_counts.tsv	4236793	d577430cc1b82504a921cbd36a0baa39	metadata_candidate_not_QC_eligible
58c52804-9a14-4747-b31f-7b0fbee5a231	482eb2a7-6fed-4e4c-b1b6-14d6d869f855	0382e297-1b96-433b-9440-6811d685b13b	450K	SeSAMe Methylation Beta Estimation	8c41a875-9cda-4991-89ec-659986362564.methylation_array.sesame.level3betas.txt	13178533	2fef105baffff2ad9a998e21981adb7d	metadata_candidate_not_QC_eligible
58dcd45a-714f-4a22-b367-813dd41829de	44adf4cb-2829-4153-80fd-a8b7ee0e654a	587f8383-3a48-49af-8ac4-d86e6009c96b	RNA	STAR - Counts	f21b5258-2e93-4fe0-bd98-9eb1216e824b.rna_seq.augmented_star_gene_counts.tsv	4233595	5c25b3fcf6e406dd7eda01e20d90b5d3	metadata_candidate_not_QC_eligible
592ae630-bcfd-462a-aa24-3f195411c1b1	1c339545-c08a-4a77-b8e9-a7e49e53853f	bf8fdf82-62b4-4b5d-93e7-ce153576fe49	450K	SeSAMe Methylation Beta Estimation	c6e1e4bb-a61a-4cb3-ba9c-b7e0a7c9f094.methylation_array.sesame.level3betas.txt	13127951	bab27d4e341e9024900c09b0852ed93b	metadata_candidate_not_QC_eligible
593e91b8-cbcd-4dbf-95ed-9dce881a430b	a3fd20b2-e001-44ab-9716-754e5ae70808	3c330531-cd16-4176-b67a-7997c4e518b5	RNA	STAR - Counts	8d438e20-04cb-4b39-b3a9-96a3a35de104.rna_seq.augmented_star_gene_counts.tsv	4231720	9f8c230a15bf3b782827f7c355f3eff4	metadata_candidate_not_QC_eligible
5a416ece-fee1-4efd-9338-7bbb0941dfac	a9644274-13bb-4228-9b4f-14260ccc26eb	ec52b227-65eb-406f-a02b-f4cd1fdf6b3c	450K	SeSAMe Methylation Beta Estimation	5ac39c18-b055-4a03-a3ac-26cae4e62fe0.methylation_array.sesame.level3betas.txt	13116447	b328d93cb2da9abce1ca6bc5cc109136	metadata_candidate_not_QC_eligible
5a7bd024-3d92-4e64-86bd-b6eea34f6526	6cf49cf0-de4c-4c90-8358-eae19c6206b0	3af63e86-157b-408c-9527-58a45107ddd2	RNA	STAR - Counts	e9f19ff2-29c5-4578-9c23-9d58c192ff59.rna_seq.augmented_star_gene_counts.tsv	4237587	51f8dffbecf75b35908f5483dfe3d7e5	metadata_candidate_not_QC_eligible
5b35a8d6-346e-4479-a0f0-950685ae221b	b8475929-2d9d-4909-bd62-59684a140bd7	c7f76210-d0f2-4fb8-80f1-35098dbe03de	450K	SeSAMe Methylation Beta Estimation	e402ff66-76ef-4431-8283-6a46e5719d51.methylation_array.sesame.level3betas.txt	13147243	4ed992ed1eee76683661d1684170631e	metadata_candidate_not_QC_eligible
5b99d571-43d2-4d26-9a3b-0a299a0ce048	4cd3d483-2283-4c6a-a57a-444216119d34	b675e2fa-e96b-48a1-aff0-7d311c053d5a	RNA	STAR - Counts	60cc41cd-a0af-4cad-a4be-253781e2f0b8.rna_seq.augmented_star_gene_counts.tsv	4222207	8b62fcc48ef1b4143da81fe3b74cf6dd	metadata_candidate_not_QC_eligible
5c32fbb8-55ee-4bc9-a0db-d8ac0b04bdc4	35cb7841-9b09-465a-90c5-e3b8a9faad49	3b284fc6-7dc4-46c2-8ec9-1121ef0b4308	RNA	STAR - Counts	4966ebc7-b3d5-49d1-885d-f6ae4a8781e6.rna_seq.augmented_star_gene_counts.tsv	4220045	c5144e55397649f3223f805b5d73d5d5	metadata_candidate_not_QC_eligible
5c4993ce-5eb2-47d7-8de0-95cb0fb922ee	95fa64b0-91e1-4427-b81a-53c47a053563	63e09d3b-9462-4555-b5e7-41740faa7dde	450K	SeSAMe Methylation Beta Estimation	beea8c54-3638-48c2-b1ad-a395e3f960d3.methylation_array.sesame.level3betas.txt	13061846	69f64973c50b9c0c0a16277ba41a107c	metadata_candidate_not_QC_eligible
5c6fc3b8-94f8-4a2b-af54-79c56c2ce38a	ae702159-5b6a-41dd-868c-7540f9e1131c	745aaf77-a464-4363-b6e4-10d30ff947b8	450K	SeSAMe Methylation Beta Estimation	7d0d1e37-a610-4e77-9d6b-79ca0f72cf9a.methylation_array.sesame.level3betas.txt	13138265	85c44fafd715f90d17e77d8140f948ba	metadata_candidate_not_QC_eligible
5caf3127-967f-4d07-b49d-7126728e2048	bf34664d-423d-4257-99d4-797f7d366455	5d4e89c1-563b-4008-9cfd-1b3eb4fbf88a	RNA	STAR - Counts	1d7be20b-b4ca-47bb-9552-689f2e3ff0f7.rna_seq.augmented_star_gene_counts.tsv	4249339	40c6fe8905f979c9b4741b4ffa69cc6a	metadata_candidate_not_QC_eligible
5d54d5f7-cfbc-4b9c-aca9-15c46934a833	cbbea9f1-396a-4bf3-b67c-2cac3394dceb	5e04d394-7a40-4e89-ba20-892774dcb469	450K	SeSAMe Methylation Beta Estimation	36037ea1-1cc4-489f-95ab-35e8dec40614.methylation_array.sesame.level3betas.txt	13153030	f620d08285a11e3e8337f9e7b11d42f0	metadata_candidate_not_QC_eligible
5dd8168d-fe35-4a32-8520-1deaef953b10	2923e404-38f2-437a-b57e-23401fbe0273	37901d81-dc2a-4f55-b6c5-f117274d50b8	RNA	STAR - Counts	53244201-6282-42ea-9da4-31524ca39bf8.rna_seq.augmented_star_gene_counts.tsv	4254633	25e705bada4449307884203cd694067f	metadata_candidate_not_QC_eligible
5ddf8f4a-edd8-4b97-8d4d-76655d9018c5	9f81c602-8afa-4588-b0b6-6e5a1a128d5a	4d85772b-287e-4790-b1e8-cd1c0e88ad48	RNA	STAR - Counts	59a0b90e-8b8b-41b8-95f0-d51961a94be5.rna_seq.augmented_star_gene_counts.tsv	4221814	26904b98fc550132996ccef4342a5cb3	metadata_candidate_not_QC_eligible
5df2e0f0-9e18-42f5-bf61-643530af6c01	d2824e6d-3784-45c2-9b0f-52b17356b5da	f9f9c1dd-8462-4560-82b8-aea4309854c9	450K	SeSAMe Methylation Beta Estimation	c3113131-59d9-4d87-85da-27f6c65d1b4e.methylation_array.sesame.level3betas.txt	13193330	c769b133329ada6a624121228926027a	metadata_candidate_not_QC_eligible
5ecec8fc-845f-43cf-82c3-73dea85cc53c	467d96d7-4a42-4116-8c32-0e4b34f96d8a	5942f197-2b77-4a7f-8bca-763cc1902a0b	RNA	STAR - Counts	461cd8f2-fe53-448d-b6a9-0a95792464c7.rna_seq.augmented_star_gene_counts.tsv	4235780	c6db66bee178f64bc449e8cb0e0eb01b	metadata_candidate_not_QC_eligible
5ecf82a3-8658-4a64-a14c-fc5d1d6f56f8	dd46c83e-6551-485b-b935-f3beed891244	bdab4848-dfb5-4b58-9d79-4ab0f0f80cbd	RNA	STAR - Counts	2172f060-6402-44dc-a918-2f9c15c21fa4.rna_seq.augmented_star_gene_counts.tsv	4207394	3fbe3820ba2a58b94cabf84d7191aaeb	metadata_candidate_not_QC_eligible
5edfb99b-ef38-4f97-a59b-efea8738442c	16cd58db-d52c-403e-9e9c-6da2e99f6bad	5e9ed3d4-fad6-47fc-aa55-c7e710b76dc8	RNA	STAR - Counts	a9a12604-5100-4e45-b7f8-7e7c0d02a139.rna_seq.augmented_star_gene_counts.tsv	4241383	8e3e8f70a7451ca5f8d5560d0eee792b	metadata_candidate_not_QC_eligible
5ee18bcb-08da-402d-b95b-6b365c71d449	d45aee46-838e-44af-8422-46710b3240a8	063385d8-f8bc-4268-8219-63dc2dc7973c	450K	SeSAMe Methylation Beta Estimation	413eaee8-d2db-481b-b8b4-6aafec44cbe0.methylation_array.sesame.level3betas.txt	13108154	50945b0c40481f1471adc30d65ec1801	metadata_candidate_not_QC_eligible
5eefc0d2-90b4-495f-803b-cfe9f158b980	b8b5ed35-b299-4c1e-9226-5ca055dc7a43	b4cff170-45a5-488f-8dbe-07e934f683d9	RNA	STAR - Counts	67fc0674-3f48-41ec-a650-7efaa41607fa.rna_seq.augmented_star_gene_counts.tsv	4229541	c2b438d62a23a3f2a438d3d2306977f1	metadata_candidate_not_QC_eligible
5ef157e9-bb3d-4214-a946-f5bc2bbf74b6	75a0bb0b-6528-4fb8-a9e6-254905d21df4	44d07be5-4621-41a2-a574-35122a3e5fbc	RNA	STAR - Counts	6078603d-a4e2-4a1a-abca-01fb63106888.rna_seq.augmented_star_gene_counts.tsv	4243528	b7a089eaaae9f690fd24e0648cc96c56	metadata_candidate_not_QC_eligible
5f2d965a-25df-4736-a675-efeb59341a04	bab43415-d413-40be-a4c0-2c40a52afe6a	dd9a6c68-b8b4-4168-9ff9-72a45f20c44f	RNA	STAR - Counts	9a54be5e-6201-4beb-9689-289b9849756e.rna_seq.augmented_star_gene_counts.tsv	4199867	9d598f42a96080927d9e4ccc40ac79a8	metadata_candidate_not_QC_eligible
5f4fa91b-489e-4ac9-b685-53952f77bd7a	349e6f38-2c67-4a69-a777-b9173a2a27cf	174e4405-4848-4e5e-93cc-0cdf2795c91a	RNA	STAR - Counts	0bb88c14-58c0-45d8-a8f3-f41840f62d37.rna_seq.augmented_star_gene_counts.tsv	4229070	610bf6cfc175ec826bc898feead50f01	metadata_candidate_not_QC_eligible
5fa05f88-7da5-46cc-aac3-db8a6766f598	1f1df7ea-00b9-4432-86de-da773d1451e5	933577d0-75b1-4f9f-baa1-2dd1ab254fd2	450K	SeSAMe Methylation Beta Estimation	40795d8c-ed2f-4020-8291-1273253f0645.methylation_array.sesame.level3betas.txt	13140825	ceb65a21a392c0f46116ae8fc56fe1ef	metadata_candidate_not_QC_eligible
5fa5664e-daf5-4082-8d39-703a5d650e43	b36b7567-30d3-4d0c-84c4-b203986e0fdb	657cb9df-3597-459a-991a-2dda352e08ae	RNA	STAR - Counts	a6caa89b-29fc-46cf-8d6b-a6c0241be6d7.rna_seq.augmented_star_gene_counts.tsv	4241712	1b8d306c7b79f00655a7ebd2517ef9a5	metadata_candidate_not_QC_eligible
5fd40f84-d74a-461c-be8c-6996266ae39f	5202458b-c38a-47c0-a0ba-5f1a59a762a0	58084363-d165-44b9-9702-9a1e3732ee1b	450K	SeSAMe Methylation Beta Estimation	3afdd139-6afb-4f8e-9b2b-5e35e3c3f0f0.methylation_array.sesame.level3betas.txt	12660606	8bda04b7d4be50f2f77e6c743cd222a0	metadata_candidate_not_QC_eligible
60477322-5657-495a-8ce3-4f806acd3dcb	44dec838-b653-42a7-a58b-a1fd232cd68c	dacbc55d-25c6-4e86-bd1b-38345b4df7a7	RNA	STAR - Counts	b3f38fc5-d1e6-4fd9-bd36-b413a3ac850e.rna_seq.augmented_star_gene_counts.tsv	4260745	8d2243d599431039568c47062d3ec343	metadata_candidate_not_QC_eligible
6068d0a3-cd60-48f8-8e88-0ae39cac8ecd	6e3b6b72-142d-4b8d-a462-28a205796e41	2ff8bafd-2ac5-4bfd-8c60-81519cd44166	450K	SeSAMe Methylation Beta Estimation	a2298929-4d14-4f3e-b079-3efe2fce3dcb.methylation_array.sesame.level3betas.txt	13101091	95e02b83efc5c37bbc0c1c4a0078f24a	metadata_candidate_not_QC_eligible
60fe2275-e2a2-476d-b5ad-71250de10f53	0d0d83d9-d558-4d38-977b-6f1b2471beda	85e8a3bf-0536-4556-a40f-8a523c04b337	450K	SeSAMe Methylation Beta Estimation	e3b0c13f-fd38-4cd5-83c8-a93e021f4290.methylation_array.sesame.level3betas.txt	13012364	e3d136fcb38666434cdb96ff4c9d8775	metadata_candidate_not_QC_eligible
61277530-2207-45be-bb00-b9ad813a85c9	706420c4-8820-4b41-80d9-f3efd1d2a4f0	b5c9beed-da9d-4110-9b6d-54a66498d5cc	450K	SeSAMe Methylation Beta Estimation	80e60be0-b21c-42fa-a8f9-aca032dfd2c5.methylation_array.sesame.level3betas.txt	13171067	5c1d6f722abe8bed49ddeb1b108accc3	metadata_candidate_not_QC_eligible
614afd6a-05ff-4914-896c-3ac4280e510d	b61abdfd-b7a0-4e1a-b570-d1eaecad3a9e	9edea53d-ad06-4b5d-bff0-48e834c3684f	RNA	STAR - Counts	7ec16b5a-7a86-4a22-9f1c-74d42ab1f43d.rna_seq.augmented_star_gene_counts.tsv	4234395	8ef2fa7352a300b991cc0f7e3a71c8e1	metadata_candidate_not_QC_eligible
6197af26-7720-47ae-8af5-37a2bf947378	433a32d0-93d1-4897-8e36-beb1ec1d998e	3e7cdfb1-cdeb-4c56-91aa-08930083b39d	450K	SeSAMe Methylation Beta Estimation	41df1552-4f17-4107-bf4c-a4d3aeadc1fc.methylation_array.sesame.level3betas.txt	13119678	1635ee4310587b89da2c842e2c48da7a	metadata_candidate_not_QC_eligible
61a227ee-8a3d-4f4b-b5a9-41e11d36d878	1d276b62-5e64-48fb-b2ce-5192b511fe37	373c5231-b6ae-49db-ac0d-d674a0c9c100	450K	SeSAMe Methylation Beta Estimation	5ea9dff6-ff76-4d66-ac4f-6f231e77330d.methylation_array.sesame.level3betas.txt	13169548	1ce27e20d314325b2229c920517e869d	metadata_candidate_not_QC_eligible
61b39972-b2ce-44b3-a820-3357412f27a3	d3e23815-7f9d-48aa-9aef-3a1dd9d464d7	ddbe2867-b02a-45d6-8514-921eaf6074ea	450K	SeSAMe Methylation Beta Estimation	fbc538bb-af5f-4c95-a528-53b29416ca81.methylation_array.sesame.level3betas.txt	13093029	b77cf5190278f8f9ebdb7ad8a809fa41	metadata_candidate_not_QC_eligible
62560d5c-0cae-4fc7-820a-9c1236eb2c80	a244a99a-d7cc-4fb1-bc76-b66886481621	9ab40e48-6979-43cb-9acf-1d4f474cad4d	RNA	STAR - Counts	f30ea4c5-0110-403e-b171-2ea1e35c1ea0.rna_seq.augmented_star_gene_counts.tsv	4226025	8bfa27688dff26f89c327a22f31fd088	metadata_candidate_not_QC_eligible
6266df91-a92e-4cbb-af00-0b575c969ac0	7ca711ec-9ac0-4fa7-8a60-32ae84b8789a	07af724b-7a04-47b8-b282-662710a1c347	450K	SeSAMe Methylation Beta Estimation	87bfc79a-92c3-401c-bf6b-5f6b76a16cce.methylation_array.sesame.level3betas.txt	13183853	2b883953ef4c480495e186780238639a	metadata_candidate_not_QC_eligible
62cdda72-a90e-49e7-9423-24540d696049	1d276b62-5e64-48fb-b2ce-5192b511fe37	373c5231-b6ae-49db-ac0d-d674a0c9c100	RNA	STAR - Counts	ed4e21ee-1471-479e-af75-72c91986787a.rna_seq.augmented_star_gene_counts.tsv	4223246	dc44c4bafed2c3e608eb6cb78ec86701	metadata_candidate_not_QC_eligible
63a884f4-0d20-4cb5-b485-72e066b6490f	d7ae8efb-aa4d-4807-9772-55b0a28ccd5c	493205f9-34b7-483b-885a-ace1e4894250	RNA	STAR - Counts	d3ebb2ea-10db-4c29-8e7c-7c13b23b5b15.rna_seq.augmented_star_gene_counts.tsv	4231541	ed0423f0517fabc14c44cdcd125c1956	metadata_candidate_not_QC_eligible
63f5b69e-2307-4be6-98e4-b0f57b6394d0	9ca1a26c-82e0-48b3-b3bb-2ed57086eeb1	ff0ad6a3-94e2-4dea-a9c8-7c790d65e56e	RNA	STAR - Counts	c8bfb715-4c7a-4e3e-baa2-bc842d80654b.rna_seq.augmented_star_gene_counts.tsv	4238271	b313bb91df790ee85c2b40fa2b28fc1b	metadata_candidate_not_QC_eligible
64101504-305f-4c62-bc27-40493e3c9575	a8d6694c-a213-4544-ac0b-63bce16d8f4e	336eb991-5705-4bc0-a167-6d7f82f81697	RNA	STAR - Counts	5541c1a3-e0e5-4ded-ae0a-687e87a7d708.rna_seq.augmented_star_gene_counts.tsv	4222700	c2d8a1280069d1ae4f6875d99bd94ce3	metadata_candidate_not_QC_eligible
648b0d02-f264-4d88-9997-baed8f000a60	8f04660a-2efb-4947-9eab-375066b9eb33	752c10cd-6816-459f-9844-1775e75ad6cf	RNA	STAR - Counts	6c438dcf-6ec0-4bf7-8122-875490967b70.rna_seq.augmented_star_gene_counts.tsv	4249970	96663d7e70cf35a9fe1e370d6c34e806	metadata_candidate_not_QC_eligible
64c35a37-5b92-4e2e-831d-9bbe50401dd5	482eb2a7-6fed-4e4c-b1b6-14d6d869f855	0382e297-1b96-433b-9440-6811d685b13b	RNA	STAR - Counts	f6f15b7f-1af0-4da5-8ca5-a4b488d8f412.rna_seq.augmented_star_gene_counts.tsv	4264421	775b0378100731e2d5626c2b44f14b1d	metadata_candidate_not_QC_eligible
6508912f-5f91-43e6-8e63-9233bf3e81eb	fcfe0b53-dfc1-42fa-9efc-2b2ff259297e	cb0017ba-aee1-4046-81da-320040863bc2	RNA	STAR - Counts	d1eba37d-0b00-47f4-a7c8-d2e80ec3e27b.rna_seq.augmented_star_gene_counts.tsv	4240750	454d329deb52bdfe0de142d001cec544	metadata_candidate_not_QC_eligible
65192809-7552-4057-b016-9764158be3ee	cbfef004-b437-4d51-9d88-a2db50aa6481	a6096034-3c2c-4c96-88fe-56a22c2d167c	450K	SeSAMe Methylation Beta Estimation	7043c480-976d-45fa-8c3f-23cadff96fd3.methylation_array.sesame.level3betas.txt	13174474	b4114f61fb2e673ff72617ad7b37ea82	metadata_candidate_not_QC_eligible
6525f4e0-ba79-4576-89b3-df0ab6e45309	f4350d9c-3f40-4829-bbc4-8acb2f3ff512	a05b004e-8a92-4520-a3e1-85ed60db14fa	RNA	STAR - Counts	a5f6ddd7-f795-4920-b714-ed86942953e3.rna_seq.augmented_star_gene_counts.tsv	4245794	6a687e24eaaf5e56dec613cc190c04be	metadata_candidate_not_QC_eligible
65370464-f75f-404a-ade2-6b707d7f6590	5d7ec32a-049f-4997-9882-1b3ac157e02d	fbb7751d-75ca-45aa-af13-ed5cfb01ef41	450K	SeSAMe Methylation Beta Estimation	30f0992c-a6a4-449b-948f-7a8d5b41d4f6.methylation_array.sesame.level3betas.txt	12936107	145ab72826c17290f145616fc579deb4	metadata_candidate_not_QC_eligible
656fd74d-49d8-40a5-8eb9-dac0fbe4ea2d	c6b680e3-d96e-4fc7-8053-77454b7a14fa	3d39d81b-c341-426c-b979-560c429b3af2	RNA	STAR - Counts	131b98d5-aaf4-4a6c-bb96-c33895cd814a.rna_seq.augmented_star_gene_counts.tsv	4253351	09aa4903a42a22afa8ffbef01f6e7014	metadata_candidate_not_QC_eligible
65b91a69-f98e-49b5-8f87-667dd0aeafdf	3d2aa654-1b5f-4eb4-a1c2-af31f5760069	4b202550-9744-4c6c-ad17-97f764ea3f18	RNA	STAR - Counts	9c92bdc5-8b9b-4843-82a4-2fa6ee4d40a3.rna_seq.augmented_star_gene_counts.tsv	4256372	51f33d209baeefcd45088777641baf87	metadata_candidate_not_QC_eligible
65bcd707-c301-469f-a2f1-1faa097795b8	923b37e4-fcf7-46a0-8cb2-9139711fec7b	32342d96-3b04-4881-9e98-9cb63918fe48	450K	SeSAMe Methylation Beta Estimation	6783a8bc-8dfb-46be-9738-bb6e1dd468d2.methylation_array.sesame.level3betas.txt	13083635	2bed502c1c4d27636c2a403327d0fcc5	metadata_candidate_not_QC_eligible
65ce01b5-6057-4292-9b66-6d0c0f261907	b89de053-d253-447f-952e-9a2edcf6bca5	2421f79c-fb83-46f6-9ae2-dd275575f568	450K	SeSAMe Methylation Beta Estimation	820c136b-a314-4bdb-9ebe-33181bd65aac.methylation_array.sesame.level3betas.txt	13169593	281e0493ef9c41d5777b8b6d29efa51b	metadata_candidate_not_QC_eligible
65f85615-96a2-4b3c-ac05-ab67d0bf9e99	4ad63dac-76a7-4527-abce-d7a0184e8739	81905199-81c6-4718-8bea-951bc6c810a1	RNA	STAR - Counts	ff36264d-8485-46e6-8259-0b55f651ed8f.rna_seq.augmented_star_gene_counts.tsv	4234091	db2fbef479705f91deb9fbe10231bb1c	metadata_candidate_not_QC_eligible
665a7af8-9c2d-4a31-9a22-da89fc7107b2	875333ab-9048-462d-aaa2-693ad127e3cc	d994817a-474e-4f92-8a78-7586caa85d52	RNA	STAR - Counts	6f53a60f-3be2-48df-a15a-4675e99efba1.rna_seq.augmented_star_gene_counts.tsv	4220068	a66b49a6d71bc1607d8a2cac2552bf9e	metadata_candidate_not_QC_eligible
6661012a-3fc1-4918-a787-76cdd8b9e35c	23069f19-eba5-4ea5-ae7d-1ee4399ce7c1	4f516204-3c17-4df0-b9bb-6b6dc9af4fd2	450K	SeSAMe Methylation Beta Estimation	7f9e97e7-c154-4828-a8e5-8bb8d8e8cfc6.methylation_array.sesame.level3betas.txt	13190873	2c9d92c979d4640104e61d58998005ea	metadata_candidate_not_QC_eligible
667a9066-debb-4f43-94f7-3277e66d8991	2db08267-d346-4d42-aac0-b76831903253	55f79464-e4d9-47be-8ce8-c4959e9eb753	RNA	STAR - Counts	9207fbc6-99eb-4535-8c02-c8bba5875c1b.rna_seq.augmented_star_gene_counts.tsv	4226951	b12e3b5d460ef96e3c17a15e9923d7ec	metadata_candidate_not_QC_eligible
668d7295-629a-496a-b525-b5b8157baf11	a5bd7d50-9c14-49e6-89cf-6bf440c42309	ce8e86ec-52dd-45ad-b65f-ca10e5f782f4	RNA	STAR - Counts	e25887be-64fe-4e7c-983b-4fbdec52c4b7.rna_seq.augmented_star_gene_counts.tsv	4251449	4d3665909fdb463d2fb915b38b7159fb	metadata_candidate_not_QC_eligible
669ce970-42a3-4797-bf9c-0de40a021bbf	5abd6651-69be-42f8-bdc0-308e68136d31	96bd691f-1807-456a-bef1-cb5018f5b0b1	RNA	STAR - Counts	0832f2ee-ad00-42c7-8cc3-9c63a7b5cea9.rna_seq.augmented_star_gene_counts.tsv	4238136	1a4b67cde878f37fe78ecb8d498135c5	metadata_candidate_not_QC_eligible
66a02230-24eb-48e1-9f07-df4f2d9d553b	765ad5a5-134b-4680-a6d4-1dd113dc47cc	3bce57d8-32d5-4f56-b0a4-544c3fee778f	450K	SeSAMe Methylation Beta Estimation	62be53ca-e2b3-4534-b62d-483a66b4c55e.methylation_array.sesame.level3betas.txt	12755838	aa2097cdf398d8b5e922995552adbc0e	metadata_candidate_not_QC_eligible
66e79734-9053-4f61-9a32-bee376f5dab0	a3f6bc1c-19ab-4eeb-a9ac-3d2fac850bde	b355e6c2-b427-40e7-92a6-2c8c942db86f	RNA	STAR - Counts	a4a57e8f-cf4f-4322-b7fe-2336a58cd50f.rna_seq.augmented_star_gene_counts.tsv	4217253	5af58684e4d41816a94ab46ae66f85ca	metadata_candidate_not_QC_eligible
671af7d9-0fec-4e4d-a668-c33fa5d5f14f	4cd3d483-2283-4c6a-a57a-444216119d34	b675e2fa-e96b-48a1-aff0-7d311c053d5a	450K	SeSAMe Methylation Beta Estimation	79adda4b-685a-49ca-a768-7aad361d6a2f.methylation_array.sesame.level3betas.txt	13137161	127267a312103eff19fa9d10beaacde0	metadata_candidate_not_QC_eligible
67543f50-3821-4723-842d-3924b9a32142	eeab558b-8d1e-4843-861d-dbfb06061758	74bcf2d5-fd42-423e-bd96-b2de1b0cf778	RNA	STAR - Counts	1da64d9f-f5dd-4017-bf82-d1a61512b56b.rna_seq.augmented_star_gene_counts.tsv	4217045	0a7a8cd5f1ff8bb03146c36f27b55c39	metadata_candidate_not_QC_eligible
677e9730-3d25-4d95-8a5d-d9b8b7b05d15	362000e4-cf7c-48fc-93cc-8f5994b442ea	36576033-1b30-4d02-977b-983220fc8f32	450K	SeSAMe Methylation Beta Estimation	e4acede6-5ddb-45f1-95f5-03375928323f.methylation_array.sesame.level3betas.txt	13153520	1342b5197ac4527767c0881958927aee	metadata_candidate_not_QC_eligible
681ccf8e-e513-417b-bae2-71ab09067237	9c894668-88f5-4308-a1c0-6b8acc6aaaec	7ed47e1b-1d36-4f8a-a101-3ef0756ad08f	450K	SeSAMe Methylation Beta Estimation	7d3ff74f-3a5b-4eb5-be90-ea2418722944.methylation_array.sesame.level3betas.txt	13178376	65feae24c61aa28f809c0b068d567a64	metadata_candidate_not_QC_eligible
682bee4f-6a44-4b3b-b282-d6edfc2265de	258a3a41-211b-4c66-bd3b-ef03014a6967	45c17476-0525-46d2-8448-48d4de6713f1	450K	SeSAMe Methylation Beta Estimation	cc616472-f1af-428d-b468-0f45c467374e.methylation_array.sesame.level3betas.txt	13189570	ef6507ad43245b13507e2438ad521558	metadata_candidate_not_QC_eligible
68386483-e988-485a-a501-9bade5a95e1d	f3f024c2-52f1-400e-946c-398f5b72e6dc	91719392-76ce-479f-ba05-e43bf0201cc4	450K	SeSAMe Methylation Beta Estimation	e9dc6a29-c281-41f6-9b2c-c3fa2f6442fb.methylation_array.sesame.level3betas.txt	13143360	b60cd868666e0109e206a9438d8e242d	metadata_candidate_not_QC_eligible
6855a406-c085-45c7-b789-981786f0c775	127bf818-f7e5-46b5-a9de-39f6d96b8b83	eb822f95-8b15-4c86-b5e5-b0afe9c32e0c	RNA	STAR - Counts	9ebc079c-069f-4468-8b9e-680e39a3c4ad.rna_seq.augmented_star_gene_counts.tsv	4243976	27b48c36af06bc65f1e56fd5d4acf608	metadata_candidate_not_QC_eligible
68acb010-b09e-4340-bc84-2cdc7d6057f0	528a0fce-0719-4b19-a69d-3f18681696c5	5de445ab-85e8-4bec-bf61-f6b4240306e1	450K	SeSAMe Methylation Beta Estimation	8a4fc09f-ebfa-400a-8ab7-9472ecedbb95.methylation_array.sesame.level3betas.txt	13166304	69a2f76e4404fb77290c27692c673686	metadata_candidate_not_QC_eligible
68b00cb6-4335-4c64-a3e0-0c29ed574480	c4d1e105-28b7-48df-abef-fbe09782fdb2	38c83b40-fba4-48d4-ad6e-93768cb6139f	RNA	STAR - Counts	5418228b-cfd0-4580-87c6-3ebf6282ad73.rna_seq.augmented_star_gene_counts.tsv	4211769	fbabeebae2266a15dd0d21fc71796c93	metadata_candidate_not_QC_eligible
692a5c89-8f1a-4e23-a490-b092c6bb37c5	98ee294a-46ed-4572-bdd4-a932c3498a25	e13c84fa-e93c-42dd-874f-c1d616c72dd8	RNA	STAR - Counts	64a2d5cb-2892-4d2a-aa7a-cc1a6dec1c46.rna_seq.augmented_star_gene_counts.tsv	4251917	44a3b36c64045a88bed0b6f746dd4e2a	metadata_candidate_not_QC_eligible
694f7130-16b8-4f83-ba68-48349cc2395d	9ee20c0d-a1c3-47f3-abda-131b3f190f52	bdd75bca-6224-4743-a367-cb1ff01e8121	450K	SeSAMe Methylation Beta Estimation	b681064e-0b32-4f74-9c2c-adbc8fe84bf2.methylation_array.sesame.level3betas.txt	13184052	546b3b2d523d13e210d60d5a0df5d734	metadata_candidate_not_QC_eligible
69933ac8-e7a7-43b6-8231-2ecb35f88d52	12ccd581-a921-41bc-bcee-4e9be54532cc	16a2d381-75a0-423b-aac2-d5710afb183b	RNA	STAR - Counts	c9d8385a-9f73-48f9-bca4-1c0647881bfd.rna_seq.augmented_star_gene_counts.tsv	4235050	8eafe6fede10733417326ed7b3e61f12	metadata_candidate_not_QC_eligible
69a379e5-c8ba-43ed-b267-bad111c851fb	67dbe286-edb3-4d07-8f74-9e5254f01945	c8aa8a2e-e681-4a82-9320-f35f67650581	RNA	STAR - Counts	929a50ee-02a9-44f5-8078-e4020a89263f.rna_seq.augmented_star_gene_counts.tsv	4249251	4d87adab0256e62652f56526c1741c66	metadata_candidate_not_QC_eligible
69a75aac-a1f6-4528-97d4-4952187a7f29	34d8e84e-c3e1-417d-8b9b-8563d9fa0f8e	a3bf3f65-7b44-4993-a126-c76870dbbbac	450K	SeSAMe Methylation Beta Estimation	bdf0290e-e405-4831-9c32-c3018d34c8b9.methylation_array.sesame.level3betas.txt	13184505	23dcdd5b0b695de748a7daeb6dcfe292	metadata_candidate_not_QC_eligible
69e97c5b-4c8a-4710-a0f6-48ebfd917f5a	294cb595-0907-44c7-bbef-985a27c1e6e2	4a42220d-afcf-4cda-b030-f84cddd61e66	RNA	STAR - Counts	af276b15-2dc4-4724-bbf5-1be8224b7f73.rna_seq.augmented_star_gene_counts.tsv	4214387	a52ccf5219e9acd92ddebf65affe68e2	metadata_candidate_not_QC_eligible
6a8ff129-e259-4f5a-b255-74650ef03c86	c0e263eb-1a83-4dc8-8abe-3dd2a59bae1b	3e8b8c83-55c0-43f7-a4c1-24386b6f4f3a	450K	SeSAMe Methylation Beta Estimation	88e84cf0-19b4-45dc-b31f-d0350918a6ca.methylation_array.sesame.level3betas.txt	13074035	ea30e4a878ea271980e9eac8beaf45a3	metadata_candidate_not_QC_eligible
6a960a86-89b9-4929-a7ef-e5d7fafe71c8	7c7d777b-bf00-4c24-97fc-922580d5605f	d00051b0-6181-47be-91c4-79d9530d18a5	450K	SeSAMe Methylation Beta Estimation	936ff588-6342-4148-aa4d-df80a31d9e83.methylation_array.sesame.level3betas.txt	12971578	c5b404202173a5b80df93ddb3b7f4b79	metadata_candidate_not_QC_eligible
6ac6539b-76a3-4b1c-8da3-6d621308454a	9fcdccae-676e-4071-93c3-23d2d3ab0c00	f9455bbc-a475-476e-bd97-6137fb011e65	RNA	STAR - Counts	f3d482bb-14e8-4569-bee4-22d7d2a027ea.rna_seq.augmented_star_gene_counts.tsv	4213184	6f7def999c58d9701e5fafea74cf01a4	metadata_candidate_not_QC_eligible
6b6751a5-2dad-4bb4-bfae-b2239770fad8	8cc6bcec-65df-46a9-a88c-09762a132857	4bbc2e4d-c9c2-4142-924c-c4d939522ddd	RNA	STAR - Counts	41fde338-9254-4ad2-9806-d7864c2d038e.rna_seq.augmented_star_gene_counts.tsv	4246540	400c739136c9fea94e49d6d7b05bdeb0	metadata_candidate_not_QC_eligible
6bec00ac-81d0-4f29-bb4d-99102992914c	1d90c9f3-5025-4867-a2f0-e455b6a254fa	60d4bb1a-a25f-485e-8247-1ea42220015a	RNA	STAR - Counts	0326e97a-2ec7-4038-98f3-03d94962d869.rna_seq.augmented_star_gene_counts.tsv	4241905	a733db7feddb683bbf4ce002ae40c570	metadata_candidate_not_QC_eligible
6c66987a-38f6-4125-8ac1-aa55921fcc26	d288b69f-1e79-4429-8646-9994b7c54f8f	5a9f5ccb-635d-440e-ad03-fde8f63a2233	RNA	STAR - Counts	f77f77e1-073c-4f6a-bc48-1ba165ecc024.rna_seq.augmented_star_gene_counts.tsv	4233750	350a2f170bf1813048d9831ce0acb2d1	metadata_candidate_not_QC_eligible
6c986318-707c-489e-87af-1e0d08e3294c	77f8c850-b4e6-46a1-ab12-a50e0044a0c8	6ea79640-5376-40fd-b9d4-e846335579d2	450K	SeSAMe Methylation Beta Estimation	d3e305f3-194e-4cd6-967d-3f585dd68541.methylation_array.sesame.level3betas.txt	13175477	f955a4374c329db6307c0f91cc9f5358	metadata_candidate_not_QC_eligible
6cf91beb-1e1e-4dbd-93a8-8764071742e1	21fb46f9-4bbb-441c-af19-a687e9138344	f0a4ae58-d5bc-4ab0-b1cf-0d951ea91fc7	450K	SeSAMe Methylation Beta Estimation	604ecb59-277f-4462-a2e0-edf67daf4fc0.methylation_array.sesame.level3betas.txt	13192709	8da71f68f50592c27a6d463a1e5721a2	metadata_candidate_not_QC_eligible
6d0c282d-43d7-44fb-94e6-25771385e326	cd0dc947-b708-464e-beb7-954c9d4583e7	c35a5ed1-1821-4077-ba1e-b972dfa3233b	RNA	STAR - Counts	d4422306-b68c-4687-9131-02a60a2d4c42.rna_seq.augmented_star_gene_counts.tsv	4263467	552ee233c6cb65b341ebd50ae1236118	metadata_candidate_not_QC_eligible
6d275a1c-a8e3-40b4-8758-69d85a31f0a7	27fceec1-3298-4cdd-a4e6-8f5cf34604f0	ed5b47c1-569f-492b-8d6c-155e3ba79acb	450K	SeSAMe Methylation Beta Estimation	a191d61a-8cbf-48a5-96f3-8d96dac1b2aa.methylation_array.sesame.level3betas.txt	13192625	b09afc84435b2eb1f0c64ff4a35442de	metadata_candidate_not_QC_eligible
6d4fc521-df92-4d04-8118-d363ac31bfa8	591c068f-bbb1-4df2-9abb-d1a2e4a58372	63d5b15a-fb94-4b8b-9e93-1dd1cc0a157f	RNA	STAR - Counts	868157f2-85e5-462c-9994-1e50791ad2c0.rna_seq.augmented_star_gene_counts.tsv	4218313	85dec422ecf0bdf4dee8cea4f416ffca	metadata_candidate_not_QC_eligible
6db46103-4c8f-4c80-a2e3-7a0fb59434a5	ab8d7f84-dd71-42c7-9471-4db967a9c89c	e273b4e3-35dc-4f46-a668-70d6eb8bf4fc	450K	SeSAMe Methylation Beta Estimation	8a43ed1d-b4f0-4998-bea0-c7375b7e56fb.methylation_array.sesame.level3betas.txt	13195036	cbc10dfe80429c1ebde05979ce122c20	metadata_candidate_not_QC_eligible
6dbef5cb-6bc8-4aba-a205-4fd1cc71d458	cd902d08-215e-4bd0-88e4-4fd01ab43cbf	1e5c2507-a7ee-4714-afdc-08a6c0f415e9	450K	SeSAMe Methylation Beta Estimation	eff97c7d-79b4-45b0-b9f2-1bee7ba85034.methylation_array.sesame.level3betas.txt	13170615	a3556dd85849b7e6ee69ff42e8edd7f8	metadata_candidate_not_QC_eligible
6e128395-b765-4238-8bee-8d0b0d9a9888	5fe77d4a-a8a5-4c90-8ff2-9c3bbbb309ef	091e0712-7fde-442c-aef1-5c504f91b227	450K	SeSAMe Methylation Beta Estimation	e0e0e41d-ffaf-42e8-80f3-36c68ddd28a1.methylation_array.sesame.level3betas.txt	13158754	a36a0b83e48d7e6932659a049446c57e	metadata_candidate_not_QC_eligible
6e13476c-4c5d-4750-9e1d-7e93482a849a	1575148b-0f63-44ee-86fd-93ae1a02be0b	aeb9e1bc-a9d2-4aa3-8cdd-cc4edbf5edf9	450K	SeSAMe Methylation Beta Estimation	dd6d9e08-dbc9-4570-bd94-4e61c3907974.methylation_array.sesame.level3betas.txt	13195519	08e76a37f804e92dff634f513c3e7be8	metadata_candidate_not_QC_eligible
6e1efae9-3cad-4af2-a73d-d5c6a03f1855	2a394996-809f-459f-a647-d209921ccbd2	72ca76ae-bcf6-4f98-b891-95bec77fad2d	450K	SeSAMe Methylation Beta Estimation	56ad4c21-0a1a-4c08-8fd8-0c1fc5a22974.methylation_array.sesame.level3betas.txt	12765319	13c173a0017b8f87e3352c652cc9c655	metadata_candidate_not_QC_eligible
6eac4810-d2d3-4c48-8854-d61cc96cc7d4	66763a0c-6cda-4832-a0cc-e7b496d78eaa	a4d06d63-8da9-4c3c-a75d-4079c2238aa8	450K	SeSAMe Methylation Beta Estimation	c760d927-69fb-4c81-94f4-96aa62abe13d.methylation_array.sesame.level3betas.txt	13204757	d17d1aa156ccd56f77b84d3bb093abbe	metadata_candidate_not_QC_eligible
6f012636-9128-44cb-8170-c1ff8dca5ef8	32592562-11fa-435a-b40b-2b242bae53aa	7dceaead-79bb-4e91-a724-f0fae56442ce	450K	SeSAMe Methylation Beta Estimation	968a2afe-cd94-4f03-b6c0-39cb2ad75665.methylation_array.sesame.level3betas.txt	13175802	8de9fa7caf9b920f9533a9ee78adfbca	metadata_candidate_not_QC_eligible
6faaf840-cb06-493e-81bc-26041d6b6939	8981f0c9-7155-4c96-bf77-7d40fe404323	a096292c-055c-4243-b625-1e2a5f31e3d6	450K	SeSAMe Methylation Beta Estimation	9482f806-4880-4938-9c7d-0d9052d1b0c4.methylation_array.sesame.level3betas.txt	13112037	d3ede675cfcaf6217f5ed4c2df6eebbc	metadata_candidate_not_QC_eligible
6feef177-114c-4285-b242-481fe0aea551	aee86a89-0377-4080-b16c-408bfbe78687	e54ef0f0-38a5-4226-9a6a-c76aa12de589	RNA	STAR - Counts	77322072-2a7f-49e6-a9d1-c521c25acd70.rna_seq.augmented_star_gene_counts.tsv	4257905	45b7be11c5973bc8825c17ba14a80053	metadata_candidate_not_QC_eligible
6ffee11a-6a56-438d-a282-e64db6498e29	12ccd581-a921-41bc-bcee-4e9be54532cc	16a2d381-75a0-423b-aac2-d5710afb183b	450K	SeSAMe Methylation Beta Estimation	55bfdce7-4ae6-48a1-894d-80621caa1d06.methylation_array.sesame.level3betas.txt	13164910	a53735cae36db22fe1952e301c59688f	metadata_candidate_not_QC_eligible
7181e057-0ec7-410b-b0fe-ff8de3d14d98	ad74c0e8-8878-4efc-997d-981cd547bc5b	05c6aeef-ef6a-4176-b283-68def74d13ae	RNA	STAR - Counts	d1b10396-1656-4963-8fd0-7d7368c24dd2.rna_seq.augmented_star_gene_counts.tsv	4259835	cbdf59033666adb0a79bee58b2bd3809	metadata_candidate_not_QC_eligible
71ac888b-0acc-4cfd-a21a-4c9ff8d06bf9	2f1a4b16-104c-40eb-8114-8245847bb716	558e3668-fbe7-4e8e-beb0-90ab33587b5a	RNA	STAR - Counts	bd84bab3-4614-4806-bfd1-dab3fca9d6fa.rna_seq.augmented_star_gene_counts.tsv	4228970	df571b77146fc739adb1b5b1878a9bdb	metadata_candidate_not_QC_eligible
71ea4a13-3f21-4011-a648-954723435b4a	31458638-e19c-43e5-ab13-9c64b3b3681d	a28cc4b4-4819-41ef-adf7-34ee50e29ba6	450K	SeSAMe Methylation Beta Estimation	72a78e11-422c-4e99-8ee4-8614e6a22a43.methylation_array.sesame.level3betas.txt	13130935	83e63ee290471deceeebe87a035f0dc3	metadata_candidate_not_QC_eligible
729b7ccc-4e5f-4d78-85ad-2ac67d091e95	8cc6bcec-65df-46a9-a88c-09762a132857	4bbc2e4d-c9c2-4142-924c-c4d939522ddd	450K	SeSAMe Methylation Beta Estimation	8f690cca-96cc-4c17-b15f-627df01a1e06.methylation_array.sesame.level3betas.txt	13182437	97f5c6ccd8fe4f6815e0f313da7ec0da	metadata_candidate_not_QC_eligible
72a886a7-8936-4fa0-bd21-4e90ca212d38	abab925c-bef3-4072-b9c4-40f808744593	51206ca4-92c3-4fab-94a7-7f38aa4e0bee	450K	SeSAMe Methylation Beta Estimation	b69fdbe4-a747-45f2-8890-192520e33356.methylation_array.sesame.level3betas.txt	13137583	09bdced5fe8a216392afb0f5bf325489	metadata_candidate_not_QC_eligible
72d9c332-92e3-4f9c-899d-1de9969b1bd6	e64f76e4-f748-4d9e-ba71-53e2818a7920	43b96e20-df08-4c56-915f-5d626f90c415	RNA	STAR - Counts	6667948a-1834-4572-a1b3-3bc9096650e8.rna_seq.augmented_star_gene_counts.tsv	4245736	bcfe7738574088400654ae1e2e320592	metadata_candidate_not_QC_eligible
72db648d-0ff7-418b-b7bd-590eda282f74	f98ecd8a-b878-4f53-b911-20cd8e17281c	8f274178-7a8e-46b6-8d2c-900338bbb946	RNA	STAR - Counts	f0395da6-5f12-4a35-8aa6-0b1b47a2acba.rna_seq.augmented_star_gene_counts.tsv	4245810	b7ee69b362188669c7924dabfb628b0d	metadata_candidate_not_QC_eligible
733ba3ef-1879-4dec-aa78-98491f43ec61	42d208bd-cd77-4bfb-ad53-9fc072a87393	8ab7f1ee-35f0-460c-8a4f-751748de5e4a	450K	SeSAMe Methylation Beta Estimation	6495ad4d-1237-4180-98e3-11d3e73bd05b.methylation_array.sesame.level3betas.txt	13026547	eac0cd983dcfc4d8d1ec6df40570a4bc	metadata_candidate_not_QC_eligible
736227d9-3cee-40ed-bdec-0e88968ef179	c2a1de2e-6451-4c95-8ce6-263f2b7e6eff	64fb8eba-a055-4128-92ca-695a3a6f8ebd	RNA	STAR - Counts	7623e22f-3401-47b3-be94-23f5da20ee0d.rna_seq.augmented_star_gene_counts.tsv	4217863	f1a74a7251cb845a2daba64797c8aabc	metadata_candidate_not_QC_eligible
7380baf3-bd03-4d38-aca3-9ae9ba761ab5	9f4f2ff3-3c02-4281-a398-b0d0955e58eb	b2e72f91-58fb-4a15-9a13-09c93b339bc6	450K	SeSAMe Methylation Beta Estimation	edd44cdb-1f90-4e36-afc8-1e61dc3be1a4.methylation_array.sesame.level3betas.txt	13136300	4b6183b1d857918c3958ead7ebfaa9ae	metadata_candidate_not_QC_eligible
739b3fc4-0924-4d13-aecc-acc93cb9f486	f1985735-a188-4567-a88a-530f9b80291b	83d01ff9-d0a9-4606-80ed-9a417a980ef7	RNA	STAR - Counts	bc037eb7-5afa-4730-b896-23bf21a31641.rna_seq.augmented_star_gene_counts.tsv	4269814	f551ba1938fa0b0fcb81b8e7a4f1b03b	metadata_candidate_not_QC_eligible
740e79c4-19e4-4759-a43b-18a34c3216e9	5f4934be-eee3-40e1-8838-38103badc898	5a8b5291-c9c2-48a8-9d01-66b150a71eb7	450K	SeSAMe Methylation Beta Estimation	aa0ebc08-6ca8-4027-8cf1-0f2b231be0d3.methylation_array.sesame.level3betas.txt	12672922	3beeaefd82c45bce9227d9a5e3f3cbd0	metadata_candidate_not_QC_eligible
741e0996-d818-4602-baf9-36e67fe7d11b	230dc42d-681c-4e31-9d2e-c724e61829fb	b671ceeb-72d0-40e3-8279-954e6ed242dd	450K	SeSAMe Methylation Beta Estimation	0300ad91-d4fb-41ce-822f-844a9391b6dd.methylation_array.sesame.level3betas.txt	13045218	948cfd7436c3404ea8aaee8306140500	metadata_candidate_not_QC_eligible
7429ab01-a223-4be3-9b41-99100ea06d99	d2c1e896-6886-4122-bb48-5fbcd3f641f4	c9e092b2-d6c3-4161-bd9e-0fa4015bebbb	RNA	STAR - Counts	e860f314-beb1-4dfd-adb8-e188f13ca1c8.rna_seq.augmented_star_gene_counts.tsv	4248016	18faa9f923350f09f5f136d780c74582	metadata_candidate_not_QC_eligible
7433085a-d10e-4597-a999-cc6d800509bd	0a1eea76-e19a-4547-9b24-abf7051cc4db	1a954c08-6297-4c7f-ad8c-e50cb2754f7e	450K	SeSAMe Methylation Beta Estimation	e5419571-0fe0-4358-b803-3fd83e5d653b.methylation_array.sesame.level3betas.txt	13174871	cab9366667360d607fbfe832b1ad6b68	metadata_candidate_not_QC_eligible
74b6cce1-6a5b-4f86-8f41-d842106bfe8f	5fd0f07b-8bb9-4378-bd26-28a26057e8fe	a527b0d5-599a-4ec6-9eca-bae98872f440	RNA	STAR - Counts	e48cabb8-73cd-4d42-81b0-f9ab7bebecc1.rna_seq.augmented_star_gene_counts.tsv	4250320	10a399584f292e29af3b0fce35b88872	metadata_candidate_not_QC_eligible
7537435b-e092-441c-b184-bf0d357bda5d	ebcba7f2-ce13-4bae-97cd-91a6b1dcd465	7ecb9621-7a1f-4876-9dfb-9b77cc4cb7b4	450K	SeSAMe Methylation Beta Estimation	e084ff03-8d3e-4ccd-9630-632583445eff.methylation_array.sesame.level3betas.txt	13192220	441c10f941e50b566b4713dbd972e405	metadata_candidate_not_QC_eligible
754343b4-f9f5-478a-a076-2791b8857c3e	abd6647b-d2eb-404d-8283-443e92addf55	ee6445a5-22e8-42d8-a2e3-8f0058066352	RNA	STAR - Counts	8a6d64cc-3f03-4a5d-b6ce-83fa9c7f7d07.rna_seq.augmented_star_gene_counts.tsv	4258956	5af2aac801e2a7259b41ef4caca8fdac	metadata_candidate_not_QC_eligible
75435c87-01ab-4d65-ab87-8d3737e848ab	70081320-540f-41d2-8687-ee6d011f8eb0	cca5449d-6645-4588-a0b5-c1f0b57e5c3b	450K	SeSAMe Methylation Beta Estimation	f405e89a-6792-425d-a670-d18dc2d270eb.methylation_array.sesame.level3betas.txt	13172224	efe0bfe68f94a04c0e5f3bcb734ae021	metadata_candidate_not_QC_eligible
75719c78-9935-40e0-bd30-1f8eec34badf	0b15fcb8-1fb7-497e-80b9-d3db66a3c0a2	aee334d0-5a07-4392-bf02-aca59066a68f	RNA	STAR - Counts	74aaf5e2-be23-49b1-b694-3a3dde306a5d.rna_seq.augmented_star_gene_counts.tsv	4254844	c92e56274fc2cad8f4eebcc650dfd214	metadata_candidate_not_QC_eligible
765f26d4-120a-459d-90c7-74a8532b407c	5af499be-d2b9-4eaf-9a9f-435dccb51917	11e65f8b-4e48-42e7-a87c-bcf2538168c6	RNA	STAR - Counts	fa7777c7-e04a-41db-9ade-0c875c62411f.rna_seq.augmented_star_gene_counts.tsv	4228472	6f458d0bdc6812915432f06e1019dd20	metadata_candidate_not_QC_eligible
7666bfbe-6803-4b5d-b3b4-e9069fc4bea5	e499069b-a16a-49e9-941a-e3e9ea62af25	b45ae61c-6377-403d-a094-2b7a245cb45d	RNA	STAR - Counts	c18d9cb5-17ca-4c49-bd72-4b4c6184fba3.rna_seq.augmented_star_gene_counts.tsv	4220158	599701dbdeae7d240828cacbe37318a4	metadata_candidate_not_QC_eligible
76ac1fee-bf40-463f-a4d8-cb9affe0e7c5	75589307-f141-4d0d-b35d-adbbc77b3dec	cba50f48-facb-4eb3-9a72-73c5b585bdc6	RNA	STAR - Counts	7086e8ce-d1e5-4901-ac33-31c299f46356.rna_seq.augmented_star_gene_counts.tsv	4247335	e02c45cf2ed173e2a353fd83b6cea964	metadata_candidate_not_QC_eligible
76cc364e-8214-4a17-8083-9ea80e74c400	2fabeb98-05e3-4f55-97f5-fbc675e25a3d	ec51c45a-d518-4333-bd7e-3ae606b40d01	RNA	STAR - Counts	918be5f7-a963-406f-8ce4-0a3e528998e5.rna_seq.augmented_star_gene_counts.tsv	4243235	532a71a067f0e4104b824a67c52d0839	metadata_candidate_not_QC_eligible
775f63d2-d752-4d68-abc1-129fce5c3301	f327dea0-2d30-482f-809c-76a148a749b7	3e2f1a0a-b097-45b4-8cf4-92a38e134bc5	RNA	STAR - Counts	6aa56177-0576-454d-81e8-28aa9ce76406.rna_seq.augmented_star_gene_counts.tsv	4238700	cd814ca615d8b2be63df5c14b4ab0131	metadata_candidate_not_QC_eligible
776b73ea-761c-40b0-9a8c-246f488d8691	35cb7841-9b09-465a-90c5-e3b8a9faad49	3b284fc6-7dc4-46c2-8ec9-1121ef0b4308	450K	SeSAMe Methylation Beta Estimation	54abeafe-df97-465a-96ad-1cf2ecf83124.methylation_array.sesame.level3betas.txt	13160754	804201e8185f9aa44da867e062734a60	metadata_candidate_not_QC_eligible
777ed88d-a1ca-489a-9927-32602c77b539	4a1d30e8-e93a-41ed-8e54-08eaff6556a7	452d513d-d9f8-40bf-a3a7-75453c875561	450K	SeSAMe Methylation Beta Estimation	b3f82b96-cd1e-4557-947c-223739b0fcb8.methylation_array.sesame.level3betas.txt	13153165	f529b20b882155011c12ff9e4d56b38d	metadata_candidate_not_QC_eligible
77819b24-ea90-427b-8a99-c9a90417c903	42ca54fc-c1ae-41cd-bca1-7fe9810db460	5593f581-3d45-4a4a-a525-bfae1f4753a0	RNA	STAR - Counts	b307f8c5-d21f-42ae-9771-07126d58999e.rna_seq.augmented_star_gene_counts.tsv	4256327	17ef1ace139348ed26e624c75141db31	metadata_candidate_not_QC_eligible
77b2c8e8-d630-4b66-be6e-db594df4e0ec	3e635902-5310-4406-8b4d-a238ce382639	1fd0b739-e037-4791-b4a4-daf75d55022b	RNA	STAR - Counts	fc4f0b8e-ced1-4543-a21d-3cbb2d269eb0.rna_seq.augmented_star_gene_counts.tsv	4233531	68a918ea345dbed817a274accc49bf8c	metadata_candidate_not_QC_eligible
780617e8-6a28-4774-b1e6-3135e1932327	b8475929-2d9d-4909-bd62-59684a140bd7	c7f76210-d0f2-4fb8-80f1-35098dbe03de	RNA	STAR - Counts	5a1b3a79-375e-47a7-8a30-b37fbfd8162d.rna_seq.augmented_star_gene_counts.tsv	4223286	e3b4c6bab93e8bb6c408fdeb991b526a	metadata_candidate_not_QC_eligible
7824f6b4-3823-42e4-ba69-da904ea9d34a	edf80622-aea2-4b50-bb69-691d6708aa83	81fb5fa9-d901-4faa-b909-376b8676d2bc	450K	SeSAMe Methylation Beta Estimation	4d3ef394-2249-448e-99c8-7ccc713e3199.methylation_array.sesame.level3betas.txt	13143445	2e1001ba5468491ea768dd241ea4b945	metadata_candidate_not_QC_eligible
78313cad-f214-41e4-9782-241fb4cb311c	595fc3ad-f603-421b-b130-52f1f617050b	ecbaf334-d86b-4316-ae93-84feff5da296	450K	SeSAMe Methylation Beta Estimation	f64ae796-3674-4068-a540-73958cea1d49.methylation_array.sesame.level3betas.txt	13036224	251965dcf083dc629c6700751b32d7cc	metadata_candidate_not_QC_eligible
78d70b30-8812-4802-bca7-f1b8135b9cbd	83e38dbd-edab-47f2-b19f-6ea38fc6bece	56703aef-270a-4537-b9a1-c9ebbe873411	RNA	STAR - Counts	db66be89-fb7c-41c3-9a0b-9beae75b7850.rna_seq.augmented_star_gene_counts.tsv	4254576	c23ae4717a1c8bfadf469112a0e6d2cc	metadata_candidate_not_QC_eligible
79188e6d-3dfa-483d-aa0f-7cb6f7d8ff91	9944f46f-9fa8-4e2c-a806-776bec7f8803	21b2f32e-ccea-4b20-86d3-6647e99825cf	450K	SeSAMe Methylation Beta Estimation	5615db64-d5d8-40d5-b023-70e68b28bce2.methylation_array.sesame.level3betas.txt	13186858	b38ec7e885f1fac33cf080cfd3c8fbac	metadata_candidate_not_QC_eligible
799dea03-d322-4b58-b2c6-106c211d63f6	a3fd20b2-e001-44ab-9716-754e5ae70808	3c330531-cd16-4176-b67a-7997c4e518b5	450K	SeSAMe Methylation Beta Estimation	422f5cda-a7a1-42e9-8f76-7e8b2212786d.methylation_array.sesame.level3betas.txt	13141483	c4a7a1edf36aa9d306e9117c37c668ce	metadata_candidate_not_QC_eligible
79c71d84-c186-430d-8c5f-07f37970fb85	1c58d9b8-17a2-4fc6-9898-fe6f47bd2c2a	4131da8f-3c6c-43e1-a7eb-81cb8988f524	450K	SeSAMe Methylation Beta Estimation	87bc194f-3421-49ca-a9b3-5e6b448030fe.methylation_array.sesame.level3betas.txt	13200808	a78e031e2746e267efd2dd824afc42dc	metadata_candidate_not_QC_eligible
79e1051e-20ea-4bea-a981-71416f89df04	e5f956dd-f49f-435c-83c3-5b1b0a2050ed	34492a58-bfc3-48a7-a1dc-a5c3f5f7d462	450K	SeSAMe Methylation Beta Estimation	b01fbd55-8406-416e-8c4e-1b13a22b232e.methylation_array.sesame.level3betas.txt	13160044	0aacf5e096305f6f0bd8f4fcd4605e42	metadata_candidate_not_QC_eligible
7a176670-7636-4329-951b-c118b816cfca	42432463-8e92-4f25-b72a-f03953527aa5	cf14428a-1964-4f11-aa9a-d60c6631c2c6	RNA	STAR - Counts	9ce317be-70dc-4dd2-86b5-e6f79be6f10b.rna_seq.augmented_star_gene_counts.tsv	4241397	b67abf0b1d828c1958c03adcec5584fc	metadata_candidate_not_QC_eligible
7a1fa339-b02d-4d91-89e8-a869f08d61d8	ac0d7a82-82cb-4aec-b859-e37375f3de8b	3073311b-5b00-4fd7-b1f6-1067d2e86564	450K	SeSAMe Methylation Beta Estimation	03f87100-cefa-403f-bcea-63de1b1e8c2b.methylation_array.sesame.level3betas.txt	13173471	43cd276e4d470f95f7f20bb07d576e43	metadata_candidate_not_QC_eligible
7a26df49-5d12-4dc2-b686-07e015a415b0	108a71cf-b9db-47cd-aa74-c03ec989b41b	bc0fe45c-3249-46d7-8991-c6888f0b9579	RNA	STAR - Counts	1e3d606d-e374-460c-a046-b6c98aa8256b.rna_seq.augmented_star_gene_counts.tsv	4235093	4227d00c4ec12db70520d68161741ce9	metadata_candidate_not_QC_eligible
7a2e7511-e77e-4805-82a3-cb9f5939ed26	0c0b610e-fe4c-406d-a5ed-5cc3b11dabf5	ad66185f-983d-4416-b705-25d3d4d8b5a5	RNA	STAR - Counts	735e3d15-4df3-4162-b819-1ebc1991bfce.rna_seq.augmented_star_gene_counts.tsv	4233266	de241e6043b73a7f78859994853a80b2	metadata_candidate_not_QC_eligible
7a3f27a9-476d-43e2-abb8-db402f80dfcf	996a0070-e9bf-4601-8ef7-60212108258d	8e131477-b3c5-43ea-bb00-c3052e67c74b	RNA	STAR - Counts	9ba0ff4b-4276-45ee-a543-a2e837777923.rna_seq.augmented_star_gene_counts.tsv	4230618	766e34e9da73695da4e71aece82960fd	metadata_candidate_not_QC_eligible
7a59e84b-2d4a-4148-966d-7eadeb61ef38	f7f9f522-de88-4f9c-8ba4-7be3726faaf8	e71a1971-e1c7-4cd9-ae0a-9458a053042d	RNA	STAR - Counts	9fde5e1d-5b86-411d-b194-3eb3c6305ebd.rna_seq.augmented_star_gene_counts.tsv	4242753	9c21043c5638dba7273a01f2c1e1173c	metadata_candidate_not_QC_eligible
7abd9747-a947-4b15-b51c-c82cda9f065c	ceead734-1ce0-4385-b65a-a9c853b7308e	37dd3ded-0df0-4d10-8756-0429a6da5405	RNA	STAR - Counts	731c955b-e1e8-462a-9c94-64310f2d7eae.rna_seq.augmented_star_gene_counts.tsv	4244173	1622584397c678c7e0361519fdaec87b	metadata_candidate_not_QC_eligible
7b26e197-cb01-493f-a485-bcced6628ac5	3ed05070-6633-4de5-9f72-090f93aa2e4d	db809a73-5e5f-42f2-ab05-89bac944411d	450K	SeSAMe Methylation Beta Estimation	ec026de4-cdcb-4e0e-b2f1-fe4e3fecf0fd.methylation_array.sesame.level3betas.txt	13137311	f0d567471dcaa687cecfcd9063afdc03	metadata_candidate_not_QC_eligible
7b364375-01ab-4f56-8ce5-b90432835d40	294cb595-0907-44c7-bbef-985a27c1e6e2	4a42220d-afcf-4cda-b030-f84cddd61e66	450K	SeSAMe Methylation Beta Estimation	653bf83e-fd57-4946-88bb-3d4c6599286e.methylation_array.sesame.level3betas.txt	13137604	8e56484ce93786d781a7c773ac1d918b	metadata_candidate_not_QC_eligible
7b3f1e0a-2d0a-40a6-9ccd-deb403fd2f16	4c31127e-d095-4978-9dac-35153c27f6ed	5bae2e45-6dbc-458c-a66f-702eb1af7357	RNA	STAR - Counts	743f08af-5537-4454-a219-18639e5127c6.rna_seq.augmented_star_gene_counts.tsv	4248825	aa82a61464747826f8e8281c7e2e988b	metadata_candidate_not_QC_eligible
7bb06e86-923b-45d2-8a6c-981fbf818767	54a9cc9e-3eee-4caa-9f33-4ea64a2999ba	61358ba0-7194-40f5-b239-2ed06cbaf546	450K	SeSAMe Methylation Beta Estimation	3cc09057-fb71-475f-802a-2ee2343d24bb.methylation_array.sesame.level3betas.txt	13195148	cc4fe63b81d5b6c2c1b7bcc41c2d1080	metadata_candidate_not_QC_eligible
7bc6d1c2-7d78-4b67-9c0d-8a836047f721	26a92e1b-08d8-45cd-af0c-eaf2514808a2	6f44f833-1108-4ea1-a472-f3964f2d73a8	RNA	STAR - Counts	e4fe566f-bf64-408e-a422-fef7b855391f.rna_seq.augmented_star_gene_counts.tsv	4236145	8fa4504d7eefffe6f9fc7100a0b79b2f	metadata_candidate_not_QC_eligible
7c802f6c-03bd-4612-835f-c82f6b8f2137	b256e065-c681-4f82-8b68-a8ef7c413791	11f47c9a-6435-47fb-ace2-74f29f5f3f01	RNA	STAR - Counts	9f938aa7-9fc1-4893-aee4-15ab668b9260.rna_seq.augmented_star_gene_counts.tsv	4250317	14aaa84fb2138c7d738d057b693f80a9	metadata_candidate_not_QC_eligible
7cb19688-bac4-41bf-b69e-977ac0da0aa1	258a3a41-211b-4c66-bd3b-ef03014a6967	45c17476-0525-46d2-8448-48d4de6713f1	RNA	STAR - Counts	aeea81c2-afda-410d-a0bb-955e7cddda09.rna_seq.augmented_star_gene_counts.tsv	4240623	627ad43fa8fa858f2eb4cb406d19f0fe	metadata_candidate_not_QC_eligible
7cf36ebf-b16e-49ac-bcc4-b127b1f2a3da	daf0e08e-1738-43f8-874a-b37d79cbe3a7	359f80d0-faea-42ad-82c7-e34d238a3a3e	RNA	STAR - Counts	3dde8e24-6a2b-49ab-b4df-c058f18a3851.rna_seq.augmented_star_gene_counts.tsv	4252365	589cd84827918fc45ee16368ada13790	metadata_candidate_not_QC_eligible
7d27e93b-f225-4b30-91b7-5b968d04d783	a3de401d-91fe-49a2-bb07-81c1a06506e6	ed61ac6a-f21f-4b88-928a-029340d4aebd	RNA	STAR - Counts	f3b31315-692c-4040-9f89-1a9988ed2fbc.rna_seq.augmented_star_gene_counts.tsv	4247394	a027d459babff6b6fc3f7cf01ef58377	metadata_candidate_not_QC_eligible
7d4f5563-437b-429b-ad8e-2d5912bfc2ac	a1e65587-24c1-4b41-92a7-4e1f15fffd78	d809a778-d1ac-4406-ab09-67cc70f1f0c2	450K	SeSAMe Methylation Beta Estimation	992137be-5709-4894-b154-a3767813f49a.methylation_array.sesame.level3betas.txt	13189768	ac6baeb42350b8a3d7e6f74c9702db76	metadata_candidate_not_QC_eligible
7de2abc1-9ab7-4eaa-addc-ad6bda0aaa6a	b40d0849-f4ef-4a14-9732-9beb708cb46b	7ec420fc-c770-4cb8-a186-8ce94f791444	450K	SeSAMe Methylation Beta Estimation	68bc3bc5-7d7e-416b-b082-2220a3c21ce1.methylation_array.sesame.level3betas.txt	13181076	4c89aa805b5e63b749214cc54f715d3e	metadata_candidate_not_QC_eligible
7e15200c-5a79-4144-beb2-08830d4bfcc6	f934ed41-090e-4313-bbc5-d1a4a9ed9ad7	6176e1f7-8dfd-4de4-8abb-3eff1839de56	450K	SeSAMe Methylation Beta Estimation	68c5b441-cc3f-43c3-8fb0-1ecccaf64940.methylation_array.sesame.level3betas.txt	13188520	516b6b1be48294438ea75b64e75caa2a	metadata_candidate_not_QC_eligible
7e7e2fcf-b934-4665-84f3-d5ac0175e7ad	389f78a3-fa0b-406c-9434-aa0298341a8c	3012b1da-0624-4538-8835-a701b0be5c66	450K	SeSAMe Methylation Beta Estimation	99d6d19a-2584-421b-8337-3f1e4a9eed52.methylation_array.sesame.level3betas.txt	12914580	9e1aa3e6561cbda0424069a9b7fc9817	metadata_candidate_not_QC_eligible
7ea76d09-04a8-4488-be66-dd23eefdd39b	7b9479ff-23d6-4689-91f0-02efc94300f9	ba172f1c-7e94-41e6-8078-41079b8eeee8	450K	SeSAMe Methylation Beta Estimation	4dca0ac4-41a0-45da-9c4b-4dfd7cc21f8d.methylation_array.sesame.level3betas.txt	13169378	8e6fac574f81b27b6d8f2d6298f684de	metadata_candidate_not_QC_eligible
7ea826d5-76ee-4362-b856-f17d9c9fad78	2b68b51f-bd4c-4bbb-b4e6-2eead53da2a4	0d1aff40-772d-436f-9802-971880a2058b	450K	SeSAMe Methylation Beta Estimation	c9c05811-41fe-46ad-8c44-dfdcf7cbda02.methylation_array.sesame.level3betas.txt	13163797	210fca206ea24751c0192c72c9be326b	metadata_candidate_not_QC_eligible
7ecc8719-4027-4f72-af05-21d197940d47	6ee9caec-65ac-46db-9426-ffaa31967ae2	1a929496-806b-42f7-a45d-5f66a73eedcd	450K	SeSAMe Methylation Beta Estimation	233b6bf8-f204-44d8-b1bf-23bef6bd6f1b.methylation_array.sesame.level3betas.txt	13013280	31af1d75c1861b92a340d3990e1487f2	metadata_candidate_not_QC_eligible
7f67633b-3eba-4891-94aa-b3e38f6927ae	659668e8-f0d9-4ff2-bbc8-9246f2ef49ab	afec3b25-c3f7-4e48-8fb0-6fb4dd581081	RNA	STAR - Counts	acbeca74-24ec-4e54-98e6-d3f59475dde9.rna_seq.augmented_star_gene_counts.tsv	4229430	68f224b4f8fa9a7750f70100bb534b5e	metadata_candidate_not_QC_eligible
7f70c9bb-a18a-45e8-8177-34145a6c0dc9	6092bd5c-e97c-4a77-a4ad-c87623b17507	d4d43ae0-2a4c-49e5-8481-fa3614dfe5c1	RNA	STAR - Counts	20cddb4c-1ad4-4f0e-bd5e-3071f573b2d0.rna_seq.augmented_star_gene_counts.tsv	4239315	e7512faf47de2531589223ea5ed87cb7	metadata_candidate_not_QC_eligible
7f827e47-e374-4c0e-8fec-b53018bfad03	742e0e32-25b5-4d41-8bf5-364b571cfd93	2df58e78-c244-4e4e-9360-d1ce8943c01d	RNA	STAR - Counts	f01d4b93-8aeb-4b87-a063-59d7b6057fba.rna_seq.augmented_star_gene_counts.tsv	4243758	a23de752384e55c3561f88e8ca95c827	metadata_candidate_not_QC_eligible
7f9624e7-0e7b-4a2b-8413-1737f0f7c1d0	f2d8b332-2f03-46e5-a9d5-f163972e5fa7	826d2a46-4a89-4398-8a22-1ba7fefe4a7b	RNA	STAR - Counts	8e1fcc77-bf23-42e4-949f-d429f7211dd6.rna_seq.augmented_star_gene_counts.tsv	4226727	29785b75fe3e6352aecc7a29fd84be79	metadata_candidate_not_QC_eligible
8031046b-b353-458a-9333-e888033050e2	3e635902-5310-4406-8b4d-a238ce382639	1fd0b739-e037-4791-b4a4-daf75d55022b	450K	SeSAMe Methylation Beta Estimation	a27f851a-3654-4a20-b3bb-2d226d2212fe.methylation_array.sesame.level3betas.txt	12973705	744bd693423c4da4e1749a7ff9b22b5f	metadata_candidate_not_QC_eligible
807ddda8-ac26-4a50-80e5-658f6dbd1f69	3b89ac82-63f6-41b9-a03d-34b9ffc1550d	3e08e880-bb50-4460-b1bf-06064f12d0c2	450K	SeSAMe Methylation Beta Estimation	e302d3a1-c98a-49ab-a38d-c8e6320b15b0.methylation_array.sesame.level3betas.txt	13184617	9390c40e003b53c9ae12d2e4fbe80c6e	metadata_candidate_not_QC_eligible
810f178d-e6bf-4e04-86b6-92c218e9a7c6	e6e75590-9520-4b1c-8a28-4a1d2b2218fc	b187fc64-f51c-4be1-8f97-0075472aafd4	450K	SeSAMe Methylation Beta Estimation	19bcd2a6-109d-43eb-b321-e939a7e90860.methylation_array.sesame.level3betas.txt	12953475	a16ff2d0e2fce77804f3426ef535c164	metadata_candidate_not_QC_eligible
8148f34c-1ddd-454a-8761-8b76e97e8534	12b79b4f-c28c-418e-a1e7-e622f33fdcc2	6a27f5f8-f4ee-45c7-b953-ddd7d0291dbb	RNA	STAR - Counts	4a39a182-e583-4ff0-a8f0-f73b0f5c4f20.rna_seq.augmented_star_gene_counts.tsv	4221589	4b5d514b2aa04892b35a766af78e6ea7	metadata_candidate_not_QC_eligible
81d92351-c619-4585-9281-de33eaaabba4	8214a0d1-5e2d-4a7a-acb1-e5580755db83	ed2389b5-16eb-43e8-87b8-a15304da629a	RNA	STAR - Counts	98d020b1-0467-4131-a3cc-64d288d0e9e7.rna_seq.augmented_star_gene_counts.tsv	4219786	6517fb7e1116fc25434382dddce15503	metadata_candidate_not_QC_eligible
8249d65e-344c-45f5-bf75-32941fbd9ad5	f2d8b332-2f03-46e5-a9d5-f163972e5fa7	826d2a46-4a89-4398-8a22-1ba7fefe4a7b	450K	SeSAMe Methylation Beta Estimation	4e7ac270-9388-473a-9ed7-8445455d59b4.methylation_array.sesame.level3betas.txt	13151192	f81a7e1e6c188fbb6cfab36138ee0114	metadata_candidate_not_QC_eligible
828a3f48-e6d5-4672-b492-570289805f22	548b0b68-ff45-4d45-adbe-984259e4a68b	16094f17-9587-435b-ba5c-7f568b5dab56	450K	SeSAMe Methylation Beta Estimation	1136f1bd-75d7-49bf-abec-4782150efba8.methylation_array.sesame.level3betas.txt	13093964	9caa79d694a76dc1bb1bc59d75bdacc9	metadata_candidate_not_QC_eligible
82a68e91-48cc-400b-8520-4abcbff1a163	9a2a226e-9605-4214-9320-469305e664e6	58dcad42-2e30-4cb9-ada6-5e72c4bcf406	RNA	STAR - Counts	03c7ece7-500d-4c38-a600-bd6863562bfd.rna_seq.augmented_star_gene_counts.tsv	4233176	d35499e9d55944014e6e01c72f049d36	metadata_candidate_not_QC_eligible
82e982fc-138a-48f8-8127-fb20caa019a2	f77cf4d3-9829-4fd3-95a1-b29aed9e94b8	0a2d9fad-c5df-46c1-bf96-529c7c92dfba	RNA	STAR - Counts	b1d9364c-d703-4884-b96d-20d8084040a8.rna_seq.augmented_star_gene_counts.tsv	4215198	54f1b9cb73ec7405a3d531defbada6b5	metadata_candidate_not_QC_eligible
841976a2-28b4-443f-b79e-83dd46e65935	63bd2175-4b7c-44c9-aef3-9efc8f79837b	fbc90b42-7d26-456b-a166-41993a1d3f0d	450K	SeSAMe Methylation Beta Estimation	f3fc32cc-0959-441f-b624-f0e8e27dd8f2.methylation_array.sesame.level3betas.txt	13195746	8ac45eec86d43516dcf0e8f9db984834	metadata_candidate_not_QC_eligible
842cb3d6-6ca5-4924-a7bb-98720352b548	5813997a-d7dc-4f7c-8d4b-e979832168a9	07ab41e3-63a5-461b-9cf2-6bebc0e4d81e	RNA	STAR - Counts	0ba8665b-be52-4288-838a-8f5d189f809d.rna_seq.augmented_star_gene_counts.tsv	4218305	203bcd9ab4efdad03d8b9a84c5353a3c	metadata_candidate_not_QC_eligible
84528f8b-1829-4ea1-9abf-ae1bbf70b45e	36470b30-a3b3-4d28-851b-918a7ff88011	a5d9be94-1204-49cb-8758-1505d853564c	450K	SeSAMe Methylation Beta Estimation	47e349a0-672d-42ef-8397-c0472edd4942.methylation_array.sesame.level3betas.txt	13047801	a2acf03ea2276c34cb34f358365d3110	metadata_candidate_not_QC_eligible
84f2b69e-86e5-4bf6-a11c-289b1971775f	762dea8a-5b41-4058-979a-b7876ed13d7e	9ded6605-39a3-4c0f-ad2e-7f6863960dbe	RNA	STAR - Counts	3f7a9aee-2d10-4426-855b-de9a48b278ce.rna_seq.augmented_star_gene_counts.tsv	4247796	c9209dd6777e11e93691cecafa57033a	metadata_candidate_not_QC_eligible
850bb68e-cea7-4d66-b044-24dbef74e255	851867cb-9ad0-4fdf-ac75-9bb0427ad440	9a91307f-a0b6-4baf-85be-95bfcf0d095a	RNA	STAR - Counts	d737cd97-619a-4fc3-9ae2-87e1f4b19beb.rna_seq.augmented_star_gene_counts.tsv	4241058	670bc0043db7dc4624db1eb7a3be77ab	metadata_candidate_not_QC_eligible
859b54ff-c861-476c-8c4f-510a20702d4b	e379cf55-68ef-4fbc-af3e-0a5040c27f0f	b2a95363-2e9f-4f4b-90fb-2f65e63ae5c1	450K	SeSAMe Methylation Beta Estimation	345f0a48-0b6f-4a38-8ed9-5601eab4858e.methylation_array.sesame.level3betas.txt	13209172	3a421c266dd142f5fe6c5a3e838fe4ad	metadata_candidate_not_QC_eligible
85c794c1-3fd0-4a10-a613-9db7eff3c78f	b87a5d92-4c09-48fe-bb08-b3c89a7c892e	7f64139d-0e81-4bbd-9719-85d0ad471ed5	RNA	STAR - Counts	2f03d42e-9735-4edb-87d9-ec443b7801a5.rna_seq.augmented_star_gene_counts.tsv	4215638	0cca0b7b820d604efba1b44160f95826	metadata_candidate_not_QC_eligible
85feefbe-6aad-430b-a882-c71e4a5d1e07	e00a60d7-4253-443d-a187-680ad0931349	9f9bd43e-2204-4837-a4a1-8bba437b179b	RNA	STAR - Counts	160dd8d4-3262-4789-bd92-d5470bc7d41b.rna_seq.augmented_star_gene_counts.tsv	4240771	46f6d40d38e0220b88ece7a6a1769424	metadata_candidate_not_QC_eligible
86299ed8-b829-4818-b63b-eb8f7b5ce9c6	575752f8-2788-43cd-afde-f0f600f39d18	afd144f3-77bf-45fe-8d8b-eea4288c1d74	450K	SeSAMe Methylation Beta Estimation	6c93529c-fde4-45d3-b6dd-19877cd5b47b.methylation_array.sesame.level3betas.txt	13181150	74d00f0c7f84508823fcc3d830869e0f	metadata_candidate_not_QC_eligible
864c2830-c699-433c-bcba-20f0c692854a	b89de053-d253-447f-952e-9a2edcf6bca5	2421f79c-fb83-46f6-9ae2-dd275575f568	RNA	STAR - Counts	aa764c7d-2e26-4e8c-94d3-870772bad93f.rna_seq.augmented_star_gene_counts.tsv	4229001	d1914be91865ed6be3de00fba503c10e	metadata_candidate_not_QC_eligible
86757083-5e47-423f-91e3-5f2ad6779b27	e6e75590-9520-4b1c-8a28-4a1d2b2218fc	b187fc64-f51c-4be1-8f97-0075472aafd4	RNA	STAR - Counts	c16f63fb-a468-48e8-b679-6e26b8457530.rna_seq.augmented_star_gene_counts.tsv	4233079	fc50c91eedc412167f657a917285cbf8	metadata_candidate_not_QC_eligible
867c54a3-b050-4403-8479-f13ec7d3206d	7099597a-b208-45b5-b9e0-11ab40d5e497	98e01ce5-8af3-4f2c-b5a1-36730a3c806a	450K	SeSAMe Methylation Beta Estimation	452b3733-cfdb-4085-b84d-ee586a4df531.methylation_array.sesame.level3betas.txt	13073597	de6dd3775f9cb96821f8681c61ce0317	metadata_candidate_not_QC_eligible
869b1c78-5b77-4a49-8f04-8ad4a2e4f638	8214a0d1-5e2d-4a7a-acb1-e5580755db83	ed2389b5-16eb-43e8-87b8-a15304da629a	450K	SeSAMe Methylation Beta Estimation	b7a9e37e-00ec-47e2-9c31-e2cc81146002.methylation_array.sesame.level3betas.txt	13158779	fefb4d3ec4325b55a3775e0e01f3f09f	metadata_candidate_not_QC_eligible
86d8e93e-666f-46b6-bc05-dee4c1825656	67a2bc21-7c87-4678-997d-a434de672436	42395277-99e9-40db-8fae-b91681b9fd4e	450K	SeSAMe Methylation Beta Estimation	1b415ef1-d3f0-409d-b50e-8cf96ee1ca74.methylation_array.sesame.level3betas.txt	13188568	c96dace050f9b7d388761bca2e09bc58	metadata_candidate_not_QC_eligible
8767fbd1-a53f-4899-953b-f1fc247ec1dc	a214a959-3b21-4f25-a615-383cda7afdff	bc4e0d7d-c267-46d7-a79b-075456fb3b68	450K	SeSAMe Methylation Beta Estimation	2f7eb5ec-7aea-497f-a31f-3548b38b87b5.methylation_array.sesame.level3betas.txt	13176856	0a8c93b6e9ebc2327f49856949b2e73b	metadata_candidate_not_QC_eligible
87b1a89f-591c-4d6b-929d-2eae2951740e	afe83af5-af22-49c0-88b4-f1d0dfcbe238	54e85adb-6f45-4815-9816-a18b349cce42	RNA	STAR - Counts	42ecec5f-f097-4d86-a9d9-cf0507b08c42.rna_seq.augmented_star_gene_counts.tsv	4262465	a6f75c1ad6217d7659b7b651205a9261	metadata_candidate_not_QC_eligible
87b32d0a-6e9c-466d-a563-688142d3df95	77f8c850-b4e6-46a1-ab12-a50e0044a0c8	6ea79640-5376-40fd-b9d4-e846335579d2	RNA	STAR - Counts	c45c7b03-a317-4dac-ba0f-19989348cae3.rna_seq.augmented_star_gene_counts.tsv	4250270	fff2a6655b234dfc7eee7fb4c1e625d3	metadata_candidate_not_QC_eligible
87d1edd3-df03-4046-a888-86baa85639b6	3e1df30f-744a-41e9-a169-7dbbff66622e	b8a5a1e0-3095-49b6-aae7-f7621c398f59	RNA	STAR - Counts	8ce815e6-3c63-4cbf-8480-4f07867f18da.rna_seq.augmented_star_gene_counts.tsv	4254085	872ff233eaee490ee0d78b06b3d83cb6	metadata_candidate_not_QC_eligible
87e05d70-3968-48cd-85cf-a6a09e693115	41c4c704-825e-49f5-9d54-dbd7d30725e0	b32f509d-91e5-4601-b8b3-4b0a5212c22b	450K	SeSAMe Methylation Beta Estimation	944920f1-ec4a-4c1c-9711-f804dba58ff6.methylation_array.sesame.level3betas.txt	13171174	7496e55be0427beb9497e15590ee69f1	metadata_candidate_not_QC_eligible
881a8455-eb48-4271-9713-19fffb890f06	7b89166e-c5b8-481b-aa70-495141499b91	de0e8b86-5791-4e7c-b939-30857cd7b0a8	450K	SeSAMe Methylation Beta Estimation	f11bac58-7e98-4905-8cb3-47af3a7120d1.methylation_array.sesame.level3betas.txt	13145261	20fc7f630302225dee5106097402b120	metadata_candidate_not_QC_eligible
883bbed6-0216-48c2-9694-5dba83ce65c7	83a6ed20-b3cf-48b9-8ed3-a080cd4951fa	df25f146-a833-4bfd-adf7-b41b6a7f797e	RNA	STAR - Counts	af407c3f-2dad-4fb9-850e-4a79b361589b.rna_seq.augmented_star_gene_counts.tsv	4233751	d19a4ab3b293c1bedf7ad79fd796dad1	metadata_candidate_not_QC_eligible
884c7c7d-a672-4cb2-bf1e-6ae20a0c3712	3fe8f8e4-5396-4362-82f5-366e2fb69db2	a6342eed-126b-4afb-86ef-2257b1645e5e	450K	SeSAMe Methylation Beta Estimation	0aa70f64-9f66-401f-96f7-0669087f9b57.methylation_array.sesame.level3betas.txt	13194012	2861871d211e4330ac093f2f98e0f336	metadata_candidate_not_QC_eligible
88718cb4-5eef-4fa2-81b7-61f5878f2e39	b56dad1e-2fd5-47d8-9cc7-a54be9a1bae2	98bbbf97-fbf4-4cbc-9536-f11febbf350b	450K	SeSAMe Methylation Beta Estimation	622b6e31-7ab2-424c-a82d-97bf600c2113.methylation_array.sesame.level3betas.txt	13187782	5308711e31aa583e9ab260495ab945b6	metadata_candidate_not_QC_eligible
88885dc7-5edd-4fac-95f8-9586880078a8	7099597a-b208-45b5-b9e0-11ab40d5e497	afbc74e4-3632-4161-9c70-0ba17c6dc5c0	RNA	STAR - Counts	0b55cf48-41ca-4d54-a6c6-fa15c711370b.rna_seq.augmented_star_gene_counts.tsv	4230633	b3cf7fc9464e8e89d495db0609e12625	metadata_candidate_not_QC_eligible
892294a6-6b94-4284-bae3-9eb0bdc853f6	d15b7b29-c5c5-41d8-b83b-7cc12fe92820	57e160f5-45fc-44ef-95c6-54e112e3b7f5	RNA	STAR - Counts	981bfd73-1d4c-47c0-870a-b9a6300858dc.rna_seq.augmented_star_gene_counts.tsv	4230310	6959c489a603e1f8d501b811b7446fb7	metadata_candidate_not_QC_eligible
895ca581-915e-4057-b66a-dc2d5213d7e4	6144d666-8f77-4efe-95f1-f9e5c4e5e056	007783b3-a1b5-4e9b-8add-6d01fefb5697	RNA	STAR - Counts	df2ac75d-208d-4cc1-867b-aea3e36117c6.rna_seq.augmented_star_gene_counts.tsv	4226858	da743f83b6d39a05dff925f0da155672	metadata_candidate_not_QC_eligible
89785c02-2345-4fa3-b73b-4d9da706c972	df576520-a6b6-4c9b-8d06-3f59cc5342fd	56c937b3-b48f-4662-b992-3265dbb6bc7d	RNA	STAR - Counts	e6992421-f34c-4a68-a218-d53f56d0f562.rna_seq.augmented_star_gene_counts.tsv	4219958	9a2ddeed73afde6de9a3021e062ba82c	metadata_candidate_not_QC_eligible
89bf9c33-c1b4-4786-821f-802cf36eed43	7f6455e8-fa3d-4452-acb2-8c9995073072	48e8bef9-85ff-4b0f-b249-a1f6c63dd100	RNA	STAR - Counts	2a53d9f7-430a-45c5-9171-8ee65dc560dd.rna_seq.augmented_star_gene_counts.tsv	4242284	e60e754c99194b675d97bbadf45cce3a	metadata_candidate_not_QC_eligible
8a2d17e2-4ec1-42b6-8825-6d80ffe4b916	37c8d73a-45ae-40fc-ba9a-721b755c1160	d23900e0-0335-429c-b9b6-16fa06740f92	RNA	STAR - Counts	c55c7a04-580b-43e3-b138-f83bd3003875.rna_seq.augmented_star_gene_counts.tsv	4246077	3ae4db513b7145d279c112ff61e2b892	metadata_candidate_not_QC_eligible
8a518a19-2c85-42ec-b027-47139aa442d4	a0e57b39-960e-4e46-8aa0-d0ee2fd9a7cc	4a1d97dd-fdd4-4c57-8dda-7b320237af36	RNA	STAR - Counts	14e05372-1acb-4479-904b-ce8acef028eb.rna_seq.augmented_star_gene_counts.tsv	4236191	1b1c74710c48e56bab58f70be921efbd	metadata_candidate_not_QC_eligible
8a884668-03c2-44bb-8ea0-5b0d0bc68aa4	1b31cdb3-1837-49d6-a857-1830f8800299	5aa09c6e-a062-4834-aa6d-4ec1bed510d7	RNA	STAR - Counts	c8e5ea6c-c6b1-4807-8d9f-b2e96154a1eb.rna_seq.augmented_star_gene_counts.tsv	4230058	041a0de4e94a309df0391132ec129e3c	metadata_candidate_not_QC_eligible
8a898b7d-6f1b-4d2a-9f5d-0751ced1d7bf	e0acafdd-06d0-48a6-bd68-577ef666a419	d7fa3625-5e16-4211-b96b-b36b91b3d491	RNA	STAR - Counts	da3718fb-d874-4469-a3fe-6ba6fa89676b.rna_seq.augmented_star_gene_counts.tsv	4251615	85f974d8960b4355be1844545895f0a3	metadata_candidate_not_QC_eligible
8af996d7-2c5e-4d17-b1a5-8751f4784eba	1070ff27-17c9-43dd-a4f6-daa643eb9123	8950ac53-1f70-46bc-a094-ec946e6e3a78	RNA	STAR - Counts	14aca23b-01ce-4532-8f2f-3b22b05a4757.rna_seq.augmented_star_gene_counts.tsv	4252855	7166bdae4df12eeb3a95dacf75e4ad73	metadata_candidate_not_QC_eligible
8b071bf3-0d85-4aba-aa46-d0800dcc8640	9c894668-88f5-4308-a1c0-6b8acc6aaaec	7ed47e1b-1d36-4f8a-a101-3ef0756ad08f	RNA	STAR - Counts	65a2c4cf-7c84-4ca8-a37e-8deecb6ef026.rna_seq.augmented_star_gene_counts.tsv	4243822	4403164f6654829b70446beb576b2fda	metadata_candidate_not_QC_eligible
8b26e78c-f162-48fc-8c1b-9628baa3ca62	8d535aa6-6d59-4965-b5ed-17217d8f5930	1c1c73ec-c57d-4b5b-9a17-8cd3557f21f9	RNA	STAR - Counts	b603c2a6-4366-415a-871e-5949a2a8a4b6.rna_seq.augmented_star_gene_counts.tsv	4241775	506c16c3914540043a5a84458df4cd36	metadata_candidate_not_QC_eligible
8b55c916-963b-41d6-b7ce-7e8ccf958c80	0780eb43-d5b5-4c3d-9825-beacba5cc723	fc511a67-5383-4877-aeef-36c0b7934b77	RNA	STAR - Counts	72726dc4-fa08-4e34-9539-29ddb19dd782.rna_seq.augmented_star_gene_counts.tsv	4257037	a885ede54564e2291a817d02e8333ca6	metadata_candidate_not_QC_eligible
8b6702f4-257e-40b8-9607-8bb4ca5a07dd	78a24c56-576c-4245-bb42-6603b3d19897	785b0c56-bed5-4d19-b7b3-d1a0ceb5d648	450K	SeSAMe Methylation Beta Estimation	a9590d2f-6d3b-41f8-b0a9-79e01f59db0e.methylation_array.sesame.level3betas.txt	13158718	d82d737d6c7c11168bcc50cebf32d49d	metadata_candidate_not_QC_eligible
8be16a1a-383f-4365-b1e5-139b1625e3ce	927fc5e0-2c14-4c20-a49b-f10d8a1175c3	5a1d5fb9-900f-4f73-bead-d67cae987a8a	RNA	STAR - Counts	e1b67311-dee7-4296-ac38-1ad47a80c257.rna_seq.augmented_star_gene_counts.tsv	4250770	1ea58f43e8e349787ddd20f98d29f7df	metadata_candidate_not_QC_eligible
8be349eb-2407-4f51-809a-ceb5542e0cf1	54775a66-08cc-4f38-98f2-e7b2b5cec994	c85ed66e-c58b-45d9-82f6-8248b9e05338	RNA	STAR - Counts	256e320c-e4de-4918-b3bc-b71657bfd4cc.rna_seq.augmented_star_gene_counts.tsv	4252757	77a79da00de4bb1ffffe7d9e42395594	metadata_candidate_not_QC_eligible
8c2d85b1-9998-4a5f-bbe3-d8770d5f2e79	25d4ea9e-f773-4f11-bac9-64efdad73211	d2b8a9f4-7d70-43a0-b5f6-5b7365a03944	450K	SeSAMe Methylation Beta Estimation	24e795a7-480e-4fb6-a1ef-43e3e66b90ff.methylation_array.sesame.level3betas.txt	13144224	9a9d6dd81ef089b977ab8438085e3b95	metadata_candidate_not_QC_eligible
8c3462b8-10e4-4bdf-beb1-0bc009e5b0e6	301ca6e8-7981-4264-b4ae-38f56f7f9225	59546c0f-5f27-43bf-aa2e-90dc44c971b6	450K	SeSAMe Methylation Beta Estimation	62d4dcc9-0549-4c6a-916b-f8e99f0aee96.methylation_array.sesame.level3betas.txt	13054229	0dfa56722adee0578fe8a712a01fb997	metadata_candidate_not_QC_eligible
8c5bdec3-d1cb-4790-88e1-911962205d94	e60a8f8a-0fe6-40e5-9f30-bcff48ac73f4	fceb89f9-c4db-42b4-84dd-06a8603c071b	450K	SeSAMe Methylation Beta Estimation	882d482e-0c41-421a-af52-98d0680963ce.methylation_array.sesame.level3betas.txt	13173986	277d5cb2a060e6a36bdb6e1a1d0632ea	metadata_candidate_not_QC_eligible
8cd4629e-c9ec-4168-9e2f-24a8822deeae	4d51ee44-e6f4-4bcb-be28-e9df54b39a8d	53a420fd-6e31-46ee-8ac6-b383f4305cd2	450K	SeSAMe Methylation Beta Estimation	1ddc7fd3-a8c9-4122-8c93-f9909939be58.methylation_array.sesame.level3betas.txt	13158564	bb45fefda8c39e09efb43f756ccd0a76	metadata_candidate_not_QC_eligible
8cdb3ed5-5922-4833-b255-30d9322f8fe9	cc4bd56a-25c5-4c48-b583-ac3aeb778ca6	a74f6423-b5d3-4ae2-b61f-3ee04b1073bf	RNA	STAR - Counts	322ff57d-60a1-45d6-a103-c953d11924f1.rna_seq.augmented_star_gene_counts.tsv	4244946	c0f1f2bb8b197bfbade439b9eb0f7ff4	metadata_candidate_not_QC_eligible
8d308359-6f2a-4c2a-a2e7-b1a3b8d79de9	12c07138-e3fa-418a-89e3-628da12bc99e	ab07da42-d065-45d5-8eee-7904295044c3	RNA	STAR - Counts	4772e349-a753-4c41-9c48-ae3af0f58520.rna_seq.augmented_star_gene_counts.tsv	4227978	09a0040484a54a2677585e08ab623437	metadata_candidate_not_QC_eligible
8d5e1a2d-96b2-42ec-9087-3ea11cabd5e6	42ca54fc-c1ae-41cd-bca1-7fe9810db460	5593f581-3d45-4a4a-a525-bfae1f4753a0	450K	SeSAMe Methylation Beta Estimation	2fd9f4a8-cc60-4163-a847-c7e470dc4322.methylation_array.sesame.level3betas.txt	13071256	86493e99780f9cc3e3923cbdf057c521	metadata_candidate_not_QC_eligible
8ddad1cb-d2ab-4fbf-865e-f134fcce0194	70081320-540f-41d2-8687-ee6d011f8eb0	cca5449d-6645-4588-a0b5-c1f0b57e5c3b	RNA	STAR - Counts	3c6fdcc9-916b-4ec2-be58-1dd15e7d94a2.rna_seq.augmented_star_gene_counts.tsv	4248549	c45bc11b5e9c813d6bf503bfe169abb5	metadata_candidate_not_QC_eligible
8e14dba9-6132-483c-892b-b244704fdc38	2f09479f-87fc-4c34-8e2c-333e970a3681	efd3f14f-f785-4aec-9efd-6dd8e9c41eba	RNA	STAR - Counts	9343d3bd-0f60-49c3-8625-31a8a7a846c4.rna_seq.augmented_star_gene_counts.tsv	4245632	ad64263c4428fbc208bb34e0a5d2e362	metadata_candidate_not_QC_eligible
8e510682-b05c-4792-a149-d713db6d082d	114a34c0-983b-4d90-9181-1823c9637a63	fbc17626-365c-4be6-b3a7-d282e7c19236	RNA	STAR - Counts	fbb4d953-39c3-4e94-a99c-a8927421709e.rna_seq.augmented_star_gene_counts.tsv	4231087	d891688f21082475033c26e298d59b7c	metadata_candidate_not_QC_eligible
8e87cfa9-5b0d-4f1b-b826-fd177f4a6c40	db769d5c-a794-448d-9130-38a82d051c95	d1a83e2e-276f-4366-acd1-fe6bd3f7988f	450K	SeSAMe Methylation Beta Estimation	6b4752c5-376d-4869-9e4c-697c1fedaba3.methylation_array.sesame.level3betas.txt	13139703	e88b94008120a252cf53844e12c4553c	metadata_candidate_not_QC_eligible
8f61503a-ee54-4b4b-99da-97564fd126b0	e16ca88f-488b-40f0-9169-e5a62482a2ff	27a64f32-69c5-4c49-86b4-c8fc923cae08	450K	SeSAMe Methylation Beta Estimation	821608cd-3d2e-42e2-9b3d-2932839815c0.methylation_array.sesame.level3betas.txt	13008736	0ac403fea518389f41b044b4e5f0e7c9	metadata_candidate_not_QC_eligible
8f810657-a7cf-4d40-a010-8f3cf18a2083	98ee294a-46ed-4572-bdd4-a932c3498a25	e13c84fa-e93c-42dd-874f-c1d616c72dd8	450K	SeSAMe Methylation Beta Estimation	36ea9f1d-668d-4a68-83c8-6306a5198f9f.methylation_array.sesame.level3betas.txt	13141733	98bf61b14bb1f0fcbaae7d8b0f1af8f5	metadata_candidate_not_QC_eligible
8f9a1138-b9f9-49e5-ba2e-9afd76111fd0	4efc2dac-6330-4b7a-a529-a27285f5fc23	54984e66-1d2a-4a62-a5aa-847bc12e02fc	450K	SeSAMe Methylation Beta Estimation	11a47054-8859-4316-97f6-0075d74aed49.methylation_array.sesame.level3betas.txt	13164863	0356aaa5f392e9a3dc5c0342b949cc20	metadata_candidate_not_QC_eligible
8fadb6d4-de92-4301-9b6e-7dd857fec978	ae702159-5b6a-41dd-868c-7540f9e1131c	745aaf77-a464-4363-b6e4-10d30ff947b8	RNA	STAR - Counts	e9efd91b-8824-456b-b650-1d0287efbbe8.rna_seq.augmented_star_gene_counts.tsv	4223282	bbbc217a5b46b7d27f4f894e02f09994	metadata_candidate_not_QC_eligible
8fcf517c-b58d-47f3-aa37-844c5b8ae6ad	adbaba9c-5efc-4130-82f6-8055eab13795	8178f402-db5c-4343-a6f6-4d4f9d3bf4ac	450K	SeSAMe Methylation Beta Estimation	5ab0a981-f08a-4e96-9f52-14abcdd0b540.methylation_array.sesame.level3betas.txt	13164446	95863f2fa94c10e92a3ff9e25f1b8fe4	metadata_candidate_not_QC_eligible
901c6ff1-19bf-48d8-894d-766f1995a916	a214a959-3b21-4f25-a615-383cda7afdff	bc4e0d7d-c267-46d7-a79b-075456fb3b68	RNA	STAR - Counts	aec36454-d9a1-4d51-90c6-561f219b6aee.rna_seq.augmented_star_gene_counts.tsv	4258240	cb207a8f7a526f6199dd3eb7218bcacd	metadata_candidate_not_QC_eligible
906a6a3f-91ce-4433-9a0d-e010a61782f0	cbfef004-b437-4d51-9d88-a2db50aa6481	a6096034-3c2c-4c96-88fe-56a22c2d167c	RNA	STAR - Counts	f602ef77-0db5-47af-b259-e551c77a4281.rna_seq.augmented_star_gene_counts.tsv	4252552	741de299eaef98ea84c1e276703b1084	metadata_candidate_not_QC_eligible
911a72ec-dcb3-4454-8f22-7bd4f9d29b21	096bd95f-9900-4db2-b1c4-103902c3b31f	bd57c86d-bb0d-40a3-9292-97d6b33db1ea	RNA	STAR - Counts	fe69fb9c-7215-478c-ae5c-44f5d0814b9d.rna_seq.augmented_star_gene_counts.tsv	4252007	03677dc93024ec2bbfb2318d7566c327	metadata_candidate_not_QC_eligible
9123a775-d686-49ab-90e7-0dc572c2fcaf	c4c1469d-752f-42b6-8686-714ad4a8ac97	4afc6152-819b-4e55-817d-df8a42eb0d36	RNA	STAR - Counts	7643fc1a-086e-4ea5-9766-3dde13cc00b4.rna_seq.augmented_star_gene_counts.tsv	4222287	3877efe3d98308858856b402ea9bd066	metadata_candidate_not_QC_eligible
915b1776-1837-4010-977e-b0b12069cd36	bf34664d-423d-4257-99d4-797f7d366455	5d4e89c1-563b-4008-9cfd-1b3eb4fbf88a	450K	SeSAMe Methylation Beta Estimation	9e8a7758-e057-4c98-b96b-fc6f76ddba03.methylation_array.sesame.level3betas.txt	13183250	7bda2bec34b6706c1044f38470fed387	metadata_candidate_not_QC_eligible
922404e9-c5d8-4717-87b3-7cad1d4a4dd3	a0e57b39-960e-4e46-8aa0-d0ee2fd9a7cc	4a1d97dd-fdd4-4c57-8dda-7b320237af36	450K	SeSAMe Methylation Beta Estimation	06f57d72-0c3b-49e6-8512-5ede01a6032b.methylation_array.sesame.level3betas.txt	13056133	c51901d706cf96072f8d647afe8386ae	metadata_candidate_not_QC_eligible
927beddd-e0e7-4695-b744-79f27519389e	fe714ac0-f874-426a-924b-a2980232b5f7	2f073ffa-787e-4657-b1cd-d2db4865c809	RNA	STAR - Counts	044b4834-bb51-40c8-8027-e5d752fa8787.rna_seq.augmented_star_gene_counts.tsv	4234478	1fe66fdefd31ec9515e8bd37a6087e25	metadata_candidate_not_QC_eligible
928858e8-c73e-40f7-8dd5-0b1621333e6c	7eb540b4-8dd3-4382-a488-e48b1c7213b3	763310b9-3fb9-4a22-851c-e4335a2ed21c	450K	SeSAMe Methylation Beta Estimation	101f50d2-b447-43a3-93db-a9e4b4a517ac.methylation_array.sesame.level3betas.txt	13178861	f5156f956e0cfa327bab2e931be0e178	metadata_candidate_not_QC_eligible
929473bf-434c-438e-b16c-c34bfb0b98ea	e1c55bac-bb41-4964-add5-ecd6ba04b58d	180eb213-0ddc-4f10-ab0e-b3af92cde3c3	RNA	STAR - Counts	cbf298e2-94bb-48c9-ae07-408081055497.rna_seq.augmented_star_gene_counts.tsv	4225602	3a173e4bcea95466609b76c19454dc83	metadata_candidate_not_QC_eligible
92b4ef29-b45a-4ec4-9251-8d6fb32cde90	575752f8-2788-43cd-afde-f0f600f39d18	afd144f3-77bf-45fe-8d8b-eea4288c1d74	RNA	STAR - Counts	fddbde25-7d5c-496f-8f62-985dbda7e0fe.rna_seq.augmented_star_gene_counts.tsv	4232546	0a3deb502b834cbbf47befc5c9771035	metadata_candidate_not_QC_eligible
932ccb56-ad41-40a0-9ab3-21f490c60af5	1b110eb4-a01d-4c50-ba18-77da4dedd549	9dcb355a-c122-4341-89d7-1df471315a49	RNA	STAR - Counts	a7c58df0-fffc-4a80-85c4-2dab24b2edc2.rna_seq.augmented_star_gene_counts.tsv	4243811	e37b951d9ce5c8bee53247c5f4d80955	metadata_candidate_not_QC_eligible
93db566e-8ff9-45b0-afa2-0fbe82b8f580	f40301ba-831e-4afd-9ce8-5f3c1a05ff7e	1028d7a9-0ac0-4fd8-a34b-46f3e6e53f79	RNA	STAR - Counts	ab589a7b-7cc9-4257-8fd7-241d2e3658da.rna_seq.augmented_star_gene_counts.tsv	4232282	32b6fcb0736a85a6570c344798975243	metadata_candidate_not_QC_eligible
93e54ee6-ba44-49a2-8f96-092d149cdca2	532c1852-76dd-489f-9380-36766d6e3c34	e40ad349-500b-49cb-977d-3dc18d0ccbf9	450K	SeSAMe Methylation Beta Estimation	50f26ba1-db32-4437-89fd-7aa5b3e6512a.methylation_array.sesame.level3betas.txt	13105407	8f10072c32f4639653ea4dae0ebc44e4	metadata_candidate_not_QC_eligible
942673a7-5072-466f-985c-42d38aeb5c2c	cbf1f718-6bb7-4daf-b9d6-fb294281decb	d516aff8-1bb4-4627-885a-0c247ae4ae57	RNA	STAR - Counts	145db6c5-f7ad-4e2f-88f1-d68bc457848a.rna_seq.augmented_star_gene_counts.tsv	4266679	510c95ee4efb8e39011f66d20495ded5	metadata_candidate_not_QC_eligible
946692ad-ed52-4bd8-85ac-efe5178b15b4	ccda26c1-a6d6-4317-8cf8-8a87e15ce12e	d2198941-e96f-40bd-9fbe-82886217d5db	RNA	STAR - Counts	883ef55a-e8c0-4774-a298-d2bfeaeeae4b.rna_seq.augmented_star_gene_counts.tsv	4214980	c5392c7508ac9996a4d211b0920811c0	metadata_candidate_not_QC_eligible
94861d8a-3b40-4334-9fb5-c9df71a1e1da	d5326429-9805-47f9-97b0-fbda658e3f01	af744755-51eb-4daf-9029-5cf88730b1dc	RNA	STAR - Counts	8c55ee80-c8c3-4196-9b67-81732fffe9f4.rna_seq.augmented_star_gene_counts.tsv	4228528	1adb811f44e89845340404914895f12c	metadata_candidate_not_QC_eligible
94d8b11e-0198-4f40-987a-44691b3b03fa	bf755bc2-b7aa-4c3c-8b3c-58b089b5cab6	88c65791-1a9c-4121-955a-9bd5ed1b0bba	RNA	STAR - Counts	1efac920-fb46-4ac8-b8b1-d1f2743edefe.rna_seq.augmented_star_gene_counts.tsv	4224605	86cf9c580afa5f8a0e0898c02b70e087	metadata_candidate_not_QC_eligible
951f2356-17f4-4f4f-a8ec-855c7e93dce1	f77b6930-a1ce-446e-a15d-c018cbbecfee	9a479d32-13a4-46c2-b26d-34cb6051a891	RNA	STAR - Counts	7eab2708-6708-4f8e-b238-e06007754e7e.rna_seq.augmented_star_gene_counts.tsv	4254332	9837dd0bdde68bbcbf072e4cc44d3532	metadata_candidate_not_QC_eligible
9559bba3-1654-4f1e-8913-48e26bc11955	3b21b982-dba2-45f4-ad8d-21dc86fcaaa7	0ecbd044-0689-4395-a3d6-fb0d46fcf226	450K	SeSAMe Methylation Beta Estimation	eae0944c-2c04-43d0-9561-b241221ffe9e.methylation_array.sesame.level3betas.txt	13006098	8b944700e709abdaaa49cfcb5fd85433	metadata_candidate_not_QC_eligible
956771eb-bb33-4c40-9656-7f80183329cc	2923e404-38f2-437a-b57e-23401fbe0273	37901d81-dc2a-4f55-b6c5-f117274d50b8	450K	SeSAMe Methylation Beta Estimation	32103b79-adf4-43dc-ab3f-e0fc40f3fcbe.methylation_array.sesame.level3betas.txt	13086505	2ba5b3163cc03607aeb62b0a887c8519	metadata_candidate_not_QC_eligible
95765841-e606-4094-816f-59abeccad497	e739b4f7-ae46-45c6-9013-9571cbadaf99	cd8ff232-b36b-4ed0-a0c6-7e0e172ea390	450K	SeSAMe Methylation Beta Estimation	aecf84a6-2446-48bd-8ab0-ab5b787f9acf.methylation_array.sesame.level3betas.txt	13198454	96ea38486d80f26ebb8251be04293fb2	metadata_candidate_not_QC_eligible
960df266-7560-4db2-936f-4135c73d3a6f	474b86d9-d897-467d-85d4-51dfa26ea107	08d8f333-08f9-4268-99b7-61f7b057f542	450K	SeSAMe Methylation Beta Estimation	a75c0087-533c-4449-b11c-74ece2ae9347.methylation_array.sesame.level3betas.txt	13185359	ff0b27fded2e83bfb5411255785dc894	metadata_candidate_not_QC_eligible
961483a6-864b-4b05-b20c-daccebae9323	68b86559-38b2-41f2-b66e-c3c2b628b14d	6c206676-e511-4281-91f5-bfe91b3279a4	450K	SeSAMe Methylation Beta Estimation	e97e8e70-b351-4d36-82bc-6bc838981f24.methylation_array.sesame.level3betas.txt	13126878	b2087de303c4ea11511197958ffe412d	metadata_candidate_not_QC_eligible
962febcb-05ba-4559-8258-eac885ce0efe	83e38dbd-edab-47f2-b19f-6ea38fc6bece	56703aef-270a-4537-b9a1-c9ebbe873411	450K	SeSAMe Methylation Beta Estimation	6fe7802e-f21b-490e-b7ea-194d03a97112.methylation_array.sesame.level3betas.txt	13081491	d92137328b7565652982bf4cf9dba80b	metadata_candidate_not_QC_eligible
968c4aa2-2bcd-4823-b7fa-fbedc41ddb25	706420c4-8820-4b41-80d9-f3efd1d2a4f0	b5c9beed-da9d-4110-9b6d-54a66498d5cc	RNA	STAR - Counts	d7339ba2-0cc2-40b7-9dbe-f8f3366b20d9.rna_seq.augmented_star_gene_counts.tsv	4249826	6e228114d239ac381ef7ca831144a869	metadata_candidate_not_QC_eligible
96d8602a-4c5a-466b-8dd4-ddc2ed9ef8f1	bbe88801-34f3-46d2-bbfd-b46c3901ed71	45885727-79fe-43d6-866e-1fe7ded4bfdc	450K	SeSAMe Methylation Beta Estimation	00291abb-0e5d-4deb-9246-ad0fea045aa6.methylation_array.sesame.level3betas.txt	13077963	3be0897539f3a7f97bbd0a4a55edf60e	metadata_candidate_not_QC_eligible
9711a58c-08fc-428f-93a1-3d3db7df213e	923b37e4-fcf7-46a0-8cb2-9139711fec7b	32342d96-3b04-4881-9e98-9cb63918fe48	RNA	STAR - Counts	74ab82a4-a55b-4e4c-b3f5-1f9317860914.rna_seq.augmented_star_gene_counts.tsv	4213760	a59dab2bd8d4e8abe3058feb9740fd75	metadata_candidate_not_QC_eligible
9726aa3d-8a66-4568-92e5-c092c05a9a5d	e8b7a103-644f-4865-92f8-80b053bd5e17	7407d705-6ec6-4143-93d2-eedcf5a22399	RNA	STAR - Counts	a308a190-de5d-401c-a030-e089cb6d39db.rna_seq.augmented_star_gene_counts.tsv	4248454	ab534cd31632ba632f7f220185851830	metadata_candidate_not_QC_eligible
975121d2-ba5d-4b2c-bd50-278311c7144a	31ff69b5-9e58-44da-8326-bdfc7ee495c4	4b24bb00-acf5-4cf4-a84a-020baa60782d	RNA	STAR - Counts	143cbdd4-689e-4ba9-b0ad-069629dc7dfa.rna_seq.augmented_star_gene_counts.tsv	4245159	183d0ae0ff94b26d27b2579096f3a782	metadata_candidate_not_QC_eligible
97541ffe-94e7-4130-9bac-65528de8d6f5	0d0d83d9-d558-4d38-977b-6f1b2471beda	85e8a3bf-0536-4556-a40f-8a523c04b337	RNA	STAR - Counts	c4115468-0566-49e2-a86f-9c7faf6388f5.rna_seq.augmented_star_gene_counts.tsv	4246611	045d74c1879f0e7d28551f80a97be495	metadata_candidate_not_QC_eligible
978939fa-a27f-46ff-9120-7a43e3588b28	68b86559-38b2-41f2-b66e-c3c2b628b14d	8cc50f81-9018-462c-8843-1ea8ce1eff1a	RNA	STAR - Counts	1ca692e6-1dff-4d84-ace1-671bac7b9f61.rna_seq.augmented_star_gene_counts.tsv	4231341	c52df6c989b251c9ecc7761901121e67	metadata_candidate_not_QC_eligible
9796354a-6ac6-466b-a82b-f1e9785bc447	3b89ac82-63f6-41b9-a03d-34b9ffc1550d	3e08e880-bb50-4460-b1bf-06064f12d0c2	RNA	STAR - Counts	da52147d-9bd6-449c-b5d9-b168822ddac0.rna_seq.augmented_star_gene_counts.tsv	4240230	9c97fb05beac363ba2a074331bca83b5	metadata_candidate_not_QC_eligible
982615c8-e021-4a72-ac3b-4915cc3701e6	97831d28-ab41-4c18-bfc2-c4c6bc757d13	96a05d4b-3731-4b98-b38f-a6b33cd6ed96	450K	SeSAMe Methylation Beta Estimation	9b2810ac-ecd7-475a-a6d4-6994a501a388.methylation_array.sesame.level3betas.txt	13144595	d261e8f8642248d6014b1d4625c12f0f	metadata_candidate_not_QC_eligible
98300181-1363-4b84-8215-96f986606a52	9536e32d-2707-48d2-a36d-08c521665bb9	cfe0f0e4-d8bf-40ce-99f1-2bf99ceca18b	450K	SeSAMe Methylation Beta Estimation	b27ad486-ea8a-49fb-9131-576fc6a09f0d.methylation_array.sesame.level3betas.txt	13192769	4f2dde863f6f8d1ef0bf6b1a51f8adbc	metadata_candidate_not_QC_eligible
9835daf0-92cc-4237-838d-b122a15aa1f1	42d208bd-cd77-4bfb-ad53-9fc072a87393	8ab7f1ee-35f0-460c-8a4f-751748de5e4a	RNA	STAR - Counts	dad295e6-b4f8-4ad1-8439-acc3f903cfb0.rna_seq.augmented_star_gene_counts.tsv	4212510	ad4404bac2770b4fba3453695cc0b5b2	metadata_candidate_not_QC_eligible
987832ae-aab4-430f-abc1-8783736fbe69	a250a369-e536-4a18-b7af-2911133d7bdc	48257830-1c09-4bb6-b7a4-3dd3049a42f7	RNA	STAR - Counts	ed0926c8-6642-4741-9de6-e04014ba0364.rna_seq.augmented_star_gene_counts.tsv	4234546	9256869621404e0b417a632ed53adbf2	metadata_candidate_not_QC_eligible
990303de-eff3-4418-b305-9bf63236826f	472337c2-a2fc-403a-8c17-69511193128b	cf53a83e-bff6-4b6b-80aa-1847866fa09b	RNA	STAR - Counts	593623b6-0f7d-4089-8697-518c573c86c6.rna_seq.augmented_star_gene_counts.tsv	4263480	c916a952c9cf5f9fa90707190b35eaf3	metadata_candidate_not_QC_eligible
99204ca7-9dd0-4422-951e-19da468967e1	9dda72ec-1698-44e2-b35c-11e9a2704380	1e39a044-eed2-4c19-9cc7-4c80d21087ab	450K	SeSAMe Methylation Beta Estimation	a06c8019-c063-450b-92f3-4f39568361e4.methylation_array.sesame.level3betas.txt	13197148	ad5c63d352cb38d3dc75655e35970c84	metadata_candidate_not_QC_eligible
9937f5b6-d1e6-4440-997b-2b0ff8324504	2f1a4b16-104c-40eb-8114-8245847bb716	558e3668-fbe7-4e8e-beb0-90ab33587b5a	450K	SeSAMe Methylation Beta Estimation	9fa9be9b-52b9-4ecd-9ecc-e7b2dd6a8c70.methylation_array.sesame.level3betas.txt	13176369	c43bee9602e72e5a2e8a41c25ad58f19	metadata_candidate_not_QC_eligible
9940e2a8-6a68-4482-a1bc-2a6edb7d52cd	a905d275-9283-4fa6-bbbf-46019bd1bcb7	e3ab8511-d37d-4cec-a954-cfc616b2cefd	RNA	STAR - Counts	bc8b6dee-0f79-492f-85e1-c1a09d6f9680.rna_seq.augmented_star_gene_counts.tsv	4226354	adc6e0a31776c8970551d88894e45b24	metadata_candidate_not_QC_eligible
998bc1da-2340-40ea-ad88-9116db3c9e10	77828a90-8e2a-4664-b674-d837e6e34fe4	c8c5aa67-c6b9-48ba-ace2-b040170d73fc	450K	SeSAMe Methylation Beta Estimation	26c9dcc2-ca95-4f34-a2de-7999db201e84.methylation_array.sesame.level3betas.txt	13101137	f98e6d2c1110073ec525e4839712f9bf	metadata_candidate_not_QC_eligible
9990be1a-cfd2-41fd-82bf-87e7168b2f33	9a2a226e-9605-4214-9320-469305e664e6	58dcad42-2e30-4cb9-ada6-5e72c4bcf406	450K	SeSAMe Methylation Beta Estimation	2f225a8a-ac08-4d1b-9db5-04bf33fc2428.methylation_array.sesame.level3betas.txt	12802704	212ef9d11726b87cfec5deda63e92901	metadata_candidate_not_QC_eligible
99bbb50e-b650-4355-8119-e4535b3bb25e	93766482-2f20-4c8f-bbd8-bdd203c37d5a	39509ea1-e728-4350-b444-798c72ade33a	450K	SeSAMe Methylation Beta Estimation	a06e257d-014a-49db-b935-c5bf66ef4407.methylation_array.sesame.level3betas.txt	13005503	b967b1bd79cd2646bd2afbd815c2c4af	metadata_candidate_not_QC_eligible
9a35ad14-f927-4923-988a-01e9635ca931	c1a01e8c-1f7e-4e24-bfad-90b73f88e992	d0090140-e835-484e-bef0-e83011931b66	450K	SeSAMe Methylation Beta Estimation	9fbab653-957c-4c4f-83f8-280e4f69a772.methylation_array.sesame.level3betas.txt	13198621	601f756289f413ddab94fa949a6aa10b	metadata_candidate_not_QC_eligible
9a64a124-9787-4378-ba01-b79aa183f25f	889aec8e-14ba-48d9-8fe1-f2416e82b333	43f5270a-f2f2-4dd9-83b5-486b805e35b8	RNA	STAR - Counts	9a5e0fa6-a785-4d8e-bca5-43e02a3965bf.rna_seq.augmented_star_gene_counts.tsv	4244281	01b80d4c9a15f3697ce563666de5de0a	metadata_candidate_not_QC_eligible
9a6d8661-241e-4a3e-a6fa-e2eb1962b758	889aec8e-14ba-48d9-8fe1-f2416e82b333	62d62df2-aecf-4aa6-a687-a91a8ff7057a	RNA	STAR - Counts	ee030015-242a-4dd1-b43c-2c97d5d365d9.rna_seq.augmented_star_gene_counts.tsv	4220334	287e77385c1a01c4a57e648ed0dbaba6	metadata_candidate_not_QC_eligible
9af8b2eb-3dbb-4688-a5fd-15abc0460f57	68b86559-38b2-41f2-b66e-c3c2b628b14d	6c206676-e511-4281-91f5-bfe91b3279a4	RNA	STAR - Counts	9aba4243-1817-4f5f-8e9d-66da98229246.rna_seq.augmented_star_gene_counts.tsv	4208224	f6fc77b947e6e066e3e5203ffcd134a1	metadata_candidate_not_QC_eligible
9bb253a9-4f01-4633-9d73-a934b5e33c81	d63c028b-b6d3-49ce-b63e-261eed3b86df	baa282a3-b78b-4be7-9756-4e4c6298f8a3	450K	SeSAMe Methylation Beta Estimation	78bc3ae7-f04d-4ad7-a8a8-f27398e8cdec.methylation_array.sesame.level3betas.txt	13155118	4aaf61a59b6b4fcd93b9c3773fae498a	metadata_candidate_not_QC_eligible
9bccd373-9b0c-430b-85a6-4ea5e5a74e76	aee86a89-0377-4080-b16c-408bfbe78687	e54ef0f0-38a5-4226-9a6a-c76aa12de589	450K	SeSAMe Methylation Beta Estimation	3aaabbfe-84a6-4c04-bd35-94c0c8cc3557.methylation_array.sesame.level3betas.txt	13091649	4c005bdfe9876a814cb87c3aa42823fb	metadata_candidate_not_QC_eligible
9bd26335-dd71-4821-b7d1-a4e24430fbb3	4a1d30e8-e93a-41ed-8e54-08eaff6556a7	452d513d-d9f8-40bf-a3a7-75453c875561	RNA	STAR - Counts	841e54a1-9d65-4256-b70e-eb64659b40a4.rna_seq.augmented_star_gene_counts.tsv	4229983	7317608cc1ef3790db80ce5e07d4ca91	metadata_candidate_not_QC_eligible
9bdba133-a1e0-4482-add2-af6493ebdbe5	34d8e84e-c3e1-417d-8b9b-8563d9fa0f8e	a3bf3f65-7b44-4993-a126-c76870dbbbac	RNA	STAR - Counts	efd3731a-0788-41e9-a985-0c3d400d7db3.rna_seq.augmented_star_gene_counts.tsv	4255895	b52cccec81de7f9317435955cb308ae1	metadata_candidate_not_QC_eligible
9bf51961-c60a-43df-87eb-a64dae9e4e10	7cce924f-12a1-4895-9866-5d4b1869dde6	ce18c482-da4e-4166-a49c-29dc0bfb4472	RNA	STAR - Counts	52beaa60-92f3-48cf-a695-78bb66ccd4f6.rna_seq.augmented_star_gene_counts.tsv	4245175	178a1bafa3baf212e8d0ac4e73c478ff	metadata_candidate_not_QC_eligible
9c0c1371-ad61-42e4-9e56-681df2348358	5ace9608-d38a-42f2-a877-ec7c9d211808	79843244-8e55-4f0b-9282-20ffc846e690	450K	SeSAMe Methylation Beta Estimation	ff1477da-bf27-43b9-b99b-2318d90bf151.methylation_array.sesame.level3betas.txt	13016275	972f5f71c1c5a9f60f6960934d0fcc4f	metadata_candidate_not_QC_eligible
9c5d808a-ed99-46f6-8ef8-e71416e86eb3	467d96d7-4a42-4116-8c32-0e4b34f96d8a	5942f197-2b77-4a7f-8bca-763cc1902a0b	450K	SeSAMe Methylation Beta Estimation	65f87bd8-f813-44f8-8075-a714af5deecd.methylation_array.sesame.level3betas.txt	13147495	5cd65892514167db342e42f3f5f5cddd	metadata_candidate_not_QC_eligible
9d373511-ba64-4109-b9af-e60f925204ff	dcd066ba-5894-453e-b1da-82092858c3db	de4bb1d0-8bd9-4614-85ca-c39d8c636bcc	450K	SeSAMe Methylation Beta Estimation	d16dfb3b-8200-4d56-98c1-f51dc533680c.methylation_array.sesame.level3betas.txt	13059476	4b880653b95cbafce10f8063cbffdf3f	metadata_candidate_not_QC_eligible
9db8b103-5f3a-439b-993c-14879744c30a	9c7875ad-ab71-4d48-b2e3-e4c7a46393e9	357f3efe-e2c9-432a-a2b6-75a5fdbae3be	RNA	STAR - Counts	7f9b4506-b00b-4b6f-8469-d0e4a73df1d4.rna_seq.augmented_star_gene_counts.tsv	4231950	ce4a992807ad6e324027faca1177ba8d	metadata_candidate_not_QC_eligible
9dffc7c0-da78-48a9-b438-a4886a45048e	f587c9ab-2949-4410-80d6-a050865d48aa	9ce83cc4-7b9b-4ce7-98f5-5ce8a8d70902	RNA	STAR - Counts	52b34ef3-a814-4aa9-a395-6beea6a71f11.rna_seq.augmented_star_gene_counts.tsv	4229534	ef3ff1b0c15f22c4187e34058739096c	metadata_candidate_not_QC_eligible
9e2e96e4-8583-4bd7-8071-9ab9011bd3c3	0b31dbdf-0623-48e4-a0ec-017650dceda7	49a0ab8a-f379-4394-accf-0b4b08d2dcc6	450K	SeSAMe Methylation Beta Estimation	33a57ad0-8d3b-43e6-9b67-ca0a1df7da85.methylation_array.sesame.level3betas.txt	13189125	7dc239fdeebb9a3f881a6ed51cab9ffe	metadata_candidate_not_QC_eligible
9e711594-b012-4d84-aa47-5f893690c793	a5f2576a-d628-47de-a5df-76a4f3105dcc	72218786-f74e-4746-9447-26ca882b83a5	450K	SeSAMe Methylation Beta Estimation	69cfa81f-a7b9-46d5-a89f-ef79bd65e5cc.methylation_array.sesame.level3betas.txt	13169195	c971bc2d9bb552ec12609b08fb061944	metadata_candidate_not_QC_eligible
9ee64463-e09f-4983-b83d-a6a5481cab9a	7a111b4f-46e9-4e34-8024-0b9fdc5cbcd8	b574f6d5-8cd6-4e23-92ac-2a2b64eded38	RNA	STAR - Counts	681308e4-1122-4343-9d6b-63df6a39d302.rna_seq.augmented_star_gene_counts.tsv	4241969	1d8b1e8e20fc34de64dead5341e1408a	metadata_candidate_not_QC_eligible
9ef4248b-ee43-4dab-a27b-14443bb7294b	fe3eeeb6-0db4-46d7-a020-55604d474c12	e58e47db-7d0b-4ccc-8878-9b1e78e3b365	450K	SeSAMe Methylation Beta Estimation	f19c62c0-fb42-4198-8ef8-4c00cafa3311.methylation_array.sesame.level3betas.txt	13186915	8861a0abe317bddb64519a1d4a8113e8	metadata_candidate_not_QC_eligible
9f0a9ce9-6258-4a82-84c1-dc017a7eb760	96d93e23-bb0d-46a8-9685-5ed0d6b83059	f6e030dc-ed9a-43c5-8d47-bf2f039e780d	RNA	STAR - Counts	129a4f1c-81ee-4ebb-8c97-0a60fcc114d6.rna_seq.augmented_star_gene_counts.tsv	4254157	734863b21c2394f695dd66446c1ff58b	metadata_candidate_not_QC_eligible
9f1c581d-42a9-4067-8b91-5d309457b5e8	bab335f9-b241-41a7-b107-79b9676b37b8	1d8e9258-d210-4ef8-b448-65d628bb3063	RNA	STAR - Counts	aac03db2-1e90-4c0e-9094-4df06abeb84d.rna_seq.augmented_star_gene_counts.tsv	4219664	afec85b38f09563a0aca66cd9d133375	metadata_candidate_not_QC_eligible
9f30a452-7427-4d77-a342-9db4eefdfa6c	f17d3463-af6c-42c2-a8e9-fae45f69286f	ea75499c-7bf0-47be-9b09-3c12aaa22f12	450K	SeSAMe Methylation Beta Estimation	f52b9b9a-f1e0-40c0-aea6-5563e25d219e.methylation_array.sesame.level3betas.txt	13180005	0c29147c0d4fbe2662a5f05e5accabb8	metadata_candidate_not_QC_eligible
9ffe0bdc-838e-4715-8fd3-31f032c8f46e	6d72de06-232a-4983-a06c-eba6d82cb3f1	2885d4b3-34a6-421d-b20c-eedad721d10a	RNA	STAR - Counts	96f7dff7-660b-4700-88b3-6479ad02f20c.rna_seq.augmented_star_gene_counts.tsv	4245852	5625ab3cfe5ea5e0552b8886e9377372	metadata_candidate_not_QC_eligible
9ffe8343-d98f-4c5f-b29a-cbcbdac0c008	4b22ad71-c585-4077-ad3c-c6e026d0c7fa	37599a47-3ab8-4b42-a227-270e8652c160	RNA	STAR - Counts	8536c3c1-1e75-4ebc-b792-30d7d228a117.rna_seq.augmented_star_gene_counts.tsv	4258988	c21ca32afb67a4dab1ec6d808c21afb9	metadata_candidate_not_QC_eligible
a03c9de0-7526-4942-8a7a-5fe03ea191f6	21fb46f9-4bbb-441c-af19-a687e9138344	f0a4ae58-d5bc-4ab0-b1cf-0d951ea91fc7	RNA	STAR - Counts	3ce23908-d2b9-42b0-a409-5fbd767496c2.rna_seq.augmented_star_gene_counts.tsv	4225761	733ac10a0be01831a6086753e86afd82	metadata_candidate_not_QC_eligible
a09759bf-5949-449b-a192-ddbb3d755e51	0d980584-4484-4063-8243-c3cd67f6f588	6e10437d-da57-4298-b082-9d7c59d09c5c	450K	SeSAMe Methylation Beta Estimation	558ca02b-1429-41a9-9c8b-86e072bf86ed.methylation_array.sesame.level3betas.txt	13191786	32a5181d63ad04a3431b1679039136c5	metadata_candidate_not_QC_eligible
a0f8ac3a-99e2-4da8-942a-9d5e6ca862fa	bab43415-d413-40be-a4c0-2c40a52afe6a	dd9a6c68-b8b4-4168-9ff9-72a45f20c44f	450K	SeSAMe Methylation Beta Estimation	d5769119-6454-48f2-9b9c-9f22c9761df9.methylation_array.sesame.level3betas.txt	13133450	8aa14981b15f60a3e0a50f632f400790	metadata_candidate_not_QC_eligible
a0fce6cc-a525-4970-82b7-8512bb0708b3	c9c533ee-e154-4a56-bce9-b5af37574b2f	e7a733ac-55e0-4395-ad3b-7cfc5b526d01	RNA	STAR - Counts	7d9c7c34-76e0-4622-b5f7-60e12f6d4e07.rna_seq.augmented_star_gene_counts.tsv	4252453	15cec03c65ac24e7da940cd4b9f99219	metadata_candidate_not_QC_eligible
a135a2b4-bc6a-4dd6-baa9-f08ab2d4971a	dcd066ba-5894-453e-b1da-82092858c3db	de4bb1d0-8bd9-4614-85ca-c39d8c636bcc	RNA	STAR - Counts	c41a2347-8277-494e-90c6-f1918223388b.rna_seq.augmented_star_gene_counts.tsv	4230666	bbe8127b4e50e5b09375051038cfef2e	metadata_candidate_not_QC_eligible
a13c34af-ec29-4c37-a19e-0a0b9d6b36a9	17e09b0d-eab2-40ec-ae3c-be9ab63fcef0	034cf68f-79af-40f3-bb6e-26ae98b3a62f	450K	SeSAMe Methylation Beta Estimation	fa12fb27-04af-4e8b-b0a2-0e2e2c56c044.methylation_array.sesame.level3betas.txt	13182496	f57089d5568a6883b5029c4b168defd5	metadata_candidate_not_QC_eligible
a14f02d4-6d07-409d-af7a-5d5f23640ad6	abab925c-bef3-4072-b9c4-40f808744593	51206ca4-92c3-4fab-94a7-7f38aa4e0bee	RNA	STAR - Counts	56081bb7-480c-446f-9e21-41627df3b569.rna_seq.augmented_star_gene_counts.tsv	4242102	2e1a8ae5832ddda9dbc8ed7f12addd27	metadata_candidate_not_QC_eligible
a1a335fb-2b78-4554-8101-989d0f4b7632	889aec8e-14ba-48d9-8fe1-f2416e82b333	43f5270a-f2f2-4dd9-83b5-486b805e35b8	450K	SeSAMe Methylation Beta Estimation	79b49b4f-c2a2-465d-ab20-a576917c51ab.methylation_array.sesame.level3betas.txt	13159468	b21202a4bc38807b88ccf77e54357bd2	metadata_candidate_not_QC_eligible
a26dc0d7-7c7d-4940-8d32-4b5c1effc53e	dd46c83e-6551-485b-b935-f3beed891244	bdab4848-dfb5-4b58-9d79-4ab0f0f80cbd	450K	SeSAMe Methylation Beta Estimation	cb68d7a8-f5ce-4d46-984f-7bd09a4e7a91.methylation_array.sesame.level3betas.txt	13076875	329ec864f22c3b543eb4bec0c82880e1	metadata_candidate_not_QC_eligible
a2c4a1a8-5e01-4035-b211-01f073a17247	52df074f-a402-4b78-9472-f8eb268efded	fdfca85d-9c11-4f55-8f43-7e4d54afdf9e	450K	SeSAMe Methylation Beta Estimation	a9f96486-baf7-4bed-8322-2a4880478843.methylation_array.sesame.level3betas.txt	12841574	86f6b1d9f3f344addf71de0533110098	metadata_candidate_not_QC_eligible
a2e812ab-393e-45aa-82cc-948ac8f8f70c	5fd0f07b-8bb9-4378-bd26-28a26057e8fe	a527b0d5-599a-4ec6-9eca-bae98872f440	450K	SeSAMe Methylation Beta Estimation	e6df83b3-e9e9-4a0c-8a5c-9fc7f8dca53b.methylation_array.sesame.level3betas.txt	13177710	75bb48b9380c18458d5798673084e5df	metadata_candidate_not_QC_eligible
a308da6a-7eec-4a96-8884-d6ea49637744	31c96e35-5e2f-429c-b12a-7bc5a497a300	da010683-c537-478f-8f95-e606b05dbc5c	RNA	STAR - Counts	14797b04-c56a-4ceb-bd0f-a4e785e90f75.rna_seq.augmented_star_gene_counts.tsv	4269503	f0cecb0ee5d1b480a3579cd29f642f1c	metadata_candidate_not_QC_eligible
a30a4fc4-df09-4b5f-87f0-6a155f751359	db0b9e63-4272-4f29-bf0e-1ec0fe79a9d7	7b1d8b50-f3df-4aab-a654-c3810d8d576d	450K	SeSAMe Methylation Beta Estimation	5454d044-11f0-4fc8-9571-c6ea75327192.methylation_array.sesame.level3betas.txt	13197852	f7639fd184a578a29078ae7346f2ebe5	metadata_candidate_not_QC_eligible
a35c257e-f8b8-4d58-8ecb-92b1b0bc59f3	86faf16c-56fd-4b7b-a6b2-b4c83bec93e1	08acba8a-143f-43e6-9562-e41dcacba681	RNA	STAR - Counts	35fc369e-6f16-415b-badb-380eedb2157b.rna_seq.augmented_star_gene_counts.tsv	4251651	f56cc45eaf3ca0f661c6b19fc37bf103	metadata_candidate_not_QC_eligible
a36cf415-5b4d-424b-8c7e-a1307d4c981c	47b749e6-e060-4aa1-8f29-976e489ba789	9e129d06-15b7-4d89-bac0-9cb62c54dc5a	450K	SeSAMe Methylation Beta Estimation	537e6c8a-a2e5-4cf2-98c4-9d061b3ced67.methylation_array.sesame.level3betas.txt	12743377	22f23f468bb60631775665ea8c188463	metadata_candidate_not_QC_eligible
a3872e61-35e3-4b1a-8ca1-07484b825cee	7be86a90-6da8-4c01-8a7a-bc5cfef9894f	d342edd9-680a-40d4-bb18-9cd7810bb052	450K	SeSAMe Methylation Beta Estimation	fd0ef162-8205-4c3e-b2b4-15a8d4c0b426.methylation_array.sesame.level3betas.txt	13138561	3099d0966f6ca6c43f001c94e12f585a	metadata_candidate_not_QC_eligible
a38fef4e-8a25-431f-98c0-372ecc3a996c	6845099a-b2c9-48d8-b856-9903d39bb92e	a236f15a-76cc-4a2d-9087-e824ad581453	450K	SeSAMe Methylation Beta Estimation	8d564615-8bab-4f73-92c6-80b46f502b09.methylation_array.sesame.level3betas.txt	13164509	1a2499cb0f07bd43b8dbdca4d9bfab59	metadata_candidate_not_QC_eligible
a39739fa-8b9d-4dae-b73b-5ef87db09266	681b1176-9676-44d3-892c-1d5dba1ce25b	9cea4206-b460-433b-bf50-29c56cb8e33d	450K	SeSAMe Methylation Beta Estimation	449bd162-2abe-4c51-aeef-cad9853851af.methylation_array.sesame.level3betas.txt	13175470	c077bcd151da41d1a18813ae45ff6ba4	metadata_candidate_not_QC_eligible
a3ba3301-4364-47be-806b-a923175c8669	ff07ea4b-4e50-410d-99d6-96a351dad7b1	ccfec92a-3843-4e73-9f83-746d9b2df60c	450K	SeSAMe Methylation Beta Estimation	c7f3b5c1-dc4e-4751-8c6b-fd7105b2507a.methylation_array.sesame.level3betas.txt	13181353	7e22997c0c08dbfd48fe3cc3d908b734	metadata_candidate_not_QC_eligible
a3cb73a4-0976-4f76-8b27-ca81a2d30859	889aec8e-14ba-48d9-8fe1-f2416e82b333	62d62df2-aecf-4aa6-a687-a91a8ff7057a	450K	SeSAMe Methylation Beta Estimation	858e0396-79e3-484c-a236-fe11864b24f1.methylation_array.sesame.level3betas.txt	13026559	72155a7a503b420346ab7465c67fd9bf	metadata_candidate_not_QC_eligible
a412b415-0692-4adf-8447-067ad69913d7	7a0ea814-f0de-4bc4-a81a-daa000559369	d2355f3a-e2ce-4791-b1fb-b570850681df	RNA	STAR - Counts	fcb42a31-a716-430f-a0a1-001766fc62b5.rna_seq.augmented_star_gene_counts.tsv	4228758	fd911ac5bbe78ead902c93f526838477	metadata_candidate_not_QC_eligible
a434db66-c204-412c-97a5-b5cbb8ab3963	369f14c4-2191-4962-a309-3e23ddc4e5fc	45021ebd-8e13-44c2-8203-aa9f72b50e6e	450K	SeSAMe Methylation Beta Estimation	863baabd-5f57-4617-8737-ef296cb75ba9.methylation_array.sesame.level3betas.txt	13107447	723841095c5a1089cae0a560d0f1c0ef	metadata_candidate_not_QC_eligible
a43e0f24-382c-431f-9bdb-94b3fa5c52a1	db769d5c-a794-448d-9130-38a82d051c95	d1a83e2e-276f-4366-acd1-fe6bd3f7988f	RNA	STAR - Counts	597af330-73d5-4905-803e-56d744ab723d.rna_seq.augmented_star_gene_counts.tsv	4252227	f098a29f5ad3a6da88dd05b9f1425632	metadata_candidate_not_QC_eligible
a4c14abb-5b10-41df-9da5-39f1ee194b7c	e254aaeb-012c-4d92-8a03-cce1f6a2bcd6	f0054242-3f54-41d4-9f74-94f61fefbfbc	RNA	STAR - Counts	404aadcc-cb30-4dba-b2b3-efd573cd9ffe.rna_seq.augmented_star_gene_counts.tsv	4261315	e9c7ce2f753e3178ca6b9eb11071d82c	metadata_candidate_not_QC_eligible
a4ed7fd8-e220-46e6-90f7-3b208dbf4e05	c0fdb152-25d2-404b-bec7-a43ece381f5b	25b98904-0171-403a-a66f-11f586ecf8c0	RNA	STAR - Counts	9f4c2cc8-8675-43be-98bb-004c45ba5a51.rna_seq.augmented_star_gene_counts.tsv	4237269	95ae46920b3248fa70bdcaf05e514ef3	metadata_candidate_not_QC_eligible
a5407526-9c45-427b-abcc-65d6e1f87158	ccecce70-dd54-4c5b-bf9f-ca87d290cb00	4eaa4b4a-e9db-4e65-97d6-7fa1a205da95	RNA	STAR - Counts	c208cf0f-3922-4159-a7dd-76dccf9ff396.rna_seq.augmented_star_gene_counts.tsv	4229240	977894d85184f34de20c1e64f29b22d1	metadata_candidate_not_QC_eligible
a552e159-7967-4dde-a94f-314a7b08dea0	ebb33753-9d38-4368-9033-3e55f129d00d	89850fa4-1b8c-429b-bdfd-8a92804e289a	450K	SeSAMe Methylation Beta Estimation	dae77e9a-3651-48c0-9de2-8766939a7e80.methylation_array.sesame.level3betas.txt	13193085	8d6bb42ac8e4e51281223eb3401f684c	metadata_candidate_not_QC_eligible
a5c20dde-ba99-4ad2-ab84-45997c9e010b	31ff69b5-9e58-44da-8326-bdfc7ee495c4	4b24bb00-acf5-4cf4-a84a-020baa60782d	450K	SeSAMe Methylation Beta Estimation	cfc139cc-1e7d-47b9-896f-1a646988f338.methylation_array.sesame.level3betas.txt	13202229	f7d95ba51cf1af9b12b0436f6c473884	metadata_candidate_not_QC_eligible
a5e1a78c-7e7a-41e8-8c45-872028f6b5a0	9e22a3af-7f28-4757-8684-ed64a2a27ad1	4ed3eaec-0085-4115-bbe7-27645b6a3a8b	RNA	STAR - Counts	f3df8eaf-1fd2-4e08-ad48-ce5aa1d64e19.rna_seq.augmented_star_gene_counts.tsv	4237963	8c4001334cd5c6c75047c18a58a1d81a	metadata_candidate_not_QC_eligible
a60f0ff5-6f4c-43a1-8dda-10b882880bfc	ae39e358-08d7-4367-ae68-82b469e791e4	1f5fa8fd-1de8-4456-8935-71b5a8b54bd2	RNA	STAR - Counts	c9494f0c-d6df-4dc9-a174-dfd53f121ee8.rna_seq.augmented_star_gene_counts.tsv	4253892	5d1111de1b542967a55a7b1c333573cf	metadata_candidate_not_QC_eligible
a62db40f-4e4f-496c-84ed-ab9500b89757	fb6b289c-aaf9-4d8e-b6e0-5d35bce1b6e1	4bdf77d2-33cc-46e0-af34-1e66a90a213a	RNA	STAR - Counts	cd271741-c470-4f57-9873-635fef14f902.rna_seq.augmented_star_gene_counts.tsv	4218941	0181ebe0b8f91a84d55e9fdcc8a2448b	metadata_candidate_not_QC_eligible
a678ec77-1954-4d0b-a573-3a490ab74c66	4d153600-81f9-44fb-b485-6355ec306d6a	785daa57-5e12-4b23-8287-384d46e55e57	450K	SeSAMe Methylation Beta Estimation	818eb55b-57b4-4976-a32d-5fa39b3088d7.methylation_array.sesame.level3betas.txt	13171564	e5bc8c350046237e7fbfc3835de42e7c	metadata_candidate_not_QC_eligible
a6b95b6e-eb89-4a2b-a4f0-b35ee9dda816	ddeacccf-0953-4952-8a4e-c2617f2e7bcc	37a8d3a5-baa0-427c-ab43-48ae4b93633b	450K	SeSAMe Methylation Beta Estimation	e28db848-e521-463d-b98f-68ecc067405e.methylation_array.sesame.level3betas.txt	13187483	0672b3ea3f27029bbeea751f8fe44080	metadata_candidate_not_QC_eligible
a777fb14-4498-4f32-bccb-1e8521567302	0a45f302-5748-48f3-9dc9-66c01843a68e	2b87b12c-5ca7-4492-a2f6-26f9644e1d5a	RNA	STAR - Counts	96780e00-b519-4bec-a49b-c2cc2d19a744.rna_seq.augmented_star_gene_counts.tsv	4216161	6d7026d174217106f4ba9a89afc59647	metadata_candidate_not_QC_eligible
a912206f-60e9-4564-9d84-db9c3ee75343	d2824e6d-3784-45c2-9b0f-52b17356b5da	f9f9c1dd-8462-4560-82b8-aea4309854c9	RNA	STAR - Counts	99c5c1c4-851a-42a4-b5a2-dd9da2959343.rna_seq.augmented_star_gene_counts.tsv	4264297	7e1f4be8d5e825666e9bd0339b72fdf5	metadata_candidate_not_QC_eligible
a96b1164-baf8-42a9-a8ad-219b6518e234	15f12d2c-b834-4bfc-b526-f03bf85bfe96	71de7aed-0fd7-4381-847b-885e1310d6ef	450K	SeSAMe Methylation Beta Estimation	5260f7f2-f2eb-432d-b02f-cbd74ed89f58.methylation_array.sesame.level3betas.txt	13187258	3324ef70ca0b9c3ff2b6e3b4e3f0fba5	metadata_candidate_not_QC_eligible
a9e3a464-50ea-49a0-9482-1513ed167bf4	54e90433-5218-4d83-848f-f995ecba2a63	b8f9acbf-0e4b-4967-a11b-7234b6cf83e0	RNA	STAR - Counts	6804af50-1b4f-4872-83b8-bae24d398cb4.rna_seq.augmented_star_gene_counts.tsv	4251798	f0bb3bbc9da88c260eb3355dc9e69d29	metadata_candidate_not_QC_eligible
aaa72a07-5214-4145-9fb5-99c22b7c248a	c1a01e8c-1f7e-4e24-bfad-90b73f88e992	d0090140-e835-484e-bef0-e83011931b66	RNA	STAR - Counts	f99ac82f-4fe6-4a9a-9d49-67c42cf66208.rna_seq.augmented_star_gene_counts.tsv	4233406	0b040ed97893575b9e567491d82824f5	metadata_candidate_not_QC_eligible
aabb1f03-8a4e-4d38-b09e-d9b56b5b921c	d31aeefc-b59b-42e9-9919-750b17a70a3d	b8e996d3-14b1-465f-b1e3-d6849b144be1	RNA	STAR - Counts	f8cc4515-2576-4a72-9cf1-28dfe774eda9.rna_seq.augmented_star_gene_counts.tsv	4257091	52fff028a9744532f9c134b9cc53037e	metadata_candidate_not_QC_eligible
aad8d860-667f-45e8-9854-bfffcb4b6c32	78ae716b-0ca5-4c01-a053-d41288385fcd	dd9c2f71-145a-4f7f-8b64-095b1fc75c3d	450K	SeSAMe Methylation Beta Estimation	1ede68ab-fc23-44d2-b9f7-99d07568ae7c.methylation_array.sesame.level3betas.txt	13124748	18333c0abee0dbb14dfae2b839659717	metadata_candidate_not_QC_eligible
aaed597b-1f13-4495-ad64-d01510fe556e	c0c879f7-c332-4d31-9f7e-a3bf361b36ee	a9c846b1-9ee0-4f96-85bf-b7dd53c4230c	450K	SeSAMe Methylation Beta Estimation	391de967-1fed-4b09-991f-313675e9e153.methylation_array.sesame.level3betas.txt	13194702	987cfa3eb706f2a94a285ab5e3d0afbd	metadata_candidate_not_QC_eligible
ab24be1b-969c-48f2-bc98-8b89bc719b4c	433a32d0-93d1-4897-8e36-beb1ec1d998e	3e7cdfb1-cdeb-4c56-91aa-08930083b39d	RNA	STAR - Counts	2a48ffd2-9212-48f4-a836-7572eb2feffe.rna_seq.augmented_star_gene_counts.tsv	4236126	e3867dbc0c259e4a45e585822b6ee6ba	metadata_candidate_not_QC_eligible
ab3c7d7c-7ad0-4f26-9991-ddd288598936	5ace9608-d38a-42f2-a877-ec7c9d211808	79843244-8e55-4f0b-9282-20ffc846e690	RNA	STAR - Counts	5d843590-36a7-4568-88a4-2bc09e14927f.rna_seq.augmented_star_gene_counts.tsv	4222576	e2a5a342800957b223e29d242646d961	metadata_candidate_not_QC_eligible
abb395e6-40ae-44c9-ad2d-599426fe9bdf	3c4ff061-d214-4d1c-8d2e-3034f207c252	7c606f64-69a1-465c-9f4e-2eb1ebeda5d7	450K	SeSAMe Methylation Beta Estimation	29c1c650-1e52-41a6-bfd5-7450a39fb28b.methylation_array.sesame.level3betas.txt	13191956	5517af79c25b441aa80f5c7dbb9dee49	metadata_candidate_not_QC_eligible
abc2a4aa-95a4-42bf-9b69-dd539e3e5f82	028e99e9-5b9a-4954-bb6e-6d4709a3cea8	9622c370-68d0-48da-a7e0-5eb4765b6f27	450K	SeSAMe Methylation Beta Estimation	22becbe6-8c21-40fb-ae14-0eb28a42d0aa.methylation_array.sesame.level3betas.txt	13167730	1c17269afbd1a70bf6eb0cd6b06f9aae	metadata_candidate_not_QC_eligible
ac1b3490-b748-4aed-bc57-74c572251952	bab335f9-b241-41a7-b107-79b9676b37b8	1d8e9258-d210-4ef8-b448-65d628bb3063	450K	SeSAMe Methylation Beta Estimation	acd1c0ea-1c9b-495e-ad5d-9784561d2cf8.methylation_array.sesame.level3betas.txt	13163550	125ddf5df03b289b4d58c1d95e168d52	metadata_candidate_not_QC_eligible
ac7c1811-dbf5-40a2-97de-18fe4d9fa6ab	e10568fe-0436-43f2-9f0f-48f9903868c4	3b2ed302-d8f1-4078-95f0-3b5c5b322deb	450K	SeSAMe Methylation Beta Estimation	1e11780f-ffe7-4639-b4c6-748ffa303c6e.methylation_array.sesame.level3betas.txt	13047247	814cf60aa3cb3a42055b819b1e73c6db	metadata_candidate_not_QC_eligible
ac98f8d2-fdc4-4925-8fce-7e86d7b89dec	6e3b6b72-142d-4b8d-a462-28a205796e41	3a9be0ad-9ffd-4c4b-8b12-bae55310b0c7	RNA	STAR - Counts	758b1a4d-bd46-4611-b8c3-49c5f62a2dab.rna_seq.augmented_star_gene_counts.tsv	4232136	0d0585c93714d080a9d7a9990cedf30c	metadata_candidate_not_QC_eligible
ac9d6b6d-37e9-44ca-9f70-0e6351c39341	645903b5-ba37-48a1-985b-a019b8db3236	4736860e-fd90-40d1-815e-e1d164123dd8	RNA	STAR - Counts	2f00871b-1c4a-4fe9-94f6-42493fd95841.rna_seq.augmented_star_gene_counts.tsv	4221147	0c72a81086b0947e78e52aa3804c42d8	metadata_candidate_not_QC_eligible
aca8bace-37c5-4ec0-958c-13907ae97d1f	3b21b982-dba2-45f4-ad8d-21dc86fcaaa7	0ecbd044-0689-4395-a3d6-fb0d46fcf226	RNA	STAR - Counts	48fdafbf-3f8b-46ba-8aa9-f081f0b54739.rna_seq.augmented_star_gene_counts.tsv	4255640	a67d594583737083eb37c6b466257c7a	metadata_candidate_not_QC_eligible
ace52699-f049-4a11-ab3d-ce3719c62e41	edf80622-aea2-4b50-bb69-691d6708aa83	81fb5fa9-d901-4faa-b909-376b8676d2bc	RNA	STAR - Counts	0e3e11b9-9f43-4a0d-8665-023fae9f8b00.rna_seq.augmented_star_gene_counts.tsv	4223025	7edb44b06da1d77cd7dde2a9eece24a8	metadata_candidate_not_QC_eligible
acfb9be6-8f22-450f-810f-2142ffe9f6b4	e01e4fb3-236a-4d16-9073-555876b688e9	1c0bc537-7eb8-4bbf-b7bb-cc8e0e610277	450K	SeSAMe Methylation Beta Estimation	60e3ce65-0ad7-4d3f-bdb0-47fdc5025c09.methylation_array.sesame.level3betas.txt	13125137	118a4e72d7ebf0122aa4ec0d328f70bc	metadata_candidate_not_QC_eligible
ad14b665-a96c-4baf-be44-b2ad86fa4386	a8d6694c-a213-4544-ac0b-63bce16d8f4e	336eb991-5705-4bc0-a167-6d7f82f81697	450K	SeSAMe Methylation Beta Estimation	0af0809d-209c-4b25-9fe1-4301efbbeec3.methylation_array.sesame.level3betas.txt	13042083	67c0e8037b895b0065ab73566d1dc3b9	metadata_candidate_not_QC_eligible
ad636e79-be59-4821-8303-7d2e7389b22f	46592b7b-6968-42a6-83af-0917c9f4a9a5	c0a8c73c-35ba-4724-b13a-9a9986af36c0	RNA	STAR - Counts	6545e778-687c-4b82-b6b6-b5d438879069.rna_seq.augmented_star_gene_counts.tsv	4241983	9224887fc22623d57544ed20ebfdd384	metadata_candidate_not_QC_eligible
ad684b05-d880-4699-9a95-eef4b484e8cb	497cc506-03fe-4ffa-860b-5a12adb1bc7d	40bfeee7-9932-47d6-87a8-5fd7514c2917	450K	SeSAMe Methylation Beta Estimation	3069f3f4-3a96-4bf1-b20d-e4509200fe98.methylation_array.sesame.level3betas.txt	13127734	9c616f6d7d7449f9f67a105543d6e537	metadata_candidate_not_QC_eligible
ad6ae9d2-c6f5-4686-9b3c-45ea130493f3	028e99e9-5b9a-4954-bb6e-6d4709a3cea8	9622c370-68d0-48da-a7e0-5eb4765b6f27	RNA	STAR - Counts	2fde57cd-97d2-492d-b37d-a4e2d43239cf.rna_seq.augmented_star_gene_counts.tsv	4223654	526f83fd0fa0a2130fd04c8103af23f5	metadata_candidate_not_QC_eligible
ad8bf3fe-2831-4c1c-81f9-c65e09b2d45e	953a908d-0993-42f6-853b-512611d19a2c	4bee0576-d35f-477b-b974-79cb89c88950	RNA	STAR - Counts	34d64c67-b35b-418e-a7b2-759804876762.rna_seq.augmented_star_gene_counts.tsv	4213808	6367a7f9e1c6082c9ed940caa1751941	metadata_candidate_not_QC_eligible
ada7caf4-d45f-4bcc-8eb1-bd247d1222f4	abd6647b-d2eb-404d-8283-443e92addf55	ee6445a5-22e8-42d8-a2e3-8f0058066352	450K	SeSAMe Methylation Beta Estimation	a9d5eda4-b86a-42bc-b32f-c2d5cc4f38fe.methylation_array.sesame.level3betas.txt	13140938	49bd27d76e61498d7f6ab12b8df92d5d	metadata_candidate_not_QC_eligible
adb302cb-bea8-4623-9c5d-009e696e2df7	f7f9f522-de88-4f9c-8ba4-7be3726faaf8	e71a1971-e1c7-4cd9-ae0a-9458a053042d	450K	SeSAMe Methylation Beta Estimation	ea111fb8-4fe3-4329-a1ea-9aa790bb77e3.methylation_array.sesame.level3betas.txt	13144069	9b56f7eeefee6ca5c1a239ec97ea72da	metadata_candidate_not_QC_eligible
ae037177-0902-4c94-8e3c-632e240d3945	77c4dbb2-eceb-4e0d-bcde-63dc817d5f35	c7c2f2f3-d5f6-4fb8-b02a-79fa39a42756	RNA	STAR - Counts	b71b334c-768e-46f6-bc7e-c95a11f44f03.rna_seq.augmented_star_gene_counts.tsv	4240764	4d981ef035274014c4677af0dac9d911	metadata_candidate_not_QC_eligible
ae535c07-021d-4737-abd8-cc5e3ef04b43	7099597a-b208-45b5-b9e0-11ab40d5e497	afbc74e4-3632-4161-9c70-0ba17c6dc5c0	450K	SeSAMe Methylation Beta Estimation	c35b9016-4a26-4d2b-ad85-1a1e2a0db359.methylation_array.sesame.level3betas.txt	13036385	51c1ca5385e14b299a4de5b81fa9af57	metadata_candidate_not_QC_eligible
ae7275dd-d6c4-4786-b710-35b270d4050f	927fc5e0-2c14-4c20-a49b-f10d8a1175c3	5a1d5fb9-900f-4f73-bead-d67cae987a8a	450K	SeSAMe Methylation Beta Estimation	968f4bf5-5395-4a2d-a34b-e8543743d934.methylation_array.sesame.level3betas.txt	13048097	42c886410a1b743c0c15294eae70bcae	metadata_candidate_not_QC_eligible
ae798e98-44e4-4a6e-b2f1-e00577248a19	44218b35-219c-4ad9-a01e-fde14067c4c0	b49eb906-19c3-4eb7-93f7-1c37bc85ce61	450K	SeSAMe Methylation Beta Estimation	b57a26a8-6fa2-4559-9c21-c2964c569708.methylation_array.sesame.level3betas.txt	13179191	e0f76df01e27727fef3bb51f5f5240a7	metadata_candidate_not_QC_eligible
af2c7fc6-003d-4c41-bba5-95a005699a57	e43a2b72-35c6-4466-9007-ce96caf77ea8	a08a22c9-5b3a-4748-89af-0fae50522f1b	RNA	STAR - Counts	f74d61fe-042f-4cfc-a32b-380389629951.rna_seq.augmented_star_gene_counts.tsv	4240829	e41a5b485cbcff3bfed013b31c63a340	metadata_candidate_not_QC_eligible
af3d5a78-b972-41c7-95a4-392f69fb7d7a	f063ddbb-1668-40df-9ec2-b0a23ca2c389	76c0adae-eef5-459e-a4c9-397d94ebfdcc	450K	SeSAMe Methylation Beta Estimation	e5d651fc-e2b7-47e8-be8c-5f22314356b0.methylation_array.sesame.level3betas.txt	13183500	0329758a96977e81aaecd75cadd9e95b	metadata_candidate_not_QC_eligible
afa5c7c4-02f8-4417-873c-378937f5fbbb	d8faa3a7-6b3f-4e69-8c88-184e41055bd7	dc242475-d2c0-4c6a-b227-f6a21a27179a	RNA	STAR - Counts	9aa5eb7d-1d54-47f6-aeeb-59be4880f004.rna_seq.augmented_star_gene_counts.tsv	4254670	140ea4447340fa927763cbdbb19294c3	metadata_candidate_not_QC_eligible
afdf58d1-5814-4e78-a92e-26fbcc97da32	9536e32d-2707-48d2-a36d-08c521665bb9	cfe0f0e4-d8bf-40ce-99f1-2bf99ceca18b	RNA	STAR - Counts	0a5dab01-33ff-41d1-8842-7b7f18a6efe0.rna_seq.augmented_star_gene_counts.tsv	4219971	96f4226c5a485e5eee3a6156d4b4ba05	metadata_candidate_not_QC_eligible
b06a3383-3a16-4f91-91c4-71cad60dae4b	32d9935a-f5cd-43b3-88bd-09e6e2b9090d	9602a00c-a48d-455e-ab57-0e61414098fe	RNA	STAR - Counts	897e33bc-3862-47bc-8277-a9b1b5371802.rna_seq.augmented_star_gene_counts.tsv	4245425	0ca130d5ecf485bfd517f70aa3326719	metadata_candidate_not_QC_eligible
b06f0f20-d553-4c34-b6c7-6b3081777464	2f0710f4-827b-45b2-9b7e-c27385b481a7	c58243d7-77ea-4806-8298-2e322d5219a3	450K	SeSAMe Methylation Beta Estimation	3290e1e3-261e-4e80-8f82-fdd39e272d6e.methylation_array.sesame.level3betas.txt	13176173	2570b579798d8ad6fa7842d06b892752	metadata_candidate_not_QC_eligible
b080156e-0711-42f5-83c7-a34de25cbba9	ebcba7f2-ce13-4bae-97cd-91a6b1dcd465	7ecb9621-7a1f-4876-9dfb-9b77cc4cb7b4	RNA	STAR - Counts	fe3a5a49-7744-4336-a4b6-0e88f23e21d8.rna_seq.augmented_star_gene_counts.tsv	4233140	15220c8a957b906fb33769b1b0e65227	metadata_candidate_not_QC_eligible
b0a1b626-c44b-4a95-b4a4-383fc63f8649	8ab8c4ba-311e-41d0-85ea-a0245aca1bdd	ea2baaca-c8b1-4c4b-8890-47003f63f9b3	RNA	STAR - Counts	233b6aa7-9d3f-4db0-a900-03f7cf4d0ac4.rna_seq.augmented_star_gene_counts.tsv	4231740	b7c92987759a21776856c723f9351d36	metadata_candidate_not_QC_eligible
b0b5b05d-f782-449d-94cf-8fd74a4bd30c	7099597a-b208-45b5-b9e0-11ab40d5e497	98e01ce5-8af3-4f2c-b5a1-36730a3c806a	RNA	STAR - Counts	146a69db-f304-4dd3-97e2-4d11b6512069.rna_seq.augmented_star_gene_counts.tsv	4206923	f325cd9d860c3a44c00a9224028439db	metadata_candidate_not_QC_eligible
b0bedc50-f192-4fde-a2d6-2a4696e0408e	afe83af5-af22-49c0-88b4-f1d0dfcbe238	54e85adb-6f45-4815-9816-a18b349cce42	450K	SeSAMe Methylation Beta Estimation	df608514-7b26-49ad-bb2f-ded0de4cce30.methylation_array.sesame.level3betas.txt	13187013	de1792a2db5d78d6c40738a02b4e379d	metadata_candidate_not_QC_eligible
b0dc4a18-3099-46fc-a518-9e411c6c15f3	33e3f736-7990-4f7a-ac35-863247566541	0250727d-cbe6-4d03-89cc-5221ac72a065	RNA	STAR - Counts	3ddd596f-b02f-4b51-a837-3c684437600f.rna_seq.augmented_star_gene_counts.tsv	4226413	5d14d39515b96c4cc35e5560d0332d1f	metadata_candidate_not_QC_eligible
b0eade9b-2ce4-4ffd-9db3-56958b452af6	8b119d1c-6d21-4bbd-8a00-12da7b97d6c4	27e4accb-fbc9-4d65-93d1-169870998203	RNA	STAR - Counts	5fd9d2a8-3a95-440c-a0de-8ad5fd86e156.rna_seq.augmented_star_gene_counts.tsv	4215562	88b52b517e276c84c611088e63c1d0be	metadata_candidate_not_QC_eligible
b180f2a2-d8a6-4523-bd93-ca4ce5b74119	aea68827-dc0f-484d-a00d-06deeaa4b3ce	1e9dac94-1a10-47d0-ae92-81d38a264376	450K	SeSAMe Methylation Beta Estimation	11aabaa8-910f-40d6-af86-a021a43add38.methylation_array.sesame.level3betas.txt	13194115	c3d068ab38e567b9f9b73a912f88f1fa	metadata_candidate_not_QC_eligible
b1b934c9-037c-4e38-b5f3-5bccd93e6556	e21e2af3-dc71-41fa-94ba-7a7929f47d90	ed940a3c-39ed-4127-9174-03ffcf448505	450K	SeSAMe Methylation Beta Estimation	ae5bf0ca-c01f-4a53-92c5-6b0806d5583a.methylation_array.sesame.level3betas.txt	13158041	22ffc29a3f6592dd2e5f50e24dd56d74	metadata_candidate_not_QC_eligible
b1e31090-c4b8-46ee-ab44-e604de639935	349e6f38-2c67-4a69-a777-b9173a2a27cf	174e4405-4848-4e5e-93cc-0cdf2795c91a	450K	SeSAMe Methylation Beta Estimation	72942eb5-2eaf-425e-963b-de0da8295081.methylation_array.sesame.level3betas.txt	13189942	09d0588a7e12097c449548988f071041	metadata_candidate_not_QC_eligible
b1f8cdd8-3952-427a-bf6c-fcd83637105e	62380447-3b94-4e7c-823a-72dd7b4ccf3a	3c17efb2-ed6c-4c73-800c-a5d896d80372	450K	SeSAMe Methylation Beta Estimation	593c3959-c499-41ff-90d5-444b32d92c70.methylation_array.sesame.level3betas.txt	13071899	49b97c7589fa5e32b5bc6741711d55ba	metadata_candidate_not_QC_eligible
b2496625-f7e1-40df-aff1-a78105c25ebe	0fe909ea-d52c-4b71-816f-57f62d4a5744	f716c981-41d1-479d-962e-881d6199abce	450K	SeSAMe Methylation Beta Estimation	aa6466a7-cbcc-4a8e-8cc6-f2ec2f9c61a2.methylation_array.sesame.level3betas.txt	13186492	03195f5f1579c9eaf3131178e56973c3	metadata_candidate_not_QC_eligible
b25c098a-ca6a-4458-9e0a-4399ec49680c	9f81c602-8afa-4588-b0b6-6e5a1a128d5a	4d85772b-287e-4790-b1e8-cd1c0e88ad48	450K	SeSAMe Methylation Beta Estimation	e2822b2f-317d-416a-b384-faa0b7fcc85e.methylation_array.sesame.level3betas.txt	13190692	b7b55d721badf13825c2cfd8e503025e	metadata_candidate_not_QC_eligible
b2f56684-e2df-4182-88a6-a1571e3e2030	75589307-f141-4d0d-b35d-adbbc77b3dec	cba50f48-facb-4eb3-9a72-73c5b585bdc6	450K	SeSAMe Methylation Beta Estimation	1bfeadb5-7507-4d99-bb33-71816275accc.methylation_array.sesame.level3betas.txt	13096883	580dd9648c595841652e97340afc75e8	metadata_candidate_not_QC_eligible
b3315d2a-a740-412d-b3c8-3d043fdc845c	1b31cdb3-1837-49d6-a857-1830f8800299	5aa09c6e-a062-4834-aa6d-4ec1bed510d7	450K	SeSAMe Methylation Beta Estimation	843ee035-4b34-4730-8e18-12dc95052f9b.methylation_array.sesame.level3betas.txt	13163682	47a14e1e9f8699242193708351b971ee	metadata_candidate_not_QC_eligible
b45e937f-da60-4259-8fa2-e64ee4fdbe95	562a562b-ca03-44ac-b282-b51b457d8dae	dea6de72-0f67-44f8-aea7-28c15adf4e60	RNA	STAR - Counts	534541e5-89a2-46bc-98d3-1fed57d6e4c1.rna_seq.augmented_star_gene_counts.tsv	4242321	96572e6dc92f8c130db10e361a8012b0	metadata_candidate_not_QC_eligible
b48494cc-59e3-4b4c-8a53-2bed58d64caa	22302e92-fdfa-462a-9249-efdaa26ee5ed	aae346a0-532d-48a3-89b2-d0a614097fd5	450K	SeSAMe Methylation Beta Estimation	628b267e-cab8-4673-909c-079e682a5e4d.methylation_array.sesame.level3betas.txt	13153616	73548d245d97364c1cbdc0b5f699899c	metadata_candidate_not_QC_eligible
b4974f36-432a-47c5-8377-09850fedd50b	7a0ea814-f0de-4bc4-a81a-daa000559369	d2355f3a-e2ce-4791-b1fb-b570850681df	450K	SeSAMe Methylation Beta Estimation	38e4fe20-c970-4eb0-8770-5d18b0b8bb42.methylation_array.sesame.level3betas.txt	13112430	b0a78f8d416b80836d9b5d92115dd2c2	metadata_candidate_not_QC_eligible
b4de06a8-883b-4d02-afc6-d926c588c4ee	9a50e7e4-831d-489f-87d2-979e987561cc	e4416303-50b0-4316-bfee-030c7b29fac6	RNA	STAR - Counts	819e9776-131f-4c00-b93c-9936cbcc55b8.rna_seq.augmented_star_gene_counts.tsv	4232066	3eb007b6bd0a164f0f79485eeaecbe4b	metadata_candidate_not_QC_eligible
b53ceb0c-a338-46e2-a0e6-224dec5ea807	c0c879f7-c332-4d31-9f7e-a3bf361b36ee	a9c846b1-9ee0-4f96-85bf-b7dd53c4230c	RNA	STAR - Counts	05ca3ffd-a4d9-4667-80e2-d15125e88f7c.rna_seq.augmented_star_gene_counts.tsv	4244751	69d2dbba24a9e6dcd8d1a224289dc053	metadata_candidate_not_QC_eligible
b5b25f89-cd67-44e5-89bd-be2bc1def4d8	3bc7026f-73f2-418b-bd62-f4768582b790	e97a07a0-16bb-40c7-9df4-95dadf83b04c	RNA	STAR - Counts	4ad05e6b-e3d8-4048-8f61-1e79e421de0b.rna_seq.augmented_star_gene_counts.tsv	4246173	412b3360f6579bd180f830e50bd0e4f2	metadata_candidate_not_QC_eligible
b5b3c685-304f-4279-904a-c86c18f61576	b2bc53d6-ef78-4ae9-a6b5-1c7cad9a43eb	796a6e60-2289-48e0-8a50-ddfce6ebf73b	RNA	STAR - Counts	f8a3b631-5140-45d0-8732-cb556d5f83b2.rna_seq.augmented_star_gene_counts.tsv	4221925	3a64a19aa379e81bd5c3bc4e64693b9b	metadata_candidate_not_QC_eligible
b5c6258a-8591-4f96-81d5-8ecc931b57a8	772324a5-5513-454d-ad6b-605798f69b73	0deed408-8acb-43ce-84a3-143aabd23312	RNA	STAR - Counts	e5ff9d44-3193-4baa-bf04-c86563d3c9a9.rna_seq.augmented_star_gene_counts.tsv	4234192	81c9992f5c63a9f8ce3fd3143e3c6939	metadata_candidate_not_QC_eligible
b5dbc765-9f95-45c3-ac37-cc99ffffba56	193201a3-1447-47b1-bdf1-11ae0eb3b2f3	91d58448-b712-4626-82c6-a451fddf277d	450K	SeSAMe Methylation Beta Estimation	5b8ea26b-d10a-4d1a-9fcb-0ca7da81da46.methylation_array.sesame.level3betas.txt	13145658	c04d96065fdc9f107d806d5b58217e69	metadata_candidate_not_QC_eligible
b5df8e57-5822-4192-a4a4-398d11e9d968	807cc7d2-6e3b-4f2d-9531-0da994eeeada	97df724f-afe1-4db4-9563-853245093fbb	RNA	STAR - Counts	6b48d62b-0932-48df-9448-ae6dcb8853b2.rna_seq.augmented_star_gene_counts.tsv	4232279	3d1b590b2250f34bf59793fc302e218f	metadata_candidate_not_QC_eligible
b6a0d742-e7bc-4d67-8014-675e62f1ddd0	17e09b0d-eab2-40ec-ae3c-be9ab63fcef0	034cf68f-79af-40f3-bb6e-26ae98b3a62f	RNA	STAR - Counts	df3e51ff-63ad-45c2-ba71-676c5eb6b9e0.rna_seq.augmented_star_gene_counts.tsv	4251429	69dbc0c2623194f3587913c64661a3b0	metadata_candidate_not_QC_eligible
b6c69243-9731-4578-b037-ac997cbdc7dc	d344dae0-adf4-4697-b703-7690c13d8331	728db9f6-58b5-4270-a494-1298809f17c0	RNA	STAR - Counts	2306a9ab-37ae-4dfd-b992-4f62022c3d4c.rna_seq.augmented_star_gene_counts.tsv	4244236	b50857213b4d430cfd349ff5b717b473	metadata_candidate_not_QC_eligible
b6f0730b-81b8-462d-845a-5d72773bb00c	a905d275-9283-4fa6-bbbf-46019bd1bcb7	e3ab8511-d37d-4cec-a954-cfc616b2cefd	450K	SeSAMe Methylation Beta Estimation	abc05009-30c5-46b4-8832-46f7c1757bff.methylation_array.sesame.level3betas.txt	13158813	73106d3a9a9a779990d63acb8814a903	metadata_candidate_not_QC_eligible
b7006975-82c2-4fcc-855d-5ef024ef3d4f	6ee9caec-65ac-46db-9426-ffaa31967ae2	1a929496-806b-42f7-a45d-5f66a73eedcd	RNA	STAR - Counts	b70dcd97-e1e4-417c-a05f-b37acdde6684.rna_seq.augmented_star_gene_counts.tsv	4224562	1fce4e7138b85e38aa13710c8e01bc00	metadata_candidate_not_QC_eligible
b7b898c7-f63f-43d3-864a-406e842db2fe	488646a1-0bdb-45f8-8c30-bef006924511	b24cfbec-f890-4685-9e7f-405da7eac9ad	RNA	STAR - Counts	cbfa6fea-3a77-4d0f-ab15-12307d08055a.rna_seq.augmented_star_gene_counts.tsv	4255579	db065f4243af7c973f5fc4a53541a61d	metadata_candidate_not_QC_eligible
b817c1a8-7e62-423e-b7e0-eb9136fe0455	1c58d9b8-17a2-4fc6-9898-fe6f47bd2c2a	4131da8f-3c6c-43e1-a7eb-81cb8988f524	RNA	STAR - Counts	73559b1e-ad93-432f-a7bb-c3946d4120d4.rna_seq.augmented_star_gene_counts.tsv	4230562	d165dd36e556a7fcfb1c7748ca6e63de	metadata_candidate_not_QC_eligible
b81da101-2125-4bff-99e7-45ee3022cee2	0c0b610e-fe4c-406d-a5ed-5cc3b11dabf5	ad66185f-983d-4416-b705-25d3d4d8b5a5	450K	SeSAMe Methylation Beta Estimation	2e83e728-752d-46ea-8736-4e40ad13bf52.methylation_array.sesame.level3betas.txt	13091433	a7a981ca3b2fe6fa976638c9bea0dbf4	metadata_candidate_not_QC_eligible
b8fd162b-f3ef-4e03-8141-6511cdbda036	488646a1-0bdb-45f8-8c30-bef006924511	b24cfbec-f890-4685-9e7f-405da7eac9ad	450K	SeSAMe Methylation Beta Estimation	41410c91-5bd0-4928-a2b6-de14ffc9b26c.methylation_array.sesame.level3betas.txt	13101846	5db12b236837aa5ae803041dd6f59af6	metadata_candidate_not_QC_eligible
b918335b-f377-41d8-be7f-a906d04831f0	54a0e4d7-c274-4569-9c25-45bbe26d7f21	168a4a36-b73d-4c17-aaa4-1e4824a155c2	450K	SeSAMe Methylation Beta Estimation	f2f75442-737d-40ea-af89-5c9ff99fc081.methylation_array.sesame.level3betas.txt	13183474	a27cce16122d62e7f50b229dcb799924	metadata_candidate_not_QC_eligible
b91d8293-6331-4f76-98f0-335ebce83539	088edf89-d2b5-40c7-b066-df3bd383f7ea	d1fb0862-8d9c-4bc4-aac6-81dc4eed66c9	RNA	STAR - Counts	330845b9-1d53-47af-8cb7-30ce5d30625d.rna_seq.augmented_star_gene_counts.tsv	4253457	5747ecf21d5548f4096ea86156030475	metadata_candidate_not_QC_eligible
b92b3124-331c-4fef-b43e-420d365278e5	0a45f302-5748-48f3-9dc9-66c01843a68e	2b87b12c-5ca7-4492-a2f6-26f9644e1d5a	450K	SeSAMe Methylation Beta Estimation	8ef75cb3-7c03-4d4b-a6b8-cad81245657b.methylation_array.sesame.level3betas.txt	13174728	5ea4ae507e983e702be2624bcec1da86	metadata_candidate_not_QC_eligible
b9610938-1f47-4556-ae92-794df8ae6401	3c4ff061-d214-4d1c-8d2e-3034f207c252	1163fbc8-706b-4d7d-8454-bbb24e2bf27d	RNA	STAR - Counts	a0ead79b-f99c-46d1-a092-4cb98291bdcc.rna_seq.augmented_star_gene_counts.tsv	4226468	868d9748d56a2ca220f558405a3f5bf3	metadata_candidate_not_QC_eligible
b9ac77d6-9a1b-443d-8ef5-e8ef2e3008dd	a41c46da-7ed4-4192-bd16-b3cbb94a5133	e190a9e4-10ae-4060-a071-4b8b73479023	RNA	STAR - Counts	6f6bf240-1ca4-47d0-9a77-17b0ce9b8ae7.rna_seq.augmented_star_gene_counts.tsv	4264851	11bcef36ba61bd2bf27d9c24b968c510	metadata_candidate_not_QC_eligible
ba321132-35e2-4f17-a8b6-9c3e5067cae4	d6e274a0-6425-437b-bc07-1225be7808d5	64a45521-0494-45f6-b605-198e5c2c56ba	450K	SeSAMe Methylation Beta Estimation	152d1a5b-3b6d-411c-b596-70a112366122.methylation_array.sesame.level3betas.txt	13127135	7129472091a21e4b6f199dc2ddf7da55	metadata_candidate_not_QC_eligible
ba35952c-fed9-4a1c-8d9f-0a9ea6d1f1b7	243c6fd6-5516-46e5-bcef-292d93d7b7d3	d1194f81-3244-41e2-a4ab-5fa0485ec6aa	450K	SeSAMe Methylation Beta Estimation	43bb27c6-f768-4f56-a97e-07a72de4bed8.methylation_array.sesame.level3betas.txt	13113669	6dbfe44fd27b9323b9f45bcc6bfe3599	metadata_candidate_not_QC_eligible
ba3e1d1e-3193-4770-9c57-b4ff1502af38	6dfd47d2-831a-4386-9051-f78199a16bb5	c4c061cd-e926-400b-b18c-b47c234337ca	RNA	STAR - Counts	ce68bb71-4052-499c-bf2e-81d9c0dafc9b.rna_seq.augmented_star_gene_counts.tsv	4269436	c7dcea8c2e92fa09fbb39ad9230688ff	metadata_candidate_not_QC_eligible
ba8aebd8-07de-46c0-a28f-b2408c36f07f	fb79c491-7b01-42ae-8369-8364e442e31b	a0863fa6-515c-44fa-825f-f9e243f945f1	RNA	STAR - Counts	77b82c3f-e20c-4e3b-a55c-08af359bbb6e.rna_seq.augmented_star_gene_counts.tsv	4248160	d1590f85d1f41250edf7dd5f7518ddfb	metadata_candidate_not_QC_eligible
bae11f13-84a4-4fe3-b9e4-9d48b74896af	16d3c1c1-cf3a-44b6-b564-8ae5464b243d	24057913-52eb-4f50-a501-c11003b2356a	RNA	STAR - Counts	da046621-2982-42dc-b54d-6c875ecb5368.rna_seq.augmented_star_gene_counts.tsv	4244861	88a3c28c7d2701a31a9ae9f802e569d0	metadata_candidate_not_QC_eligible
bae501f3-c0ba-4646-8027-0623869176f4	7e7f089c-25f7-4e14-aed5-d741047b9e42	6601f037-bdf0-4171-86e4-aa4da7c9e83e	RNA	STAR - Counts	c6fcbf56-bc49-43eb-981a-ef032465a7ce.rna_seq.augmented_star_gene_counts.tsv	4227137	c86025add8ba385b1c7ff06a77deb2f8	metadata_candidate_not_QC_eligible
baead0cf-79a5-4c20-a522-cb18907f7151	8ab8c4ba-311e-41d0-85ea-a0245aca1bdd	ea2baaca-c8b1-4c4b-8890-47003f63f9b3	450K	SeSAMe Methylation Beta Estimation	9f1f39d1-b23c-48ae-beda-328ddefceebc.methylation_array.sesame.level3betas.txt	12926996	0bdf648eaa495219df388db1be519176	metadata_candidate_not_QC_eligible
bb47dbbf-75f5-4bbf-bd1a-ca81383f211b	ac0d7a82-82cb-4aec-b859-e37375f3de8b	3073311b-5b00-4fd7-b1f6-1067d2e86564	RNA	STAR - Counts	2beab6d3-563d-421f-bf4a-7e1f843ec637.rna_seq.augmented_star_gene_counts.tsv	4226091	1b6d55b7b00ed84a78c2704a3581775c	metadata_candidate_not_QC_eligible
bb5264e1-0dbf-4b28-9fbe-0a8602c13369	23069f19-eba5-4ea5-ae7d-1ee4399ce7c1	4f516204-3c17-4df0-b9bb-6b6dc9af4fd2	RNA	STAR - Counts	a787801a-cb3f-4a1f-b14c-ed8f2bfd6028.rna_seq.augmented_star_gene_counts.tsv	4218481	3de80aa07bf3010339966a38a78ba426	metadata_candidate_not_QC_eligible
bb69e798-8c83-4c12-b622-3155e1972e6f	4efc2dac-6330-4b7a-a529-a27285f5fc23	54984e66-1d2a-4a62-a5aa-847bc12e02fc	RNA	STAR - Counts	aefc9460-27d4-4d7f-8167-baa2a80935b7.rna_seq.augmented_star_gene_counts.tsv	4215818	20672b0f76073b49d354a68d26ec0a68	metadata_candidate_not_QC_eligible
bb71c8cf-9947-4e36-a6c2-0d5a1977f310	daf0e08e-1738-43f8-874a-b37d79cbe3a7	359f80d0-faea-42ad-82c7-e34d238a3a3e	450K	SeSAMe Methylation Beta Estimation	9ffe0b80-a7e2-452a-a63b-6e5941901bfb.methylation_array.sesame.level3betas.txt	13189520	ad811ac8f0a4387fce5be51483f5b2df	metadata_candidate_not_QC_eligible
bbb70a6e-a91c-4c67-9ec0-b33185ab4f8d	3bd6badb-27ff-4d8d-b206-4d28dc264862	b560df97-986b-4a88-a0f1-c38a30080edb	RNA	STAR - Counts	1f7293ad-85b2-4d42-afcc-88cf1027cf5f.rna_seq.augmented_star_gene_counts.tsv	4263814	beeb398a1376012fdd784b5c99831e14	metadata_candidate_not_QC_eligible
bbbd3cd5-cfd3-418b-ab3a-243de430a5e1	5d7ec32a-049f-4997-9882-1b3ac157e02d	fbb7751d-75ca-45aa-af13-ed5cfb01ef41	RNA	STAR - Counts	3e5fa22c-f02a-4da4-881c-6aa2869058c1.rna_seq.augmented_star_gene_counts.tsv	4245859	bf0dec795bf24b3a857db6ac3f782885	metadata_candidate_not_QC_eligible
bbea4239-0ce8-4540-8818-d73d076b3aa6	3c4ff061-d214-4d1c-8d2e-3034f207c252	7c606f64-69a1-465c-9f4e-2eb1ebeda5d7	RNA	STAR - Counts	3369898e-21d8-4ded-8bbc-a746b1a743ad.rna_seq.augmented_star_gene_counts.tsv	4215833	de5312b418ee15ee4d2be3ef8a80236d	metadata_candidate_not_QC_eligible
bbebc7e7-a2ee-4fdd-a100-e19b05095594	4b92fce2-3772-40eb-ab34-a27937b58590	12870223-d36b-4a35-ba3d-70ed75eeab1d	450K	SeSAMe Methylation Beta Estimation	61e28f79-a54f-4c04-aed8-80dfcebb78cf.methylation_array.sesame.level3betas.txt	13141573	3ddd4de62b7614dce6c76aadf557004e	metadata_candidate_not_QC_eligible
bbf5b792-52f3-4116-881d-a67543926250	c4d1e105-28b7-48df-abef-fbe09782fdb2	38c83b40-fba4-48d4-ad6e-93768cb6139f	450K	SeSAMe Methylation Beta Estimation	7b572a63-4e49-4278-8161-971ba473801b.methylation_array.sesame.level3betas.txt	13187455	425634c97bca2e147747443658b502fe	metadata_candidate_not_QC_eligible
bc58aa54-0ea1-486e-b7f1-419003c5a06e	c4cfa3cc-e305-42dd-be57-97efbb891659	7d86a05d-f448-4a95-9bbc-6e19338ba98c	450K	SeSAMe Methylation Beta Estimation	bcf2985f-0b02-447d-8b8b-34eba443ccfa.methylation_array.sesame.level3betas.txt	13155469	dfce1cdfbaa7b7fd14849ff1f9cc583b	metadata_candidate_not_QC_eligible
bca264e4-3883-409f-ad4e-f56f81c7c93e	9240d5fc-de23-4436-8099-da9bd3054860	1a40c0ef-0b6f-48c9-98cc-b64e8660f2a3	RNA	STAR - Counts	21a80f43-21be-4549-901b-c99083021c30.rna_seq.augmented_star_gene_counts.tsv	4197791	2d8946bcff7aaeab71b0b637cd33f18c	metadata_candidate_not_QC_eligible
bca42f75-ac65-4add-8450-35b846c991df	ab9e6815-4d13-44db-93e5-553eb4f5bc95	5e72a9b0-5f80-462e-a586-262f573dc62c	450K	SeSAMe Methylation Beta Estimation	f1df8f0c-382d-49d7-980a-c16a4765e407.methylation_array.sesame.level3betas.txt	13181105	46f95759e579d6419227d281027577cd	metadata_candidate_not_QC_eligible
bd3fdcd8-21bc-46fa-abad-189c23e21f34	33e3f736-7990-4f7a-ac35-863247566541	0250727d-cbe6-4d03-89cc-5221ac72a065	450K	SeSAMe Methylation Beta Estimation	45a2e8a1-2094-4d06-9804-fcd804b0d173.methylation_array.sesame.level3betas.txt	13178683	9d0d243b18de74a1a4bb46216ca6f595	metadata_candidate_not_QC_eligible
bd820f5e-c8fd-4af5-b81c-2c51715cd759	e21e2af3-dc71-41fa-94ba-7a7929f47d90	ed940a3c-39ed-4127-9174-03ffcf448505	RNA	STAR - Counts	12beb3ab-f6e1-42b0-af74-1a8cbb3416c0.rna_seq.augmented_star_gene_counts.tsv	4234562	30ae0fb3e98b58ff708905810f4ee66d	metadata_candidate_not_QC_eligible
bd992f6e-cdc4-48d6-a861-46609ce92ff9	1427cd18-5ad3-491a-9981-908e31ae49db	9b416640-9aec-4b0d-aa88-b94287375950	450K	SeSAMe Methylation Beta Estimation	0ead614d-50fb-4df2-95fb-37c106da5833.methylation_array.sesame.level3betas.txt	13200686	9bc63984533853c3185d96d4d1e21276	metadata_candidate_not_QC_eligible
beb3712d-76e3-4c3a-becb-c94048ea8a7f	3c4ff061-d214-4d1c-8d2e-3034f207c252	7c606f64-69a1-465c-9f4e-2eb1ebeda5d7	RNA	STAR - Counts	7977a11b-246f-4c4c-a200-ee35d2d51fc5.rna_seq.augmented_star_gene_counts.tsv	4239333	a5d8eb7381258193c120fe312b79ee56	metadata_candidate_not_QC_eligible
beb8ac01-a780-4ebc-8521-73c9b69d0d51	dd63d0fd-e24b-40a5-88c5-7d3d4106631e	6dd5d1bd-d39f-462e-9d6e-158dc08dc0af	450K	SeSAMe Methylation Beta Estimation	608d570a-0d50-4fc0-a2f4-4554d8df533c.methylation_array.sesame.level3betas.txt	13184359	3ebbf1a331b678edfeea2ea13b81f69b	metadata_candidate_not_QC_eligible
bec02792-06e1-4789-871d-b5b4a5989786	b56dad1e-2fd5-47d8-9cc7-a54be9a1bae2	98bbbf97-fbf4-4cbc-9536-f11febbf350b	RNA	STAR - Counts	76413057-e8a8-42b7-b545-897e3b32580d.rna_seq.augmented_star_gene_counts.tsv	4211668	6aa40de0b1e1feb49871e65fa303a09e	metadata_candidate_not_QC_eligible
bfe5caf9-c16b-4a48-9906-7020be48d009	fb79c491-7b01-42ae-8369-8364e442e31b	a0863fa6-515c-44fa-825f-f9e243f945f1	450K	SeSAMe Methylation Beta Estimation	ab2b4361-b6a3-4cb5-8c9d-98da0e97693c.methylation_array.sesame.level3betas.txt	13136939	f4f8fe6eb6318bf0ad0a8d0276111576	metadata_candidate_not_QC_eligible
bfecde55-3ed3-4977-899b-d7c22b6df15b	e739b4f7-ae46-45c6-9013-9571cbadaf99	cd8ff232-b36b-4ed0-a0c6-7e0e172ea390	RNA	STAR - Counts	b7f9da49-2a09-4f32-af6c-980ccf75250b.rna_seq.augmented_star_gene_counts.tsv	4235711	239eea2e924502ba36ce92b9e8d0a04b	metadata_candidate_not_QC_eligible
c01350c9-89ac-40ae-84ac-0fac77712446	e00a60d7-4253-443d-a187-680ad0931349	9f9bd43e-2204-4837-a4a1-8bba437b179b	450K	SeSAMe Methylation Beta Estimation	82df3c33-91dc-4cfe-b6e1-ac38dc3e94a3.methylation_array.sesame.level3betas.txt	13168456	d6a67ff4520e2b4077ebc8852be40bd8	metadata_candidate_not_QC_eligible
c04f940f-fe0b-4d0b-a94a-1083c63ea952	84c3ba70-afa7-4b69-be69-7ec8d6022c56	0e02dc1a-653b-4b16-824a-251a1aa41c2d	450K	SeSAMe Methylation Beta Estimation	7da6a36d-73ae-4392-8eb9-56657aa70c4d.methylation_array.sesame.level3betas.txt	13098326	6aa842b6eb8100143553d5c2a4eeb822	metadata_candidate_not_QC_eligible
c140ee8e-c45f-47fb-b214-c3c8cdde972e	c8544fb3-b26e-4672-bb81-a271db724b04	5449bced-1356-4de5-9352-349725656c5c	RNA	STAR - Counts	b5909b96-7ef6-497a-802e-11805dc7ded7.rna_seq.augmented_star_gene_counts.tsv	4225356	c8a1f9e2ec7fa72254b4a3d602c5e39f	metadata_candidate_not_QC_eligible
c159bded-3212-44c3-bdb5-3027c865edc7	2f09479f-87fc-4c34-8e2c-333e970a3681	efd3f14f-f785-4aec-9efd-6dd8e9c41eba	450K	SeSAMe Methylation Beta Estimation	09aec774-ecf2-419b-971a-7b82a7bcc228.methylation_array.sesame.level3betas.txt	13183580	d17a808b177815f227dc939ff2159bbe	metadata_candidate_not_QC_eligible
c18e914b-9fc9-4dab-8464-8f4c9a6fccf7	e8060c45-451d-4779-9584-f284db47e63e	f40fdd2f-868d-4cda-952e-bd385e8cc84c	450K	SeSAMe Methylation Beta Estimation	8b42c2f3-9a44-4260-ab57-5899de62bee7.methylation_array.sesame.level3betas.txt	13077644	ff1e89025b37b464966356f3afbff842	metadata_candidate_not_QC_eligible
c201af42-0040-4d46-8d65-9d6e6647c35b	ceead734-1ce0-4385-b65a-a9c853b7308e	37dd3ded-0df0-4d10-8756-0429a6da5405	450K	SeSAMe Methylation Beta Estimation	e4427126-5425-4628-a7ec-c5de397a77a2.methylation_array.sesame.level3betas.txt	13169401	8b0e4df0a4916baf6a4393ea821513c2	metadata_candidate_not_QC_eligible
c202c35e-d28b-46fc-9ad7-9447ac755bd9	8f52cccd-5709-4753-9670-31a573ee27ab	2cf77e0e-8054-4ec4-97a6-247c7c881c6f	450K	SeSAMe Methylation Beta Estimation	155a9ccb-81cd-4217-a5b0-dfc578d663a9.methylation_array.sesame.level3betas.txt	13068620	67a44b7fa18f9a62487a1402db0fd47a	metadata_candidate_not_QC_eligible
c2371da5-868b-4788-91ec-c9d4bd8d8085	c353f949-5f66-4a2c-b8f0-17be8bf19e0a	f9e817fa-fc13-419f-9039-ee7422f0d10d	RNA	STAR - Counts	9d2f9191-338e-49ea-a887-a808cdf2703f.rna_seq.augmented_star_gene_counts.tsv	4227525	70b4c9eb00cfeedca229e97fdc895442	metadata_candidate_not_QC_eligible
c280687c-5ca6-47e1-93c4-b1c71d2a76d8	42ca54fc-c1ae-41cd-bca1-7fe9810db460	14f26352-b073-4ed8-8b2a-96b9429f25a0	450K	SeSAMe Methylation Beta Estimation	34c597f2-0e65-4c72-8a7d-dcbf3d96c31b.methylation_array.sesame.level3betas.txt	13056193	ef2d4010f73d95745af913b88de1984d	metadata_candidate_not_QC_eligible
c2accf79-6461-4082-b201-c6f881dc6ea2	2de1ba51-eae1-4a54-b7cd-d6d739fdc39d	bff592ed-0ba6-44c2-b04e-0aad7b73089d	RNA	STAR - Counts	93f32fe3-cb5b-4910-bf06-e20c876cd8a5.rna_seq.augmented_star_gene_counts.tsv	4232708	578577b59eaa0ad09be187e2d01d1b96	metadata_candidate_not_QC_eligible
c2c169d9-7323-4a38-9d9b-e24e466816d8	68b86559-38b2-41f2-b66e-c3c2b628b14d	8cc50f81-9018-462c-8843-1ea8ce1eff1a	450K	SeSAMe Methylation Beta Estimation	75a23303-53a8-4c91-a3b4-fba9ba70a6c0.methylation_array.sesame.level3betas.txt	13113187	683f3f1c08de0ccdb507911bea7f6569	metadata_candidate_not_QC_eligible
c343f781-c1df-4349-aab3-f159329a11da	7c4ed533-ee66-48be-a84b-ff8607742818	07b7f665-383c-4cf0-a677-52bce36a674c	RNA	STAR - Counts	3a8b14d9-c521-48d4-9400-074d752afe1b.rna_seq.augmented_star_gene_counts.tsv	4240611	1b67c1145e085900d7878227a2aa6cec	metadata_candidate_not_QC_eligible
c364942b-3b35-462b-aa00-4e168f6148fd	12c27db5-db2f-48dc-a2ca-9557b951f43e	a5bff681-5b9e-4d3e-93d8-b7ae8f2fd233	450K	SeSAMe Methylation Beta Estimation	60e60da6-b554-40c5-b063-fb8668d0d8b1.methylation_array.sesame.level3betas.txt	13164218	0fa5611ed38d8574376c3471c605fc8e	metadata_candidate_not_QC_eligible
c3e2e99a-537a-4263-a835-fef5ed2c3588	f3501466-cf32-4866-b5fb-e94dd32341bc	48dd9724-8848-48c3-8628-7e78a24e3f2c	RNA	STAR - Counts	6906b453-44ef-404a-9fe6-2b4d5fa65110.rna_seq.augmented_star_gene_counts.tsv	4242191	71740f1664884b0683c335ba95d503db	metadata_candidate_not_QC_eligible
c425a9e6-345b-47e0-a449-f4f9575a9b84	12b79b4f-c28c-418e-a1e7-e622f33fdcc2	6a27f5f8-f4ee-45c7-b953-ddd7d0291dbb	450K	SeSAMe Methylation Beta Estimation	001efc28-eef7-4e3e-b8f9-79d9d5452274.methylation_array.sesame.level3betas.txt	13207493	50a34956fe0f11322c141c490927e497	metadata_candidate_not_QC_eligible
c4514307-91f1-46d8-9b5a-871e68532a86	c0fdb152-25d2-404b-bec7-a43ece381f5b	25b98904-0171-403a-a66f-11f586ecf8c0	450K	SeSAMe Methylation Beta Estimation	bd22efc4-c3a7-44cb-ab2d-b536e4f6b70e.methylation_array.sesame.level3betas.txt	13056365	f64e23d5b9dd57f7fd3d776d97e83797	metadata_candidate_not_QC_eligible
c456435e-5288-4500-ac58-4b0d77d2e3d9	953a908d-0993-42f6-853b-512611d19a2c	4bee0576-d35f-477b-b974-79cb89c88950	450K	SeSAMe Methylation Beta Estimation	b5308f46-85c9-4d8b-be53-aafa0fcf80a1.methylation_array.sesame.level3betas.txt	13171015	36ca4af7ac176c6cb424886ba8ac3a68	metadata_candidate_not_QC_eligible
c4bcc6b0-96a1-452b-9169-b4a16bcb9403	42ca54fc-c1ae-41cd-bca1-7fe9810db460	14f26352-b073-4ed8-8b2a-96b9429f25a0	RNA	STAR - Counts	9f97863a-5019-41de-a095-dd20c4d55e02.rna_seq.augmented_star_gene_counts.tsv	4216012	e9946366cdcc77f45ae02b014e99a3d4	metadata_candidate_not_QC_eligible
c568fdc8-6942-44ff-a9d9-3f7a03fdc62a	afb91740-2668-46d7-ba01-bb26153ad1c7	bfde37f2-ab6f-4426-a33d-ef9d21772f02	RNA	STAR - Counts	367864dd-ccd2-473e-9661-6ff4342a4e64.rna_seq.augmented_star_gene_counts.tsv	4226419	a352405548831c550b90884f50402acc	metadata_candidate_not_QC_eligible
c5a1245e-f3c5-4f42-afd6-9b12f01a6445	5d5cc436-6e57-4d23-a164-7f5153c2e666	15321297-7110-4e79-8d6f-94c95bc83c94	RNA	STAR - Counts	facd5609-e5f0-4993-bd84-049447d60d32.rna_seq.augmented_star_gene_counts.tsv	4236370	e70ea75b06ab27626863f5d4936813cf	metadata_candidate_not_QC_eligible
c5c4fec0-8791-400f-abbd-68fa0e20d9aa	a046888c-f153-4f35-a1b6-23dd1691a91a	f274b7e1-4f18-4f90-851f-5c2d8b984fd3	450K	SeSAMe Methylation Beta Estimation	b038a911-e931-469c-8380-6c58182d8dfe.methylation_array.sesame.level3betas.txt	13011504	f3247d1eb4e7089a969b5bfdbdc5a64f	metadata_candidate_not_QC_eligible
c61f6bd4-3f3d-4a58-8580-bb60d1786bab	c95957a7-1a1a-4c8d-bb61-7c99b500f224	ad9a794f-52dd-4572-bf29-cd3d11ba6c24	450K	SeSAMe Methylation Beta Estimation	a28ef980-22d9-4a58-a12b-21f3e7038a65.methylation_array.sesame.level3betas.txt	13094039	14045126fe7b01df095db87b7a2fefc7	metadata_candidate_not_QC_eligible
c6459ca1-d0d8-41c5-81df-d9176f25af9f	a5bd7d50-9c14-49e6-89cf-6bf440c42309	ce8e86ec-52dd-45ad-b65f-ca10e5f782f4	450K	SeSAMe Methylation Beta Estimation	60779cc4-7f75-4928-b93c-c9e3cca67f66.methylation_array.sesame.level3betas.txt	13034682	c2657dda6df6216a09f9b05d34004148	metadata_candidate_not_QC_eligible
c661bf94-4c1b-431c-bc1f-9c84e7604ac8	0d66bf6c-eed0-4726-bd5b-3bf6d610b4e0	c5363830-3db9-4c0c-aa47-b32fdc888c60	450K	SeSAMe Methylation Beta Estimation	5c3aacfe-60a8-4eb4-89e9-96d255c9fd07.methylation_array.sesame.level3betas.txt	13192897	8ee4c6a1f721bd70eda08db2a308ccb7	metadata_candidate_not_QC_eligible
c69e8ef1-57a7-439a-9b05-66f14b019322	9b38eded-3f46-4aaa-9991-68008d97bdbe	7f56df3f-b649-43d1-ab46-ad460233e46b	RNA	STAR - Counts	be547f27-5157-4947-ad2a-c9d006dedabd.rna_seq.augmented_star_gene_counts.tsv	4258521	716af72b7c7e06d22067f087ffe74a60	metadata_candidate_not_QC_eligible
c7264ff7-7b32-4430-ab2e-201a5fb8b691	cc68632c-b1e3-491b-b562-9468e2d1c101	a7347072-546c-4370-9214-96a17a713b27	450K	SeSAMe Methylation Beta Estimation	be75986f-4acd-4e56-8bd3-c6fc1829fe64.methylation_array.sesame.level3betas.txt	13145092	bef15b4ebd7a7255e203923c1ad10654	metadata_candidate_not_QC_eligible
c79162f6-be6e-46b1-aca7-438423fed6c3	95fa64b0-91e1-4427-b81a-53c47a053563	63e09d3b-9462-4555-b5e7-41740faa7dde	RNA	STAR - Counts	98f9eaa2-866f-4223-ad25-f93020214b4e.rna_seq.augmented_star_gene_counts.tsv	4250133	b9122a3fac42973365eb6bef6b19a98f	metadata_candidate_not_QC_eligible
c7ee3fa6-4a2f-4824-a098-91ce6c1223c3	202e5df9-69f2-432c-a59d-cc5aa176e973	727baf6e-e991-426e-a823-07908aa85202	RNA	STAR - Counts	a4f3f3fa-b161-402b-bc1a-1dddd6be8097.rna_seq.augmented_star_gene_counts.tsv	4243160	a77292fecf469bc39181451fc11841d8	metadata_candidate_not_QC_eligible
c8292a98-f777-465f-8642-87d72d54a351	87f1b3df-4bc7-4336-b658-f30ac1c5c796	8745dbd3-cf9f-4edb-b419-5f0bd590f273	450K	SeSAMe Methylation Beta Estimation	1307e72c-85ae-473f-81f8-6a8e0d5baeb9.methylation_array.sesame.level3betas.txt	13147518	3d62e3d59ca7f7c40d39ae6fb47c0c1f	metadata_candidate_not_QC_eligible
c865dfdb-42bd-4700-9a91-eac2b56a3cb3	75a0bb0b-6528-4fb8-a9e6-254905d21df4	44d07be5-4621-41a2-a574-35122a3e5fbc	450K	SeSAMe Methylation Beta Estimation	937b28f6-5e66-462f-bd3a-897452d9b373.methylation_array.sesame.level3betas.txt	13175743	606ab029e5c20c60ccf0f8de8eccbe5b	metadata_candidate_not_QC_eligible
c96036a1-2f21-47fc-a5ea-54389bf26502	9a9bd705-1ef1-4a6c-bb1e-bdd346dc01c0	d1f3852d-d23c-41af-9ec0-19c4ba1b1da5	RNA	STAR - Counts	f07f72e3-8bd8-4a16-91b4-e4444c2745d9.rna_seq.augmented_star_gene_counts.tsv	4257258	7d821dc1a06dac4e96a7273f1036dc2d	metadata_candidate_not_QC_eligible
c97d6c2a-9866-4893-8cff-ee747c4a4550	781f40c9-c099-4c96-8269-ebe2a449c93d	597244d5-db58-435e-9ddb-98e0c2ec97fd	RNA	STAR - Counts	2f8abb88-ae9f-4315-bcad-4263862bd11b.rna_seq.augmented_star_gene_counts.tsv	4231897	50284d5270fbfe9576deaaedefa3337f	metadata_candidate_not_QC_eligible
c9894ac2-3a81-482e-be5e-c951a83856dc	afb91740-2668-46d7-ba01-bb26153ad1c7	bfde37f2-ab6f-4426-a33d-ef9d21772f02	450K	SeSAMe Methylation Beta Estimation	00685208-8382-48e1-838b-fc0b7807f67f.methylation_array.sesame.level3betas.txt	13124401	75fdeefc2b87d3c4db193663af772d81	metadata_candidate_not_QC_eligible
c9c69a2a-5686-40b4-b54b-46db6bc8f1a4	c353f949-5f66-4a2c-b8f0-17be8bf19e0a	f9e817fa-fc13-419f-9039-ee7422f0d10d	450K	SeSAMe Methylation Beta Estimation	13d96789-4ede-4921-a005-54a9fb4e5c88.methylation_array.sesame.level3betas.txt	13177758	bfb0e55cc16b95a4a0ab0c37d7947e60	metadata_candidate_not_QC_eligible
c9c92786-4193-4b3d-a690-6bbbcac6ec1d	d28e465c-e553-4c53-8bb7-3d8199b9a8a5	f8961f5c-e28b-44a2-8e4e-b5759fe2d849	450K	SeSAMe Methylation Beta Estimation	f6762fc1-7045-4a39-a7ff-c95dae7407b6.methylation_array.sesame.level3betas.txt	13185739	128af453001fde78b8be65db8baf38c9	metadata_candidate_not_QC_eligible
ca34be5f-799c-4df4-af91-ec8a9e958d6c	967d6548-5a84-4b7e-bc3f-2e522859fce6	32c4dcd3-8cc1-4a7d-b593-b8d0b7541c1b	RNA	STAR - Counts	fe770b01-42c9-48c6-97f8-09f18a374350.rna_seq.augmented_star_gene_counts.tsv	4241285	2dc56687d6d13017d3cf28b874be1c46	metadata_candidate_not_QC_eligible
ca5e639a-e947-48ae-b218-7b15764e4090	16e64a1e-08b0-4c27-8c69-fa64551f8ca4	cffeea21-61c8-4f86-b8d3-e67b019768cc	450K	SeSAMe Methylation Beta Estimation	536bfc51-f447-485f-9db6-4ff56fe8951f.methylation_array.sesame.level3betas.txt	13144477	8ec934572049b2cfa09281d0651c61c1	metadata_candidate_not_QC_eligible
caa4bc15-6e54-4d5e-9d91-c25e800b71b9	c95957a7-1a1a-4c8d-bb61-7c99b500f224	ad9a794f-52dd-4572-bf29-cd3d11ba6c24	RNA	STAR - Counts	c36d8349-6af1-4583-818d-cd3742ea97a7.rna_seq.augmented_star_gene_counts.tsv	4258625	375d57254b6abd5becaf6a601e11d6e2	metadata_candidate_not_QC_eligible
cab5b00a-9cf2-4e1f-b2f3-93d27b73631e	2483621a-4db3-41ab-aa33-b9427ea8a0af	13b0d336-205a-42ac-8a50-db0eb065013d	RNA	STAR - Counts	f48a9d85-c3c7-40bc-9215-760ba3b8fa60.rna_seq.augmented_star_gene_counts.tsv	4218349	5154d3e19c898832db7d8d0e19b736de	metadata_candidate_not_QC_eligible
cae2341b-7583-4f91-b249-b65361969e36	37884d39-64e8-4242-b6bd-4c0a1daa21cd	fb9c6881-c503-45c8-b17a-b47a9e8d9003	450K	SeSAMe Methylation Beta Estimation	b8aa7480-42c8-425f-8a8e-5180431b13f0.methylation_array.sesame.level3betas.txt	13049151	420e511a8c52813f8abc1c530698b39a	metadata_candidate_not_QC_eligible
cb061496-b611-48bb-9484-c6ca07f9951e	8fdbd88f-19ae-4ab8-bcd7-6bfa1bbde742	92514fd2-a178-42e8-8929-0910558e7f87	RNA	STAR - Counts	4b6faa2b-5b8d-4ee5-ac5d-aafa6d95327f.rna_seq.augmented_star_gene_counts.tsv	4234595	7a1e7f013be2ee8a3b3499df31923bd2	metadata_candidate_not_QC_eligible
cb1f3843-e3b8-4abe-b8ab-b12ac41a7c5e	5a2f8140-8f90-4e94-b703-5fa5aa96be7b	ade256d3-7ad5-441c-ad53-ab635b1668e4	450K	SeSAMe Methylation Beta Estimation	e65c643c-6eb4-417c-9bc1-cf3133b67ebe.methylation_array.sesame.level3betas.txt	13161023	e6e60eabde4d5edad992177aaa92bb45	metadata_candidate_not_QC_eligible
cb59cd67-2756-45e1-80c7-67ad6d6823d4	079ae0b3-b64b-4b8e-ab7d-225b8046568c	e63d9a32-593f-46e7-9d3b-866435cab585	RNA	STAR - Counts	d0966b4b-6c70-41f6-a220-4bf8be955366.rna_seq.augmented_star_gene_counts.tsv	4261106	c0aee93101616db06b16450401fb1616	metadata_candidate_not_QC_eligible
cb6a3198-2662-4150-bee9-51b692968209	3199cfe5-3be3-43cd-a36b-5cf2c7a9929f	478cc306-6aee-4597-8834-1e5cf8b05a59	RNA	STAR - Counts	c6dd2eb6-2297-4dc0-8cae-c7a6b733a1c2.rna_seq.augmented_star_gene_counts.tsv	4217663	644b65b26d1f69356dfc3abe47adb4ab	metadata_candidate_not_QC_eligible
cb773286-4a34-44ba-89d7-9b0b7b96bf3f	3e1df30f-744a-41e9-a169-7dbbff66622e	b8a5a1e0-3095-49b6-aae7-f7621c398f59	450K	SeSAMe Methylation Beta Estimation	881464b2-9f78-4564-800a-cf216fcf439c.methylation_array.sesame.level3betas.txt	13120194	97941b82cbfae0527acab783619dd5a8	metadata_candidate_not_QC_eligible
cb8f3bef-9be3-41b9-a6c1-b4f8a2f3758e	9b4eeecb-6aff-435b-a244-ec362af92b7f	89aa7c0e-a004-4338-899b-b99728889969	450K	SeSAMe Methylation Beta Estimation	b289f086-8331-4d90-a8d0-3b2cc5e598a2.methylation_array.sesame.level3betas.txt	13210350	4d7fc7c581201ef20c8a5e326ecdef0d	metadata_candidate_not_QC_eligible
cb93a89c-f291-4042-a988-0fb1b392e4d7	e68219b0-a9c2-49df-8f0d-db5ea97fd2dc	8d9491e7-9b14-4988-8fa7-e6af041120bd	RNA	STAR - Counts	4102816c-2ab8-4ecb-83b0-4f78c052bcd8.rna_seq.augmented_star_gene_counts.tsv	4229128	dedf19999ef78fc8c2c60e835ed0198b	metadata_candidate_not_QC_eligible
cb99c929-7546-4ebc-908a-9da1f76b6615	16d3c1c1-cf3a-44b6-b564-8ae5464b243d	24057913-52eb-4f50-a501-c11003b2356a	450K	SeSAMe Methylation Beta Estimation	f393eb69-7017-4b72-85b8-b258f4dc071a.methylation_array.sesame.level3betas.txt	13188344	8401a92e74e70e0a827ee58b284228fa	metadata_candidate_not_QC_eligible
cba15984-128b-4bd9-8202-14afbf1f74b2	7782ceaa-da49-4232-8b3f-534971adaad8	9fd8c73a-da18-4019-9deb-16c93fe1fce2	RNA	STAR - Counts	9d305ba3-6558-42ed-959c-4182de1c8ebb.rna_seq.augmented_star_gene_counts.tsv	4250510	62f5ab5c4b55a76e11e55032369722bd	metadata_candidate_not_QC_eligible
cbaa1a87-5373-4fa0-b2b5-d14bf3a93046	0232d299-4cdf-4fd7-9a5e-8d13c208b40c	93b55ce3-3ab0-4bc1-b1a2-3f02b13dc7b0	450K	SeSAMe Methylation Beta Estimation	bf6ffed2-bc16-404e-be91-2158ccdcdc20.methylation_array.sesame.level3betas.txt	13177481	701e5882f025afac1c0eaa846416ea68	metadata_candidate_not_QC_eligible
cc1174cd-f902-46f0-9e69-b285b2b1317c	6e3b6b72-142d-4b8d-a462-28a205796e41	2ff8bafd-2ac5-4bfd-8c60-81519cd44166	RNA	STAR - Counts	3f579bea-4481-42cd-b433-4f4ff65cf7b0.rna_seq.augmented_star_gene_counts.tsv	4248554	29dfdede38026aab732cfccf92916e1b	metadata_candidate_not_QC_eligible
cc3eff8c-8b35-4e0b-8d93-8fc671f335c6	0c0b610e-fe4c-406d-a5ed-5cc3b11dabf5	c9a31213-d38f-43db-9883-a2c019eef8eb	450K	SeSAMe Methylation Beta Estimation	e614da02-fb24-4eca-8b70-14d74e2daea9.methylation_array.sesame.level3betas.txt	13056037	55ffbd756dc22c8924183da3c6eea890	metadata_candidate_not_QC_eligible
cc481383-4ebf-410c-8dd7-ef0b117bd035	62380447-3b94-4e7c-823a-72dd7b4ccf3a	3c17efb2-ed6c-4c73-800c-a5d896d80372	RNA	STAR - Counts	c2c5b3f8-abe2-4112-9ddd-70056f268137.rna_seq.augmented_star_gene_counts.tsv	4245451	97dccb66156f524188e123e11e212ea0	metadata_candidate_not_QC_eligible
cc640c34-516e-4cd8-a32c-d6f9b856696d	3afa5045-a1ee-4a07-8aad-2e252b2f7d7a	8fa41683-e16d-4f46-a3db-672c9f1b7823	RNA	STAR - Counts	57512aba-e397-4ab8-b1ed-de197e6f92fd.rna_seq.augmented_star_gene_counts.tsv	4245803	6e514737bc74c82deab0fc4b1d6649c5	metadata_candidate_not_QC_eligible
cce2b6af-bff9-4ad0-805d-b32aa6fae985	ccfdad76-cc45-447f-bed8-ede8f6a8844d	08b21fc8-ce08-47c4-b715-6e34213edc07	RNA	STAR - Counts	98a4b8cc-fd54-454c-adcd-6fe9ae159a3b.rna_seq.augmented_star_gene_counts.tsv	4233398	9085784f862f100407194d1c8cd177b9	metadata_candidate_not_QC_eligible
cd1fa5b0-0507-4963-b654-54b375f0e481	e0acafdd-06d0-48a6-bd68-577ef666a419	d7fa3625-5e16-4211-b96b-b36b91b3d491	450K	SeSAMe Methylation Beta Estimation	1fa56eb6-f457-40a9-bc78-8b5e0e6e33c4.methylation_array.sesame.level3betas.txt	13093963	8a940927a1ca7c1bcaf99e06d1d168b1	metadata_candidate_not_QC_eligible
cd29c311-08f1-4e59-a38e-ca1478a42e70	2db08267-d346-4d42-aac0-b76831903253	55f79464-e4d9-47be-8ce8-c4959e9eb753	450K	SeSAMe Methylation Beta Estimation	7ccd266a-2f60-4fb0-a571-f451de3270b8.methylation_array.sesame.level3betas.txt	13166071	e63252a0660d76ba7d5829af2d67a992	metadata_candidate_not_QC_eligible
cd7afb88-2c22-4209-be1c-55e65fdc7b74	8869000d-09d7-465a-ac32-54d1935c43e7	23157ce2-7257-4118-9a6e-4cdfbc6c4bf7	450K	SeSAMe Methylation Beta Estimation	b9c6cea9-d006-47f4-87b8-f6c46422e917.methylation_array.sesame.level3betas.txt	13153632	f4d9e3a3056d4876a481239566a5dcf6	metadata_candidate_not_QC_eligible
cdb2e874-1a1e-4dd9-8c31-224902903e13	9fcdccae-676e-4071-93c3-23d2d3ab0c00	f9455bbc-a475-476e-bd97-6137fb011e65	450K	SeSAMe Methylation Beta Estimation	602a1d0d-bf24-42b2-a36b-1ec782ef8058.methylation_array.sesame.level3betas.txt	13099315	b2849635b9e3efdd37b7c86300218081	metadata_candidate_not_QC_eligible
cde8569f-d0a0-4f05-a86e-0f9d84361faf	9a63f744-4ed4-4b4d-aac6-f9bda66aa563	d845174b-1a04-4d22-b34f-c48d7ae35233	RNA	STAR - Counts	8929ea12-e12a-4660-ac19-72b4e7bd2e9a.rna_seq.augmented_star_gene_counts.tsv	4215648	9a94b685f7a9b0d1cb1e9a32861b51bc	metadata_candidate_not_QC_eligible
ce886e9b-2167-486f-8d8a-d4fec39d86c9	e10568fe-0436-43f2-9f0f-48f9903868c4	3b2ed302-d8f1-4078-95f0-3b5c5b322deb	RNA	STAR - Counts	8a44c8a0-142b-48bb-9809-69914811bacc.rna_seq.augmented_star_gene_counts.tsv	4229964	f69b8a27e433a9bd6ea09a17037bf287	metadata_candidate_not_QC_eligible
ceee3fee-5a19-4bad-bb16-52c61a16aed4	6c3655ca-8ae7-4ad7-b3e4-0c3ec293fba7	185bc9bd-1e20-467c-9c06-908c8aa27e7d	450K	SeSAMe Methylation Beta Estimation	4d6164da-7508-47ca-9f1b-e02d8e1fbc5b.methylation_array.sesame.level3betas.txt	13190042	a96340e3723e4874afe2e8bf03d7696f	metadata_candidate_not_QC_eligible
cf096460-61b3-4278-a04d-b63624078247	fd5c44ef-ea50-4fba-9e8d-e371cf34ebdb	98038913-75d0-41a6-ac67-a9263f5ab18a	450K	SeSAMe Methylation Beta Estimation	396967fd-32e1-4173-a977-4d8ed7e21bec.methylation_array.sesame.level3betas.txt	13199067	0ec77043c570c3fba831c86635aa1327	metadata_candidate_not_QC_eligible
cfa0bdf2-1f05-454a-99ee-f928faa74ec9	30f276a8-3a4b-4de8-aea0-7f605d100401	63315e75-2b50-4b79-b553-036fa7fd024f	450K	SeSAMe Methylation Beta Estimation	ccabb2aa-6579-44b7-88ea-de029bd025ed.methylation_array.sesame.level3betas.txt	13148218	513fa90569775480797b668d402b0aec	metadata_candidate_not_QC_eligible
cfac28bf-001d-4db8-942a-d244f93139a7	9cfc1519-33e7-4145-a4ad-78b5c449853a	6023ee7e-e392-4f33-a781-7af6bff1a403	RNA	STAR - Counts	1aa0401e-b389-4852-87ef-e1ae357b76dc.rna_seq.augmented_star_gene_counts.tsv	4235244	e17d1cfcf70f857f065627ce9e07a143	metadata_candidate_not_QC_eligible
cff4fca2-d0e1-4e90-9d3c-639f995fc9ed	6e3b6b72-142d-4b8d-a462-28a205796e41	2ff8bafd-2ac5-4bfd-8c60-81519cd44166	RNA	STAR - Counts	765dc4a5-ce4d-4437-9061-20c018bbbade.rna_seq.augmented_star_gene_counts.tsv	4221558	28c3026d2636d445b8b428bb938d758f	metadata_candidate_not_QC_eligible
d00354a6-0cdd-42c0-8d0c-1f87f4fdc843	36ad7fc7-0cc1-4f01-aef1-f89b3cb4feac	b3585415-9ab9-4614-8b15-8edb66efd1dc	RNA	STAR - Counts	ca927d21-e459-469e-9655-c214b34447f7.rna_seq.augmented_star_gene_counts.tsv	4232331	887b5dd39ebee8808caad2ea192d3516	metadata_candidate_not_QC_eligible
d03139f8-de7c-4bba-bb55-a9a421cb3df2	6144d666-8f77-4efe-95f1-f9e5c4e5e056	007783b3-a1b5-4e9b-8add-6d01fefb5697	450K	SeSAMe Methylation Beta Estimation	d72ac886-8438-4be1-8465-a25c12154ba1.methylation_array.sesame.level3betas.txt	13041786	ae99489742973a95a92f5a4e4fcd7841	metadata_candidate_not_QC_eligible
d05a80fc-d08a-47df-b7cd-0172b9977d46	96dfa373-4597-49a5-942e-d9b4dc5d28fc	5efd5b2c-3db1-4153-b01f-8f0087d96940	RNA	STAR - Counts	38fbb0e8-cd18-425d-becf-791c8e8a8911.rna_seq.augmented_star_gene_counts.tsv	4255536	bf467fb87a0431608932b9b41be6d157	metadata_candidate_not_QC_eligible
d0eb067a-0cab-497d-b1c9-b3bef5f376f3	875333ab-9048-462d-aaa2-693ad127e3cc	d994817a-474e-4f92-8a78-7586caa85d52	450K	SeSAMe Methylation Beta Estimation	0420b983-f96c-414f-a769-a1aa0d9997a3.methylation_array.sesame.level3betas.txt	13127211	1d9f6c16cb10a784ffecdc438643de98	metadata_candidate_not_QC_eligible
d1083c73-7bf0-49cf-8f5a-8bb546b5ca8a	9a9bd705-1ef1-4a6c-bb1e-bdd346dc01c0	d1f3852d-d23c-41af-9ec0-19c4ba1b1da5	450K	SeSAMe Methylation Beta Estimation	ae0f2833-4082-4b82-adae-da1f48dfde7d.methylation_array.sesame.level3betas.txt	13132901	ec1cc71d1e1ecb0ba3d2b36bada4ce33	metadata_candidate_not_QC_eligible
d14d7f54-286d-477a-9c7f-fbcf4d71563b	d15b7b29-c5c5-41d8-b83b-7cc12fe92820	57e160f5-45fc-44ef-95c6-54e112e3b7f5	450K	SeSAMe Methylation Beta Estimation	a4afcab5-875e-4378-9310-4aa73c1a85d6.methylation_array.sesame.level3betas.txt	13174753	3fee668e0e0aa8b1500dffc4828b6729	metadata_candidate_not_QC_eligible
d1a18468-9c02-4d61-8e3e-43a6d23d402e	2079155a-d91d-4246-a038-01934a580f32	60a9564a-c68d-4791-a093-19b144ee7717	RNA	STAR - Counts	9bfd464b-419a-43c0-929a-c1d219713a6f.rna_seq.augmented_star_gene_counts.tsv	4260792	7b2ce17ae141f13d17fde3d0f594cd70	metadata_candidate_not_QC_eligible
d2000aa0-a3c5-4155-8995-80ec5f4436e2	193201a3-1447-47b1-bdf1-11ae0eb3b2f3	91d58448-b712-4626-82c6-a451fddf277d	RNA	STAR - Counts	020a2284-03f3-4439-89bb-2292ebc3ecd2.rna_seq.augmented_star_gene_counts.tsv	4246603	cf29acfeda74cebe6a90cfb1437efcab	metadata_candidate_not_QC_eligible
d21bad03-0dda-4be6-a6f6-ec1491b8537d	05534064-8b43-4c82-95da-70fd83bd6560	df16b5d4-5e5d-455c-9c5f-a151e5864557	450K	SeSAMe Methylation Beta Estimation	5eb2926d-49e4-4f74-95f0-43124bf0cd6a.methylation_array.sesame.level3betas.txt	13164474	37e36db02ef99f0e56c7faaaada5fe32	metadata_candidate_not_QC_eligible
d21e7461-c76d-4ae7-be02-313c3c34118d	8981f0c9-7155-4c96-bf77-7d40fe404323	a096292c-055c-4243-b625-1e2a5f31e3d6	RNA	STAR - Counts	72fe0e80-b3e6-4249-8345-fb9ff8d2ca9b.rna_seq.augmented_star_gene_counts.tsv	4227754	69cae17d13ab5d42ff7c3c9c4e7383ac	metadata_candidate_not_QC_eligible
d23c89e5-b295-40b7-a5e8-ee1d4a584dd4	37884d39-64e8-4242-b6bd-4c0a1daa21cd	fb9c6881-c503-45c8-b17a-b47a9e8d9003	RNA	STAR - Counts	dd6e2735-7d83-4bc4-87b3-05a5d7f08caa.rna_seq.augmented_star_gene_counts.tsv	4231599	4650e418a722ce83238d5beaa9809944	metadata_candidate_not_QC_eligible
d2436cea-20c9-4c32-98d3-61eb445865be	a8de1beb-6296-44eb-bd63-c603f70faaf3	556bb046-bd81-4366-a167-e86d991ee732	RNA	STAR - Counts	56ba7921-5bee-4a1e-9fba-a78a034547a6.rna_seq.augmented_star_gene_counts.tsv	4233839	62d0d93247cfba62970644403835bb37	metadata_candidate_not_QC_eligible
d3986831-ba2a-4a25-8eb0-b074cbd7edac	a7911bdc-13f1-434a-bfa3-f8ba55d15846	6a460559-d291-43c0-a624-25474e601e99	RNA	STAR - Counts	e270dd9d-4a6b-40b3-823f-a46dd9493585.rna_seq.augmented_star_gene_counts.tsv	4228232	a7d4ccf095f534b06be42af704a95681	metadata_candidate_not_QC_eligible
d3d249ab-0483-4e9c-99f3-07afb5b6dabc	100430c8-1446-45c8-af36-b6dbb3ddd0c1	98687adb-f8e9-4e6e-bc1b-396a3ddfac96	RNA	STAR - Counts	73babed8-f934-42c7-9020-30f7c3e1766d.rna_seq.augmented_star_gene_counts.tsv	4229288	4239402935c3e36a01b087de299eccb3	metadata_candidate_not_QC_eligible
d3f1b81f-37ce-47b6-b98d-8530076007c7	c650b1ff-8a4c-4ee9-b7c1-268c28c83827	2e0b958b-1e93-41ab-8a8a-21a2d7f99935	RNA	STAR - Counts	d067f93b-7182-4a34-ba8e-be73589b7420.rna_seq.augmented_star_gene_counts.tsv	4215312	0384bee9b454152ea2204060a5fcb6a9	metadata_candidate_not_QC_eligible
d44cd257-c316-4f60-a0f9-6a536a1e7941	5813997a-d7dc-4f7c-8d4b-e979832168a9	07ab41e3-63a5-461b-9cf2-6bebc0e4d81e	450K	SeSAMe Methylation Beta Estimation	dbdb93df-eb2e-49a6-b5ea-7565f37d36ab.methylation_array.sesame.level3betas.txt	12855913	5558ca6a09ce43ccf34c3380fd8a8b96	metadata_candidate_not_QC_eligible
d47fbff6-6390-4393-ac49-033ddbfd899b	2fabeb98-05e3-4f55-97f5-fbc675e25a3d	ec51c45a-d518-4333-bd7e-3ae606b40d01	450K	SeSAMe Methylation Beta Estimation	84046efd-7e9e-497b-be99-0a551fc1ce67.methylation_array.sesame.level3betas.txt	13138882	19205505f08f3090eac5db24cbe818f2	metadata_candidate_not_QC_eligible
d4be60da-1a8e-4bf7-b104-8129cd36722e	4ad63dac-76a7-4527-abce-d7a0184e8739	81905199-81c6-4718-8bea-951bc6c810a1	450K	SeSAMe Methylation Beta Estimation	aaa133a2-fa28-4ac3-af6a-85c2e342344f.methylation_array.sesame.level3betas.txt	13136673	a0725a9c755d260d1fbcc31a4824c61e	metadata_candidate_not_QC_eligible
d4eb86d5-1952-449c-a5d7-20ccc04f0d07	b266cbf5-80de-4473-b16f-08c502d365ca	586803bd-5ffb-4d14-8dc9-3e540a683afe	RNA	STAR - Counts	56c858be-3637-4ba0-81be-208a3edac992.rna_seq.augmented_star_gene_counts.tsv	4256612	09fa4e80ada213d9fb4f10000bc78083	metadata_candidate_not_QC_eligible
d51ec44a-29e6-424f-977a-515e4a8dd25e	06fe7f3e-4edd-4150-981c-93787ea19b39	7873c1a9-b1ea-46cc-b787-dfbad3366494	450K	SeSAMe Methylation Beta Estimation	c73e65c5-5f95-4baf-8899-f4d52cc003c1.methylation_array.sesame.level3betas.txt	13164770	2d5bd1b53ea8374e993a7fea0c2188be	metadata_candidate_not_QC_eligible
d52fa71c-9f59-407e-8481-d0ac47ba88b2	a534b96b-1665-444a-9308-e610f2f0e510	6c2f3100-7ed8-41dd-9f8f-98b8eb245c12	RNA	STAR - Counts	4933c476-e3f3-45b0-b158-dcbe0539644e.rna_seq.augmented_star_gene_counts.tsv	4252077	98591d77bf99c7e5109d1cca4b929839	metadata_candidate_not_QC_eligible
d54e9279-578f-40cd-8e55-fbd7af5279dd	47062ad2-ba82-45c8-a871-bdea84f0c405	b4c61d50-4631-442d-b518-ca666d0243f5	RNA	STAR - Counts	1c66cca9-ad78-44e5-ab54-be31d4a66437.rna_seq.augmented_star_gene_counts.tsv	4241776	7c7b923f271c379bfa9cab88431232f4	metadata_candidate_not_QC_eligible
d6084fc6-61c5-49d3-ad26-16035d47137d	562a562b-ca03-44ac-b282-b51b457d8dae	dea6de72-0f67-44f8-aea7-28c15adf4e60	450K	SeSAMe Methylation Beta Estimation	b31200c2-95ba-4262-9cf9-933a5e1d369a.methylation_array.sesame.level3betas.txt	13169795	249820c6ee6a913bc8b31dccb5fa3b75	metadata_candidate_not_QC_eligible
d6244acf-5bb6-4d93-8028-0cf8c7418067	195a5afb-b79f-44d2-9d12-884487630c2b	22434a49-eb8a-43ac-8c08-ae6dcbe6fbb8	450K	SeSAMe Methylation Beta Estimation	30a073c7-708f-4ae6-bd4e-3b3a58067c90.methylation_array.sesame.level3betas.txt	13129603	ce470845109b5b98489c64839e046e39	metadata_candidate_not_QC_eligible
d641f087-3eef-4a02-add6-15fd1bcbcaf3	962fd4e7-9199-43d9-abce-e3dfa46da62c	431c3f05-aa24-4d13-8dfe-96145289ae02	450K	SeSAMe Methylation Beta Estimation	ad7c18ca-e7f8-4e0c-9cd4-8ed6421dc54c.methylation_array.sesame.level3betas.txt	13183984	a5f7065dc4065cb289e194a37a2f8153	metadata_candidate_not_QC_eligible
d695292a-aa40-4260-8c69-9ba45631d1d1	96d93e23-bb0d-46a8-9685-5ed0d6b83059	f6e030dc-ed9a-43c5-8d47-bf2f039e780d	450K	SeSAMe Methylation Beta Estimation	aaa48115-9a20-4a8d-b756-85f7a6beafd3.methylation_array.sesame.level3betas.txt	13190470	4766f66c63ff91d536593d8bf382bd68	metadata_candidate_not_QC_eligible
d6b1b019-ca00-42cd-aebf-3e137e5f4adf	e254aaeb-012c-4d92-8a03-cce1f6a2bcd6	f0054242-3f54-41d4-9f74-94f61fefbfbc	450K	SeSAMe Methylation Beta Estimation	74cb0974-4ae9-4a3e-b427-53702307beca.methylation_array.sesame.level3betas.txt	13153368	6fc18225f0afa426674267e17a177763	metadata_candidate_not_QC_eligible
d72c21fe-ff33-4f1e-a138-420968f1daf4	8d0736fe-261c-445c-bfd2-a3ea3ceaf367	9ee35460-266a-485d-966d-b235fe620ccc	RNA	STAR - Counts	89bcf4e2-f855-4035-bf0d-fe4917248223.rna_seq.augmented_star_gene_counts.tsv	4226217	172d4f3390be50f967ab76bd36e2f9bd	metadata_candidate_not_QC_eligible
d7439e19-2ab4-4209-9628-16e6ae6bc11e	fc79086c-af9a-4c27-b074-f7050b6f3381	284de41b-6ad8-4c29-9eca-9a841cd7c3b7	RNA	STAR - Counts	962d56c6-0e10-4b55-9c4d-dbb89c983d74.rna_seq.augmented_star_gene_counts.tsv	4226345	cfa36bedea4886b805883560fdff08ff	metadata_candidate_not_QC_eligible
d76096d9-565f-492a-8a26-34cacacc35e9	47062ad2-ba82-45c8-a871-bdea84f0c405	b4c61d50-4631-442d-b518-ca666d0243f5	450K	SeSAMe Methylation Beta Estimation	1e732c33-e8c1-410f-a5d2-5057b70d9fc0.methylation_array.sesame.level3betas.txt	13169811	b6657da35efe6c81e38765291ddf59e6	metadata_candidate_not_QC_eligible
d789d9bb-5399-44d4-b8c0-2d1d48c8d1bc	9b38eded-3f46-4aaa-9991-68008d97bdbe	7f56df3f-b649-43d1-ab46-ad460233e46b	450K	SeSAMe Methylation Beta Estimation	956664cd-65a0-4a89-82be-f4986feb83b1.methylation_array.sesame.level3betas.txt	13135081	b81196cb9715604d6fde2b149ab0f667	metadata_candidate_not_QC_eligible
d81ad03d-2504-4be2-8d37-ff152693a4af	bab43415-d413-40be-a4c0-2c40a52afe6a	68b681f2-4f7e-43ec-8260-b4b8797b1224	450K	SeSAMe Methylation Beta Estimation	eb49b1cf-7b13-4a07-bb4c-642f9511f722.methylation_array.sesame.level3betas.txt	13129411	96ebe5d6d7f6060b413a7cfdb9cd2154	metadata_candidate_not_QC_eligible
d82d3b2f-343e-4ce5-b207-1e1642b21dfe	16cd58db-d52c-403e-9e9c-6da2e99f6bad	5e9ed3d4-fad6-47fc-aa55-c7e710b76dc8	450K	SeSAMe Methylation Beta Estimation	3d4d6726-bc9c-4a70-ae51-866baa003438.methylation_array.sesame.level3betas.txt	13190855	996e1773fe3f348497eb821462aac211	metadata_candidate_not_QC_eligible
d8334fd5-d042-48b4-95f5-4d5e3c5166e9	bebd0025-74e2-451b-93b3-86f82df43573	3e11762a-faf0-489d-8985-8ede2ccabd76	RNA	STAR - Counts	aab7b2a0-4181-4556-b1a8-28d31f98a43c.rna_seq.augmented_star_gene_counts.tsv	4234672	334ed0d69b61a0328fbfe91d87deeebe	metadata_candidate_not_QC_eligible
d84121c5-5421-43a4-825a-40f357ecc97b	389f78a3-fa0b-406c-9434-aa0298341a8c	3012b1da-0624-4538-8835-a701b0be5c66	RNA	STAR - Counts	2b99d8d7-f329-4fe6-97b5-167953311755.rna_seq.augmented_star_gene_counts.tsv	4239370	c97bfcd9f0bf53810f280aa331cf062b	metadata_candidate_not_QC_eligible
d8469371-cc82-4798-b26e-26c56246f81e	ff9def3d-17e5-4ef6-b74e-933f11ed6f00	98a8d751-4efd-442e-a242-0fe399c2586f	450K	SeSAMe Methylation Beta Estimation	8fd5810b-81f6-46d0-977d-17179c827cbd.methylation_array.sesame.level3betas.txt	13165056	a3319e33c9ecc64ce70d3bd7395820ef	metadata_candidate_not_QC_eligible
d86a1079-2f10-4c42-9b6a-14498715c4ad	bbe88801-34f3-46d2-bbfd-b46c3901ed71	45885727-79fe-43d6-866e-1fe7ded4bfdc	RNA	STAR - Counts	a8d269f5-ebc9-4b2a-9cd9-7019204a246f.rna_seq.augmented_star_gene_counts.tsv	4250409	9b5186c451573de3055e2e0c40cefd0b	metadata_candidate_not_QC_eligible
d88c062b-3c19-46e9-92b8-b80f6c3eef56	2b68b51f-bd4c-4bbb-b4e6-2eead53da2a4	0d1aff40-772d-436f-9802-971880a2058b	RNA	STAR - Counts	9a0910ce-634b-47b6-a63c-caaf219e0b55.rna_seq.augmented_star_gene_counts.tsv	4252336	1100a2729e7a82b2a5ac0c82da206ff0	metadata_candidate_not_QC_eligible
d8a68991-428b-4642-ac86-de59942d7a3d	656a5eb4-e4a5-4d21-a800-3586f4d6588b	8f55069f-2232-44b6-b9e8-7e12b3a268bd	450K	SeSAMe Methylation Beta Estimation	583056b5-2740-4818-a407-ddb601069005.methylation_array.sesame.level3betas.txt	13128306	f746f117449eea0f215b83fecc4b6d47	metadata_candidate_not_QC_eligible
d8c228f4-72f4-40b6-8273-d2bed24a7c83	f61d599a-43bd-4743-9568-678317e75955	6c128256-bbac-4705-a261-8fedd9e558cf	450K	SeSAMe Methylation Beta Estimation	c22dec63-cf42-4ccf-b5ac-75c6b6a3f276.methylation_array.sesame.level3betas.txt	13196282	b20ca0d6cea70c1d12c27f48c186aad2	metadata_candidate_not_QC_eligible
d8c32ff7-4946-4449-89a4-ec325844ebba	4ef872e1-82c9-4939-9248-41ed9d3085b2	6b0b11c9-2adc-4b55-b7bb-cf67b11cab86	450K	SeSAMe Methylation Beta Estimation	86c70ad0-0fec-4bdb-b854-d3ff83f74f25.methylation_array.sesame.level3betas.txt	13084706	1adf5e505232b93f4e00eedcc95b5dd8	metadata_candidate_not_QC_eligible
d912d421-44ed-46a8-9b39-7ceb8fc697ac	77c4dbb2-eceb-4e0d-bcde-63dc817d5f35	c7c2f2f3-d5f6-4fb8-b02a-79fa39a42756	450K	SeSAMe Methylation Beta Estimation	c7209ad2-1693-4133-a70b-f047deb12bca.methylation_array.sesame.level3betas.txt	13162356	c8ee6872377cdda4ab32efdef4dfcd48	metadata_candidate_not_QC_eligible
da428df4-37ee-43d6-9090-7b94d67968e9	962fd4e7-9199-43d9-abce-e3dfa46da62c	431c3f05-aa24-4d13-8dfe-96145289ae02	RNA	STAR - Counts	56d2e7e0-7686-417f-a698-393a1385d87e.rna_seq.augmented_star_gene_counts.tsv	4232938	68c40a06e83169f9661b8bc73d607490	metadata_candidate_not_QC_eligible
dab99eb1-fc24-483f-9d69-b03b7a0c0f41	f0c94f68-bfd9-45cb-b4fd-8bb1ae4e9a2b	96bdafe1-b0fb-4126-9734-1374d615ef6d	450K	SeSAMe Methylation Beta Estimation	f61e09bc-dfc7-4f9c-8f00-c089d41e82f3.methylation_array.sesame.level3betas.txt	13111050	1a76d5a8dcd8c040a9725f6d4df9e770	metadata_candidate_not_QC_eligible
dac1a7ec-240e-42fd-be54-0f79511e559c	a391d49f-a822-460b-981c-6fbe1868ee38	5d7dae28-fc9f-4160-83aa-122f999668b0	450K	SeSAMe Methylation Beta Estimation	a2616b86-c5a9-47b6-8532-9e98f37fd2a1.methylation_array.sesame.level3betas.txt	13189251	ca709920658448a0b58f8a0c7497d2d2	metadata_candidate_not_QC_eligible
db07bd22-cf7a-4504-9491-1bdeb1e14339	27fceec1-3298-4cdd-a4e6-8f5cf34604f0	ed5b47c1-569f-492b-8d6c-155e3ba79acb	RNA	STAR - Counts	c29e5bb3-860d-4f1f-b27d-ae5b9d8c4208.rna_seq.augmented_star_gene_counts.tsv	4228126	3510c07447e7c8b228629caf2f48e938	metadata_candidate_not_QC_eligible
db0caa6a-e863-4dad-a911-0c69127be9df	cc68632c-b1e3-491b-b562-9468e2d1c101	a7347072-546c-4370-9214-96a17a713b27	RNA	STAR - Counts	55071ef3-bf09-43a2-a54c-a9ec61a84615.rna_seq.augmented_star_gene_counts.tsv	4255626	1205cb7b4e1f0da5eb3547caf95c3e83	metadata_candidate_not_QC_eligible
db172586-332b-4a89-bd7f-0041104616fb	5d2a9a4f-678d-4089-a8c5-81a5cb696629	78b3d4a5-8563-433d-b271-6e37385e0584	450K	SeSAMe Methylation Beta Estimation	9ad39f37-2fc7-458b-aceb-542a6405da61.methylation_array.sesame.level3betas.txt	13158824	c9725a9e0d450e7c90fddee0abe87507	metadata_candidate_not_QC_eligible
db5e9553-ca85-4dcd-9229-2ac1ba208d52	7c7d777b-bf00-4c24-97fc-922580d5605f	d00051b0-6181-47be-91c4-79d9530d18a5	RNA	STAR - Counts	57ae0185-984b-40a7-8d95-1a6a2cc0b03a.rna_seq.augmented_star_gene_counts.tsv	4278768	332a271e217e8309eb33d5f6a7774f29	metadata_candidate_not_QC_eligible
db61f20e-e44a-4992-a9f6-b54fc2dedfb6	fa0c7392-d485-41ac-bf7e-244a528209ae	b307dae9-2cc8-4afd-a268-84788309ac61	RNA	STAR - Counts	e789fc5c-1218-4f07-ba95-b54d8fb93e7b.rna_seq.augmented_star_gene_counts.tsv	4213405	f3b18a5a98c462c45eddbf72e1fad7d5	metadata_candidate_not_QC_eligible
db9bab18-a465-445f-a4fd-dc90faa1da6d	fd3fc273-c035-40ea-a459-ff4806f5d592	252c5d60-7033-44c3-8ab5-4604670a80f4	RNA	STAR - Counts	5a335f07-9b07-46cf-8902-503b24f89bfa.rna_seq.augmented_star_gene_counts.tsv	4236644	0687e96c67caf44632fd921fad9f91a3	metadata_candidate_not_QC_eligible
dba9c344-546c-49db-91df-abd25ae4b0cc	f17d3463-af6c-42c2-a8e9-fae45f69286f	ea75499c-7bf0-47be-9b09-3c12aaa22f12	RNA	STAR - Counts	91181a9c-3113-47b6-8d1c-8173f9eac675.rna_seq.augmented_star_gene_counts.tsv	4221235	1209dda28577eb250101332233853261	metadata_candidate_not_QC_eligible
dbab6ccd-3b26-4b5a-bf11-f381f1091316	b266cbf5-80de-4473-b16f-08c502d365ca	586803bd-5ffb-4d14-8dc9-3e540a683afe	450K	SeSAMe Methylation Beta Estimation	3e16b156-1909-4236-832d-aeb3470dee9d.methylation_array.sesame.level3betas.txt	13135922	a50dd09f475c96b53e2e065fd5b50027	metadata_candidate_not_QC_eligible
dc8e99bb-f021-44e4-8c60-213405ee156a	bf15f7ad-9d92-473b-91d1-f24aa373ab97	42208ba8-f465-4d62-9ed9-5dbfaa525913	RNA	STAR - Counts	325c7d6b-292d-46e5-85d1-785ae8a48c33.rna_seq.augmented_star_gene_counts.tsv	4252913	357e533a6bec9fcad430e9553c28a732	metadata_candidate_not_QC_eligible
dc915100-792e-494d-a411-a7e7bc366716	781f40c9-c099-4c96-8269-ebe2a449c93d	597244d5-db58-435e-9ddb-98e0c2ec97fd	450K	SeSAMe Methylation Beta Estimation	41d09619-10a4-4c74-b238-ddcd9a901134.methylation_array.sesame.level3betas.txt	13134271	b0fa7c5ea2858e40b081001070396c3a	metadata_candidate_not_QC_eligible
dc9196d9-0669-4965-ae19-be1d4d94bf96	9582b436-145b-4f84-8f7f-8b39b8254cc1	5e686ec3-9100-4153-9a90-8b7fb8d4ba0a	450K	SeSAMe Methylation Beta Estimation	0e08b131-e3df-4a84-aa08-b252e9cdff7b.methylation_array.sesame.level3betas.txt	13200905	67aa95899abb272ea0a59dc31d565a49	metadata_candidate_not_QC_eligible
dcff773b-20f4-4c90-9a3f-78ef2e0f484e	f1f80dd2-891d-46dd-a3e0-f007628cb515	6614550d-d050-4b77-9cc0-1e6a7438c675	RNA	STAR - Counts	3041806b-5855-4930-aeb8-a30472658d54.rna_seq.augmented_star_gene_counts.tsv	4236778	26c47e66aad388095d9f79563830c366	metadata_candidate_not_QC_eligible
dd669086-eed6-4ab5-ad5b-49fce7a86a34	a65700c2-e58c-4fd4-aeb1-5686b8f4d212	4420aae3-3f44-4852-974d-74f155b99fe4	450K	SeSAMe Methylation Beta Estimation	8f553d6f-f314-4293-9a70-d3dcb7dae8f7.methylation_array.sesame.level3betas.txt	13153944	7ffe6644b653014b4aa51612a1ba9dec	metadata_candidate_not_QC_eligible
dd6ec250-8d4d-4129-9664-7451c1760f4b	8609edfc-119d-4d63-9188-c86aabd5ca52	a06a952f-aaea-4471-8004-26108e382a9b	RNA	STAR - Counts	34774d7b-1184-4b5f-b6a9-e16c428ca7ce.rna_seq.augmented_star_gene_counts.tsv	4247563	8505bede89020ffab8d5e66975dec03a	metadata_candidate_not_QC_eligible
ddadc636-be3c-4258-8ae6-c93e591a12a7	b87a5d92-4c09-48fe-bb08-b3c89a7c892e	7f64139d-0e81-4bbd-9719-85d0ad471ed5	450K	SeSAMe Methylation Beta Estimation	41adfb52-afb5-462f-98a4-018be9613677.methylation_array.sesame.level3betas.txt	13200460	3414999bb435b2f446f32ca1ce4769f3	metadata_candidate_not_QC_eligible
de0b900f-151a-4173-a070-3ec31ec05aed	25d4ea9e-f773-4f11-bac9-64efdad73211	d2b8a9f4-7d70-43a0-b5f6-5b7365a03944	RNA	STAR - Counts	62b8c824-3e80-4341-bfee-78d04be904c9.rna_seq.augmented_star_gene_counts.tsv	4247370	67bbea179ba2c0e1c662c82d3ad0d89c	metadata_candidate_not_QC_eligible
de18a680-86a5-4319-a332-42227d490aa5	f934ed41-090e-4313-bbc5-d1a4a9ed9ad7	6176e1f7-8dfd-4de4-8abb-3eff1839de56	RNA	STAR - Counts	61807b4d-bbab-4ea8-a904-35c562ec6c29.rna_seq.augmented_star_gene_counts.tsv	4234851	876fc21be1ad60c90aaf7d515972a3c2	metadata_candidate_not_QC_eligible
de26de4a-c738-4a8b-a44a-0eab208c0db2	32a7b827-c3f9-4607-ae63-dae8caa2bc97	c12f1638-214d-40f8-a553-b616a52f6933	RNA	STAR - Counts	fb3e2838-b073-40c9-824f-3216f940a2c5.rna_seq.augmented_star_gene_counts.tsv	4241952	aa4c3f2f7f71e48e66bcb156dbb98a3b	metadata_candidate_not_QC_eligible
de38d138-723c-4256-98f4-2788f7cf1e87	397d3f69-1453-4057-b177-8723eec923d1	84cb5264-6158-40ec-8b65-f96a4a7d6ce4	RNA	STAR - Counts	98f4637a-4953-4f52-b90a-c768d005a3e7.rna_seq.augmented_star_gene_counts.tsv	4250139	23ea2782b589de813060a48515ca3d5a	metadata_candidate_not_QC_eligible
de82c428-0b33-48e0-a337-42ac0a434a24	30f276a8-3a4b-4de8-aea0-7f605d100401	63315e75-2b50-4b79-b553-036fa7fd024f	RNA	STAR - Counts	b4a1a796-8bce-4b44-b4ed-fd7bf4c81b3b.rna_seq.augmented_star_gene_counts.tsv	4252190	31eee9eab94024bd6b8c57b901685f23	metadata_candidate_not_QC_eligible
de9fe3d1-257c-4ce7-8d0b-f06054530973	dc9eaaa0-0bfd-46d0-994f-310826879da4	35300581-d122-4221-814e-801512df4984	450K	SeSAMe Methylation Beta Estimation	281c4a85-5275-41dd-a907-b009c2c27c7b.methylation_array.sesame.level3betas.txt	13124333	ca7f06c93a2fc62cc6fc82f4a0cd9ab3	metadata_candidate_not_QC_eligible
deb2d529-5ea7-4a41-be07-f9239d7ac759	31458638-e19c-43e5-ab13-9c64b3b3681d	a28cc4b4-4819-41ef-adf7-34ee50e29ba6	RNA	STAR - Counts	5d081953-cf3a-40cb-95bf-f418ed3879ac.rna_seq.augmented_star_gene_counts.tsv	4234104	f51db06a247a24205c23debe748cf6e8	metadata_candidate_not_QC_eligible
deddc259-f962-468a-bfcf-60da1e695833	5134c56f-8286-4ec8-8348-237cee7dad5e	500910ea-f0c9-4ed9-a2c6-510f92c36e7d	RNA	STAR - Counts	d34f0d3c-a058-4569-a8c8-380ada182e76.rna_seq.augmented_star_gene_counts.tsv	4248771	6af5bf4748e870fd24ec95a64192037d	metadata_candidate_not_QC_eligible
df03bdab-42a9-4467-a767-b584bb60e926	ff9def3d-17e5-4ef6-b74e-933f11ed6f00	98a8d751-4efd-442e-a242-0fe399c2586f	RNA	STAR - Counts	0a11e8dc-5d34-4fcb-b2dc-aa57b4e90fc9.rna_seq.augmented_star_gene_counts.tsv	4236429	e7d4985402dfcb4759d691ee846fb762	metadata_candidate_not_QC_eligible
df044c46-f98f-4bae-b475-22b26f3609a8	ef42ae4c-a108-468e-beed-437cf3cf2962	5b90379e-83f2-459a-be36-bd7ebbb6bfff	450K	SeSAMe Methylation Beta Estimation	7af15ac7-cf5a-444c-8289-98fe7c2faba9.methylation_array.sesame.level3betas.txt	13193673	80c181d85e3c08635f2dbab8b7e52949	metadata_candidate_not_QC_eligible
df452e00-a7e9-4045-83fb-623885a542d4	383d1253-349f-43b3-bebd-9f1d1cf14b3d	90e374aa-f02d-40dd-b306-cf392ef1026d	RNA	STAR - Counts	5444c7d2-9c7e-4b9e-a8ee-7d64c375be17.rna_seq.augmented_star_gene_counts.tsv	4242302	4af0fb0fff41735de9f66e7aef844b2b	metadata_candidate_not_QC_eligible
df504497-a30e-4a11-a62f-dcb46e741dfb	368e23f0-e573-4547-bf5a-14080baf737b	3e30dbd1-10bf-4450-8d19-6f44d3284e02	RNA	STAR - Counts	22c48da7-f220-43f4-a1b0-fd57358f7ae7.rna_seq.augmented_star_gene_counts.tsv	4206146	730d6953bb60933cf218ba881a93bfa6	metadata_candidate_not_QC_eligible
dfae4022-04b4-4710-81a1-68c5ac5d98f0	8d0736fe-261c-445c-bfd2-a3ea3ceaf367	9ee35460-266a-485d-966d-b235fe620ccc	450K	SeSAMe Methylation Beta Estimation	839155e1-38ea-4be7-a656-66f42b39eed0.methylation_array.sesame.level3betas.txt	13178333	a52ce1b2177cd464e99c4dd3d9f30793	metadata_candidate_not_QC_eligible
dfc3bc40-b667-4f75-a932-4074c0b0c408	41c4c704-825e-49f5-9d54-dbd7d30725e0	b32f509d-91e5-4601-b8b3-4b0a5212c22b	RNA	STAR - Counts	484f0a13-a636-484b-9880-5066955dee6e.rna_seq.augmented_star_gene_counts.tsv	4221024	e493bfaf02ca6ab9c2322feb873d9156	metadata_candidate_not_QC_eligible
e0199fab-37b0-43e6-bc6c-c804c3385c63	ddeacccf-0953-4952-8a4e-c2617f2e7bcc	2ea3d6eb-8e72-45f2-bbcc-5561df4e7e37	450K	SeSAMe Methylation Beta Estimation	383ec9ab-8308-4b26-92f0-36dfb6469e05.methylation_array.sesame.level3betas.txt	13113377	17cedf06a643a222b859348b35177fd7	metadata_candidate_not_QC_eligible
e0d8cd2d-967f-4b04-afa9-3aca54bcaf5d	4d153600-81f9-44fb-b485-6355ec306d6a	785daa57-5e12-4b23-8287-384d46e55e57	RNA	STAR - Counts	9f030a01-eef7-4885-8edc-316fe88860d7.rna_seq.augmented_star_gene_counts.tsv	4238479	4bd6afc44d7704a09c784d61eb8d0f3a	metadata_candidate_not_QC_eligible
e0ff7e04-078a-46a4-ac8c-8a287c1d608e	f0c94f68-bfd9-45cb-b4fd-8bb1ae4e9a2b	96bdafe1-b0fb-4126-9734-1374d615ef6d	RNA	STAR - Counts	aa0b2722-97db-4b5a-9a56-213f63255097.rna_seq.augmented_star_gene_counts.tsv	4261203	a3021ebe129a6457c2e108905e0a5053	metadata_candidate_not_QC_eligible
e146cd56-0abf-47a4-85fa-3d9aaf6291a3	cbf1f718-6bb7-4daf-b9d6-fb294281decb	d516aff8-1bb4-4627-885a-0c247ae4ae57	450K	SeSAMe Methylation Beta Estimation	71254763-5a5c-4b57-bfb1-ed7f9bc0f496.methylation_array.sesame.level3betas.txt	13104071	bc6490fe870af6e6129c41c389958fb5	metadata_candidate_not_QC_eligible
e1638627-67cc-44f9-9a79-6748968a06af	93766482-2f20-4c8f-bbd8-bdd203c37d5a	39509ea1-e728-4350-b444-798c72ade33a	RNA	STAR - Counts	4a1a0323-0cfb-4f33-ba44-0039283f9334.rna_seq.augmented_star_gene_counts.tsv	4222558	4acba7e50acccbeca6654a3eac1dca42	metadata_candidate_not_QC_eligible
e173308d-ac80-4c15-9b0e-e5cb09321a56	7eb540b4-8dd3-4382-a488-e48b1c7213b3	763310b9-3fb9-4a22-851c-e4335a2ed21c	RNA	STAR - Counts	b99ff949-1922-4948-8d02-2ef2aa3dfb3b.rna_seq.augmented_star_gene_counts.tsv	4235077	125698e68f5d06c70df63593977e5607	metadata_candidate_not_QC_eligible
e17426a8-cf69-4ed4-b54e-cc33cbadf095	3fe8f8e4-5396-4362-82f5-366e2fb69db2	a6342eed-126b-4afb-86ef-2257b1645e5e	RNA	STAR - Counts	ef304a3b-e32b-450e-8c40-4173aa0a0366.rna_seq.augmented_star_gene_counts.tsv	4215388	011ef4fcca6b7ad8d761a1777999dfe5	metadata_candidate_not_QC_eligible
e20ecad8-f22d-4e2d-99af-bc1be98c5128	a1e65587-24c1-4b41-92a7-4e1f15fffd78	d809a778-d1ac-4406-ab09-67cc70f1f0c2	RNA	STAR - Counts	085fd4df-27f7-4680-a0b5-8726f9eab370.rna_seq.augmented_star_gene_counts.tsv	4222449	132f5101f360a88ccfd95d9e99d7f3bb	metadata_candidate_not_QC_eligible
e21fc8e8-1f42-4c08-a54b-0bcc0f70d816	0c0b610e-fe4c-406d-a5ed-5cc3b11dabf5	c9a31213-d38f-43db-9883-a2c019eef8eb	RNA	STAR - Counts	6338619f-470c-4ae1-8b45-959b5f9ad3da.rna_seq.augmented_star_gene_counts.tsv	4224395	14d91e8b8bd104b77a2a07bd8268f2c5	metadata_candidate_not_QC_eligible
e23976ef-e9f4-4de5-9d4b-2ba7525e3bf3	5af499be-d2b9-4eaf-9a9f-435dccb51917	11e65f8b-4e48-42e7-a87c-bcf2538168c6	450K	SeSAMe Methylation Beta Estimation	ea77de23-8036-4273-9feb-f05ba91bd014.methylation_array.sesame.level3betas.txt	13189597	2f30845b9958602de8e6f6dc30f74e3d	metadata_candidate_not_QC_eligible
e32c25cd-4ff2-46ba-b228-a6027081117a	793649e5-f479-4d64-8723-2ef488fe0fd9	1454406f-934b-4073-814e-387008c99a2b	450K	SeSAMe Methylation Beta Estimation	e83d8f5b-e104-458e-b8e8-d058f8e8d8b2.methylation_array.sesame.level3betas.txt	13184514	7896e0cee864cc5ff80f4262c931bcef	metadata_candidate_not_QC_eligible
e3339500-9481-4a24-a3b8-65b86dabc920	42259aa6-c9f5-4309-a956-dbf930312f44	848cfbda-c996-41e3-ad7a-474814fd3f4e	RNA	STAR - Counts	57048ebe-3153-4e65-bbca-eadb92b99d31.rna_seq.augmented_star_gene_counts.tsv	4268655	4293c0b92c8ba7ee14e077b33540b934	metadata_candidate_not_QC_eligible
e37ffff5-f795-4ca9-b46b-f59344db48af	f809e7d9-a75e-41c9-ac2c-5bec6ffcb4a2	c78b35b2-7299-4fd3-88df-a40b087455e0	RNA	STAR - Counts	4a967e6f-d39a-4fe5-864b-a43e8184a852.rna_seq.augmented_star_gene_counts.tsv	4234038	23df6c2e935e17fc100e4aee7fcccb4b	metadata_candidate_not_QC_eligible
e4bb1f41-bf42-43f3-aba5-98f3a02a7e03	9ee20c0d-a1c3-47f3-abda-131b3f190f52	bdd75bca-6224-4743-a367-cb1ff01e8121	RNA	STAR - Counts	aa2d6144-50d3-4096-9ecf-3cc0ceac7f41.rna_seq.augmented_star_gene_counts.tsv	4244263	c297cdc63b9bfaf4d020bd36773631ed	metadata_candidate_not_QC_eligible
e585878b-98af-4e3f-b03c-6b5a4e7a202c	230dc42d-681c-4e31-9d2e-c724e61829fb	b671ceeb-72d0-40e3-8279-954e6ed242dd	RNA	STAR - Counts	45310b76-8ea1-4d13-9d9f-1f1d874e0285.rna_seq.augmented_star_gene_counts.tsv	4261858	09a0a192d9a96a3b004cb9d1c05aefb9	metadata_candidate_not_QC_eligible
e6543906-a4e3-447c-8040-310979304204	6d96a298-be5a-4e14-afe8-ca4b6ca298d6	d84e1b10-b7c6-4916-afbc-b311d2ccf19d	RNA	STAR - Counts	2aef96ea-5379-4066-8df1-66218ab77425.rna_seq.augmented_star_gene_counts.tsv	4251753	c5a6fc54454e07b4b6cf4cc57fdd19c2	metadata_candidate_not_QC_eligible
e6629c88-a050-41ed-afe7-e74255f4d3b1	69b23036-add9-42c9-941f-02fb74d9b08c	98bee17e-0b07-40d8-a70f-3163dbfd9c79	RNA	STAR - Counts	894424ab-29c3-4f41-88e7-f59d0df10c28.rna_seq.augmented_star_gene_counts.tsv	4229514	d6104d2dbbc02f7b9cd071183062420a	metadata_candidate_not_QC_eligible
e67228c8-76dc-47e5-94dc-7654720406e9	c8544fb3-b26e-4672-bb81-a271db724b04	5449bced-1356-4de5-9352-349725656c5c	450K	SeSAMe Methylation Beta Estimation	35faf022-a0c8-4cf7-8019-7189a7a7886e.methylation_array.sesame.level3betas.txt	13167079	1b1b2cccd3344d2c12403f900a85e2b2	metadata_candidate_not_QC_eligible
e6aa4c27-7c78-461a-a3c8-584ea850af77	0c59ff96-5e4a-4664-a0b1-d057b4725483	cef2c059-5564-4d16-b57f-4bf83e2eeb95	450K	SeSAMe Methylation Beta Estimation	552ac1ae-7882-454f-9f21-24bcbc9e2e62.methylation_array.sesame.level3betas.txt	13153827	9348dabf2524c2079a448fc9aae2a443	metadata_candidate_not_QC_eligible
e6b0ab3e-2b95-4803-91f8-cfa385fe0386	199386c2-bb53-4fad-a1b6-59ab216a4a50	9a7a1b22-9df6-438f-ad00-54755c7dbc7c	RNA	STAR - Counts	921aa14f-d674-4ecf-b4fd-ca846acc9fa3.rna_seq.augmented_star_gene_counts.tsv	4231722	66d353dfbf558ff92bdf9613201a1dc2	metadata_candidate_not_QC_eligible
e6ed548e-e3f0-41ae-9345-dbf46b053c26	383d1253-349f-43b3-bebd-9f1d1cf14b3d	90e374aa-f02d-40dd-b306-cf392ef1026d	450K	SeSAMe Methylation Beta Estimation	45686a25-f0f5-4944-bcb4-a3ffc512de83.methylation_array.sesame.level3betas.txt	12863885	0626f7ad06b5ef719a5393426346ed4f	metadata_candidate_not_QC_eligible
e71b9305-0bb8-4c70-a423-80593ffb7e82	368e23f0-e573-4547-bf5a-14080baf737b	3e30dbd1-10bf-4450-8d19-6f44d3284e02	450K	SeSAMe Methylation Beta Estimation	0d80dfd8-5798-456e-8078-29f19c22a00b.methylation_array.sesame.level3betas.txt	13192736	4fd54dc5b833def09748474a0fb75bce	metadata_candidate_not_QC_eligible
e7788eeb-8e3c-489f-b9d0-d4a758182304	9b93a7c5-f9b4-4461-8078-0201a725c9cf	a8db5a04-924f-4348-9bcd-24c24e2346dd	450K	SeSAMe Methylation Beta Estimation	d11348fe-c4ba-41ae-92d4-da11eda0bb8a.methylation_array.sesame.level3betas.txt	12756265	1859dd4f8900712912219fa735b7ae69	metadata_candidate_not_QC_eligible
e7ae9253-4c2d-41bd-9d3a-c37e9841f479	0b31dbdf-0623-48e4-a0ec-017650dceda7	49a0ab8a-f379-4394-accf-0b4b08d2dcc6	RNA	STAR - Counts	186b7ed8-cc25-45b6-bf7d-25d7a3a2154a.rna_seq.augmented_star_gene_counts.tsv	4233633	1a88bab62fc5a34f5481e2ae15839071	metadata_candidate_not_QC_eligible
e80908d4-faf0-4252-9b65-9b388936b2a5	69dba721-a168-47a4-b7ff-80a448bad654	356e0f37-c095-455e-b3ea-252afa34806e	450K	SeSAMe Methylation Beta Estimation	03923c8e-5aa1-46ec-bbdc-d279041cc5f2.methylation_array.sesame.level3betas.txt	13106602	c6b2c6f3bd842d85d8433551f182a090	metadata_candidate_not_QC_eligible
e81503a9-2c28-477b-adf4-39cac61c5c4a	ccecce70-dd54-4c5b-bf9f-ca87d290cb00	4eaa4b4a-e9db-4e65-97d6-7fa1a205da95	450K	SeSAMe Methylation Beta Estimation	f40b4291-efa3-4def-b0a8-f27814e455c0.methylation_array.sesame.level3betas.txt	13179750	e63860ca7eaca4783ab62d90d4a251d4	metadata_candidate_not_QC_eligible
e824e07e-86cd-43eb-8f36-c60f36194f3c	d721bfe0-90e3-415e-b9f3-1a270efa5fbb	1aea8530-43fd-47ea-a2f1-377267dc9d33	RNA	STAR - Counts	bae79640-8273-42a2-913e-3d29e00ccc4f.rna_seq.augmented_star_gene_counts.tsv	4218935	6567d9cc847c7cf2e6109e47d0ef4b70	metadata_candidate_not_QC_eligible
e8d21daf-8c95-43bd-843a-445b02834ab4	591c068f-bbb1-4df2-9abb-d1a2e4a58372	63d5b15a-fb94-4b8b-9e93-1dd1cc0a157f	450K	SeSAMe Methylation Beta Estimation	3531e822-9aeb-4388-bb3e-46f7421eef4e.methylation_array.sesame.level3betas.txt	13181609	0467a3bc2f57656cb00d414d9e986738	metadata_candidate_not_QC_eligible
e8da0b02-8b75-4a85-b91a-6f8d1582a95c	fb79c491-7b01-42ae-8369-8364e442e31b	a0863fa6-515c-44fa-825f-f9e243f945f1	RNA	STAR - Counts	af649713-fb41-496a-a94b-3691d202c1c8.rna_seq.augmented_star_gene_counts.tsv	4218734	8c8ac3b98a35074a79bf21232c5d57b4	metadata_candidate_not_QC_eligible
e98c7df6-1a65-41a0-9182-c752c89eafc7	7e83f9dd-b038-497b-a113-a55605398b7b	754b78a3-43cd-467c-bcca-377f76b9038f	RNA	STAR - Counts	01ebdef8-920f-4b71-8b44-512598962d6b.rna_seq.augmented_star_gene_counts.tsv	4252280	ce69c10f5a07fcfa46a19656605b17e4	metadata_candidate_not_QC_eligible
e9b7ce2c-36b2-4160-aa42-0946c12e7e00	7782ceaa-da49-4232-8b3f-534971adaad8	9fd8c73a-da18-4019-9deb-16c93fe1fce2	450K	SeSAMe Methylation Beta Estimation	75159a42-aad4-4988-a607-3e2512273232.methylation_array.sesame.level3betas.txt	13145439	e9302499ef3789381a75336a9a4de193	metadata_candidate_not_QC_eligible
e9d3cac1-3a16-4e21-8fe8-a4944ce82cb8	a391d49f-a822-460b-981c-6fbe1868ee38	5d7dae28-fc9f-4160-83aa-122f999668b0	RNA	STAR - Counts	e127acf3-0757-4f24-aff7-0fbe7283b9ed.rna_seq.augmented_star_gene_counts.tsv	4236769	170f3279dc7c199d7a65f88fac702997	metadata_candidate_not_QC_eligible
ea0e0b77-9c89-4ef5-8079-e67f9a6b19e8	f809e7d9-a75e-41c9-ac2c-5bec6ffcb4a2	c78b35b2-7299-4fd3-88df-a40b087455e0	450K	SeSAMe Methylation Beta Estimation	75473f3f-f0c2-4fdf-9765-89d91cd0bee6.methylation_array.sesame.level3betas.txt	12989115	7673fe471f117e40f5b4e421edfac878	metadata_candidate_not_QC_eligible
ea47f0f6-aad1-4149-afb6-2026f64935f5	ab9e6815-4d13-44db-93e5-553eb4f5bc95	5e72a9b0-5f80-462e-a586-262f573dc62c	RNA	STAR - Counts	dd20e202-a63c-4281-85c7-f16096212a91.rna_seq.augmented_star_gene_counts.tsv	4252613	80fe4f8352e37b4b8f763060df073772	metadata_candidate_not_QC_eligible
eac5ebd0-d788-4908-8eb7-976d6b611667	07b5663f-9a54-4462-b6c1-6fc8116b8714	9fcabda1-ea79-4188-8b3f-7d0fd060a819	RNA	STAR - Counts	b8e8f06f-a5a9-4d16-b39f-585dcee31087.rna_seq.augmented_star_gene_counts.tsv	4258148	fe8bdb396de968ed406222a96e5f4e03	metadata_candidate_not_QC_eligible
eae7c88f-9207-45aa-a7e3-beda92491679	86faf16c-56fd-4b7b-a6b2-b4c83bec93e1	08acba8a-143f-43e6-9562-e41dcacba681	450K	SeSAMe Methylation Beta Estimation	4cd68de2-6ee8-4685-9bf2-04c2d1f05197.methylation_array.sesame.level3betas.txt	13183893	6369042e081899a3b18d225918b89564	metadata_candidate_not_QC_eligible
eb1df92a-e466-47b5-b040-8fdff9528a40	7fd03220-531e-4ef8-beca-e9703e8c0ae1	337b38b7-752e-4246-aba2-163140b1e3c7	450K	SeSAMe Methylation Beta Estimation	93376252-0096-47bb-955b-317addb7a693.methylation_array.sesame.level3betas.txt	13125877	6ba70287c549e13b872f9dd9b0db4728	metadata_candidate_not_QC_eligible
eb55df92-ecb3-4cd6-ad0f-716a229255c5	0b15fcb8-1fb7-497e-80b9-d3db66a3c0a2	aee334d0-5a07-4392-bf02-aca59066a68f	450K	SeSAMe Methylation Beta Estimation	68ca8547-31f5-4b52-9e20-fb6e791c4f7e.methylation_array.sesame.level3betas.txt	13136465	ca92fc4da9d7edba4c74a90f635e2738	metadata_candidate_not_QC_eligible
ebc0d57c-e9f8-44e6-922e-6b39bbbcb0fe	9759bf3a-74ff-433f-99bb-f9406f222ed2	a1733a18-9fe8-4fed-a8d4-0d9dea6cefba	450K	SeSAMe Methylation Beta Estimation	a9e10388-6292-47ba-aa27-d8fbbe81db60.methylation_array.sesame.level3betas.txt	13095456	95402b3b8ab525bd6b1093b03966a3b0	metadata_candidate_not_QC_eligible
ecbf742d-6cd2-48fa-bd0d-e90f2fd2a390	5c06d97f-2aaa-43de-b085-09d7829356ba	20c166c8-6e1f-44b0-81ba-c41add0e0466	450K	SeSAMe Methylation Beta Estimation	9d6edfdd-74f5-4dde-be20-32ea00562f9b.methylation_array.sesame.level3betas.txt	13185025	0b2e776018ec478afc909a158bc582ae	metadata_candidate_not_QC_eligible
ecbf9c01-e26d-4110-91f3-9a13684b1bfc	09078761-1c14-4d01-8e15-535c19a9b0f9	5711ce53-0bac-4a5d-b7ba-4e1bc0c56924	450K	SeSAMe Methylation Beta Estimation	8c15c3b6-f073-4d82-b3f6-7059af72a034.methylation_array.sesame.level3betas.txt	13172293	f35fee8db72bc163fa01ac175014c4f9	metadata_candidate_not_QC_eligible
ecc92694-bba1-4027-82d4-990c60ca4143	3daebe75-c6df-478e-8a4c-11186fd5ead9	e88b670d-57af-4001-a9f3-0e13496b426a	450K	SeSAMe Methylation Beta Estimation	b6918638-d225-4fe3-abd6-051d253a4f5a.methylation_array.sesame.level3betas.txt	13180519	a20198dd9de71321ffcdf896f210f4cc	metadata_candidate_not_QC_eligible
ece9f585-2710-4e10-b292-c5fbf588eda9	bc4c4079-b449-485d-84e4-a40496e563e8	7901609b-ec53-48e1-80ee-489fa4187ebb	RNA	STAR - Counts	79e12f4d-94d7-45f8-b251-6b0fcbb6b885.rna_seq.augmented_star_gene_counts.tsv	4229944	0439fc52e9a319d25dc61451101f655b	metadata_candidate_not_QC_eligible
ed21d591-7308-47db-8358-879c990a1945	18478121-f1d1-4bdd-9511-8ab22f4a0660	7dbabdaa-9fdf-4a94-815a-a493b5dac4ce	450K	SeSAMe Methylation Beta Estimation	25eeab89-90e2-4079-851b-3865cceb334c.methylation_array.sesame.level3betas.txt	13173443	b29d8d798c235631ea4ee5b19153c07e	metadata_candidate_not_QC_eligible
ed39e87e-8c90-43ea-b356-764b5aa5a940	e1c55bac-bb41-4964-add5-ecd6ba04b58d	180eb213-0ddc-4f10-ab0e-b3af92cde3c3	450K	SeSAMe Methylation Beta Estimation	8460ef05-a6c6-47d8-86bd-76c076a4c3c1.methylation_array.sesame.level3betas.txt	13154128	a8f975cc40f3788c8bb9a127d07a3f14	metadata_candidate_not_QC_eligible
ed3bcbbc-0f04-415f-a083-e34cefa9e310	86dac334-f30e-438e-810a-8e45f69dbb7e	a1283c20-bb35-40bb-91f7-e21b3307f031	RNA	STAR - Counts	828b6221-7b05-4e5f-aee0-0234f06fb81e.rna_seq.augmented_star_gene_counts.tsv	4230231	0dfc9ad71e9fbd6ce50ec0c37da15770	metadata_candidate_not_QC_eligible
edfdd711-4764-43a7-9948-4320dc17b2b1	dbd5b0de-94c9-45dd-afb3-6820a7ecaca2	3ba5f6b9-6458-44e2-a0aa-b5c7e5fcd632	RNA	STAR - Counts	7a7440bf-1ca1-4c6b-80f8-7151a38e5d18.rna_seq.augmented_star_gene_counts.tsv	4249016	f162e413b4faf2d30348c355707d16e0	metadata_candidate_not_QC_eligible
ee90a767-c920-402c-95e3-e33b193be5a8	09918b81-4696-4cba-a45a-5fe7407c2337	01f94091-eb70-40d3-9d56-70c4f847cb4c	450K	SeSAMe Methylation Beta Estimation	f1770242-9175-4577-b1bc-f6cf47c9d009.methylation_array.sesame.level3betas.txt	13153467	5f3bd432106de1917c79069d456de7b3	metadata_candidate_not_QC_eligible
eeacf4ac-09cf-41a8-8066-c38a173e61b4	1f0a5312-0590-4230-9da9-fd0cfe693586	49cf5040-2d73-4538-8825-7fba37379289	RNA	STAR - Counts	73d96384-ebea-4467-8663-ada78336233c.rna_seq.augmented_star_gene_counts.tsv	4239848	2cc78fd591338744298101f62ddefcb9	metadata_candidate_not_QC_eligible
ef2621f5-ec61-42ee-879f-9d7615372a5e	32592562-11fa-435a-b40b-2b242bae53aa	7dceaead-79bb-4e91-a724-f0fae56442ce	RNA	STAR - Counts	73fc90cb-2b56-4a6b-8083-42f6647a2478.rna_seq.augmented_star_gene_counts.tsv	4248351	2c7c0763767cfe71f81fcd644e3f8c13	metadata_candidate_not_QC_eligible
ef337612-6a73-4c29-a8b0-85557cbeaff4	34040b83-7e8a-4264-a551-b16621843e28	bac0b02d-ac3b-4784-b8bf-180eadd548a3	RNA	STAR - Counts	e0e055b6-6800-40e7-bde5-718823408f0c.rna_seq.augmented_star_gene_counts.tsv	4252251	2e1f64aaf757b8f55ee8a3fa59db18d0	metadata_candidate_not_QC_eligible
ef4a2952-828a-454a-bec1-120fc7b7821e	8994c8c4-9ea0-46cb-b4a5-0055d7da5bfa	c0fe5ffe-c0a3-4e62-aa55-2bc18788e505	450K	SeSAMe Methylation Beta Estimation	dc0127ff-f2de-4ddf-aa03-69474b8df3ea.methylation_array.sesame.level3betas.txt	13167119	86298bafe4d1260cb53bb1817d00f533	metadata_candidate_not_QC_eligible
efa386bb-8ee4-4ddd-b1ee-c8cafc6c9c52	4e7b2af4-b158-41a7-be22-bea227a759e6	65386909-c47a-486f-a8c8-fd9321d83de7	450K	SeSAMe Methylation Beta Estimation	25214251-7f00-4670-b2ad-093f9478197c.methylation_array.sesame.level3betas.txt	13183223	9824601bfa56c5676b1d0424fa51f147	metadata_candidate_not_QC_eligible
efc4983d-f573-4996-bf5c-5aaa1aafd730	03c3409a-9d16-41d0-9e26-f9fc2547a4c8	ef88b85a-61ee-44e1-bb63-1b4ce9154bfb	RNA	STAR - Counts	e38af20a-f4f2-40dc-82c0-69782f9192d7.rna_seq.augmented_star_gene_counts.tsv	4247266	90fb3e95ff4f98f566dc67ea2b9739ae	metadata_candidate_not_QC_eligible
efd27951-9336-4eed-a8a1-97efbdb0ca0c	b86b1616-20a2-4300-8daa-03dcc9938215	43ab9d3a-9e4e-49a1-8044-280850a5cd7e	450K	SeSAMe Methylation Beta Estimation	2fdf5392-7272-4c7a-bff3-cc03d76f07fc.methylation_array.sesame.level3betas.txt	13182574	3aa90d170b0bb7a0aea527195b97dcb9	metadata_candidate_not_QC_eligible
f0890456-1013-4e8a-9132-f05e2a1be5f2	e16ca88f-488b-40f0-9169-e5a62482a2ff	a0a486e0-a85c-415a-b7c0-399d6b2e6e99	RNA	STAR - Counts	00d461ae-a1d8-42f2-abd8-5e159363d857.rna_seq.augmented_star_gene_counts.tsv	4236555	d15fe4f1d7744375a26bac23ce1a5c56	metadata_candidate_not_QC_eligible
f099d756-e621-4a0b-9e9e-138a3bd3be50	100430c8-1446-45c8-af36-b6dbb3ddd0c1	98687adb-f8e9-4e6e-bc1b-396a3ddfac96	450K	SeSAMe Methylation Beta Estimation	536a872f-bb14-43f6-b2b8-4673e55923d8.methylation_array.sesame.level3betas.txt	13091489	cb10286e4739862417e2bdfbe0996180	metadata_candidate_not_QC_eligible
f19a1a66-ddc9-4567-80db-d009bb455b25	a9644274-13bb-4228-9b4f-14260ccc26eb	ec52b227-65eb-406f-a02b-f4cd1fdf6b3c	RNA	STAR - Counts	aa305f5b-4c1d-4bc7-81d5-b2b999b327af.rna_seq.augmented_star_gene_counts.tsv	4236361	e0a0a3d05dc990239425b5fe3b6785f1	metadata_candidate_not_QC_eligible
f1b024da-112d-4220-b6b1-d622d5ca1781	15340dd3-84ae-49fb-989a-eb212f3e73da	a9d69d7e-298c-4ab6-b64f-1edc58832ccd	450K	SeSAMe Methylation Beta Estimation	b586133f-a73f-488e-add6-37345122daf0.methylation_array.sesame.level3betas.txt	13190296	e404fa9ac36547858f69bf4c58b82aed	metadata_candidate_not_QC_eligible
f1b1d4ff-2556-44c0-80b0-1fd3b659c227	36bf02f8-c1c8-49f9-a417-adf88a205c70	0c06cf85-61eb-4e6d-ae54-b8f5cbab9b63	RNA	STAR - Counts	06deab65-ccea-473f-ad0e-7e3928df2e07.rna_seq.augmented_star_gene_counts.tsv	4256229	1618b0b86ca8a5699ddee760e8536180	metadata_candidate_not_QC_eligible
f201ba16-5cb7-42d0-9865-e413fffa3532	12c27db5-db2f-48dc-a2ca-9557b951f43e	a5bff681-5b9e-4d3e-93d8-b7ae8f2fd233	RNA	STAR - Counts	8fa3359f-1e40-448a-aae8-a955c1ca3323.rna_seq.augmented_star_gene_counts.tsv	4233317	7f325759820eec2b59903b524ead48b9	metadata_candidate_not_QC_eligible
f2d6b758-501e-447a-a3d0-f899e532ac84	3434b91a-c05f-460f-a078-7b1bb6e7085d	cce6d71f-369e-467f-bd7e-03d20e97b7f3	RNA	STAR - Counts	430458f1-86d8-4ec8-a8fe-6a58ac832bdd.rna_seq.augmented_star_gene_counts.tsv	4267420	df0dd387c7cc0c8894c084cc850ad780	metadata_candidate_not_QC_eligible
f2dbb2df-c98b-42d1-9fad-9708bc42fa03	e5f956dd-f49f-435c-83c3-5b1b0a2050ed	34492a58-bfc3-48a7-a1dc-a5c3f5f7d462	RNA	STAR - Counts	b5cadc0c-3088-4f81-9561-902c8ca44c2d.rna_seq.augmented_star_gene_counts.tsv	4239412	f81aad9162561e324ef51a7a01317a4e	metadata_candidate_not_QC_eligible
f302ce23-0f9c-4306-9f9d-149fab4258cc	9c7875ad-ab71-4d48-b2e3-e4c7a46393e9	357f3efe-e2c9-432a-a2b6-75a5fdbae3be	450K	SeSAMe Methylation Beta Estimation	bc24be36-4669-4a7b-adaa-3fad324d056c.methylation_array.sesame.level3betas.txt	13181456	7befdf1d0908fc33826f8309e521e97b	metadata_candidate_not_QC_eligible
f3987c5d-f346-4f2f-9f4f-b774327e77b0	1fc81cd4-fa89-4135-8c3c-027ffae82b05	597d38ff-839c-4fe3-b889-efd0f680b715	450K	SeSAMe Methylation Beta Estimation	e1828cf1-3237-48f1-9605-527231455dfc.methylation_array.sesame.level3betas.txt	13037527	acd2f28be55154a4d9c2bc5a2b07a7a8	metadata_candidate_not_QC_eligible
f4288244-7a1c-4a61-98f6-6c1a06ccde2d	1b354837-4925-4480-ac32-6b44d0957314	646402af-ba5f-438c-ae63-213ebd58b16d	RNA	STAR - Counts	aea4fa60-a890-453e-8ba6-6f4f3d5ed084.rna_seq.augmented_star_gene_counts.tsv	4250592	463ccd6d41090c07ffbe931ff45cae5e	metadata_candidate_not_QC_eligible
f4486bc2-e6c2-4fe7-ad59-035ab3d6a5f4	a534b96b-1665-444a-9308-e610f2f0e510	6c2f3100-7ed8-41dd-9f8f-98b8eb245c12	450K	SeSAMe Methylation Beta Estimation	15941496-95a9-4d86-a469-dc1ad8417300.methylation_array.sesame.level3betas.txt	13185630	56ee123668d5240b05c2ad5ab98a7e54	metadata_candidate_not_QC_eligible
f47794a1-e72c-48d9-bec8-6c842507bcd6	7b0622ab-63ea-483f-ae40-d3ea587bdbba	fab452a2-a57a-4d63-80bc-2ad2b5a20f03	450K	SeSAMe Methylation Beta Estimation	2a2e12ce-a364-4eeb-9b21-176b87575c8f.methylation_array.sesame.level3betas.txt	13173461	567ccfdcf1fb23d9145ef194e33d9d5e	metadata_candidate_not_QC_eligible
f47927c5-e1e9-4152-9817-79aa6e64111a	bab43415-d413-40be-a4c0-2c40a52afe6a	dd9a6c68-b8b4-4168-9ff9-72a45f20c44f	RNA	STAR - Counts	58e4f0e6-3b0f-4370-8abf-0b4d533672c5.rna_seq.augmented_star_gene_counts.tsv	4252751	0fc88797118778552f82be2c848df862	metadata_candidate_not_QC_eligible
f485b192-edc7-4d98-bb63-06a6f40b527f	26a92e1b-08d8-45cd-af0c-eaf2514808a2	6f44f833-1108-4ea1-a472-f3964f2d73a8	450K	SeSAMe Methylation Beta Estimation	dd976a25-dcd9-44ff-8fe4-3ab62f58bc5d.methylation_array.sesame.level3betas.txt	13169451	0f582622492354d07a5cfd427bdde15f	metadata_candidate_not_QC_eligible
f4a60f3f-1b46-40c9-b6b4-ead20af81877	6092bd5c-e97c-4a77-a4ad-c87623b17507	d4d43ae0-2a4c-49e5-8481-fa3614dfe5c1	450K	SeSAMe Methylation Beta Estimation	a3457a29-bd01-4064-ae08-b857797236ea.methylation_array.sesame.level3betas.txt	13178795	afc7b86e7f9e9895aa02f83dab062d36	metadata_candidate_not_QC_eligible
f4ccc723-1b32-4f4f-bf70-a9f904ceb2cf	d8faa3a7-6b3f-4e69-8c88-184e41055bd7	dc242475-d2c0-4c6a-b227-f6a21a27179a	450K	SeSAMe Methylation Beta Estimation	476a1537-f579-4d5a-b230-6124714c112d.methylation_array.sesame.level3betas.txt	13142499	8d69152dcc86730bb03f65589aea2753	metadata_candidate_not_QC_eligible
f51ce896-53bf-4f3b-ac5f-a499b84a7add	3ed05070-6633-4de5-9f72-090f93aa2e4d	db809a73-5e5f-42f2-ab05-89bac944411d	RNA	STAR - Counts	23aeef43-0657-45f1-835e-52a829f0bea2.rna_seq.augmented_star_gene_counts.tsv	4227595	ae9ee229e726c01cdef1606a0e956f1e	metadata_candidate_not_QC_eligible
f5345c28-0d9c-4c5b-8656-f4c565c2d535	889aec8e-14ba-48d9-8fe1-f2416e82b333	43f5270a-f2f2-4dd9-83b5-486b805e35b8	450K	SeSAMe Methylation Beta Estimation	91ba118d-72e3-4996-9ae9-db570ce16d53.methylation_array.sesame.level3betas.txt	13161564	742ad3b2773b07a8dc163583a873f53a	metadata_candidate_not_QC_eligible
f5635a88-4f2b-4ea8-b09e-8781dc3ca290	dbd5b0de-94c9-45dd-afb3-6820a7ecaca2	3ba5f6b9-6458-44e2-a0aa-b5c7e5fcd632	450K	SeSAMe Methylation Beta Estimation	5dda0333-2f10-41f6-a1ff-171e7f7144b8.methylation_array.sesame.level3betas.txt	13161119	c7f12b0d04e997661c089a2167482653	metadata_candidate_not_QC_eligible
f5eb5f84-eccd-4889-89dc-c0cf30fbf098	83a6ed20-b3cf-48b9-8ed3-a080cd4951fa	df25f146-a833-4bfd-adf7-b41b6a7f797e	450K	SeSAMe Methylation Beta Estimation	f4543d5f-c2de-4c88-a342-ec2f2eb7ac3d.methylation_array.sesame.level3betas.txt	13188385	f52e270a06a553a36fc06d944e8c3789	metadata_candidate_not_QC_eligible
f5f24383-6adf-4004-b98f-a01586e0c417	646910ee-5f5d-40ac-a21a-75790f89430a	ca71bc74-8511-48b2-a84f-6dbbd01aefc3	450K	SeSAMe Methylation Beta Estimation	ba328702-ec3d-4d17-b4eb-034673eb9bd3.methylation_array.sesame.level3betas.txt	13183662	29ebf18c4e1504fa04c095f08453307e	metadata_candidate_not_QC_eligible
f60f1bdf-26cf-45b0-9052-f2b1dc9deb04	055e9a43-3c00-4110-a303-e4407676bec0	2b2bc6f3-088e-4a84-afb3-182a4acb0652	450K	SeSAMe Methylation Beta Estimation	3bde8891-afff-48b3-8a57-675ddef2d30c.methylation_array.sesame.level3betas.txt	13190558	2f8190c812aeb9f349f38e4967c2d054	metadata_candidate_not_QC_eligible
f6582ef5-5f6d-41d7-850a-614257c9e3b2	0d66bf6c-eed0-4726-bd5b-3bf6d610b4e0	c5363830-3db9-4c0c-aa47-b32fdc888c60	RNA	STAR - Counts	555b77b9-d686-4f0e-a099-25bd5715a5e9.rna_seq.augmented_star_gene_counts.tsv	4213848	5973bc51a6a328042482da09d2d9465d	metadata_candidate_not_QC_eligible
f73807f5-edf8-4a4d-8550-048d9c5413e5	ffb0c0b7-165e-4439-b3e6-62431f40b7fe	58493fd3-5923-436c-bf10-7315b007c5c0	RNA	STAR - Counts	1890feb6-9f7f-4437-9828-198ff43e16b0.rna_seq.augmented_star_gene_counts.tsv	4247285	4f063c01a122b4e335a57a03f8a93c05	metadata_candidate_not_QC_eligible
f782aa2c-479b-491e-9d4f-57902ab2530a	996a0070-e9bf-4601-8ef7-60212108258d	8e131477-b3c5-43ea-bb00-c3052e67c74b	450K	SeSAMe Methylation Beta Estimation	68d2eb3b-94bd-4abc-bdb6-8ad6d19890dc.methylation_array.sesame.level3betas.txt	13189357	b008a0d2e82c928f4125914f2fd89301	metadata_candidate_not_QC_eligible
f7c8bdd7-48f6-4ecd-a4ae-78ffcb2fb28d	8504fd86-a70a-4cba-9ec8-25c9e60ca549	dab00804-e92f-43f1-9348-16f3015b5dce	RNA	STAR - Counts	3e08ac76-9fba-40cf-8743-e2e1fb14f067.rna_seq.augmented_star_gene_counts.tsv	4221778	4cd0279e8685095a42f2428c471de77f	metadata_candidate_not_QC_eligible
f7d58012-79f4-440f-add6-8a00728e96ba	2a394996-809f-459f-a647-d209921ccbd2	72ca76ae-bcf6-4f98-b891-95bec77fad2d	RNA	STAR - Counts	3289364c-0dc2-43e8-bfe2-57d25e8612e5.rna_seq.augmented_star_gene_counts.tsv	4213976	bc165a01e3615b523c65885fb76a7ff8	metadata_candidate_not_QC_eligible
f8582f43-9295-46a1-a180-99aff776dedd	b36b7567-30d3-4d0c-84c4-b203986e0fdb	657cb9df-3597-459a-991a-2dda352e08ae	450K	SeSAMe Methylation Beta Estimation	f042968a-e711-4daf-b26c-036c45b49f51.methylation_array.sesame.level3betas.txt	13162476	52b67a7be06b34e18032618595571d82	metadata_candidate_not_QC_eligible
f8670621-43a9-491c-81b7-8999ca9975a7	d3ff328c-2488-47bd-8663-366b6812c7b5	7d0017c2-db42-4758-8dc4-0250ec5fd83c	RNA	STAR - Counts	9b4a912b-c42b-4a3a-8723-58b4dcb85949.rna_seq.augmented_star_gene_counts.tsv	4257735	7923c2b114babb1a7a4628121c3bb2ff	metadata_candidate_not_QC_eligible
f888ded9-21bd-441f-bf16-4564889b7516	82476d2d-e403-4f6b-8dd6-cc84e3329478	9ed482d9-2aea-4200-a994-107a1e88f17b	450K	SeSAMe Methylation Beta Estimation	5ce7262d-a72d-4bad-a016-d067e3ba2d91.methylation_array.sesame.level3betas.txt	13195731	5a1e55bfda8d3fecd97f28f8238d9471	metadata_candidate_not_QC_eligible
f8d97584-0c4f-4bb1-b4a7-77d87aabc852	f59e5a76-f803-470b-910c-a897a149d939	194612e8-9876-4350-b54d-404db4ac27c3	RNA	STAR - Counts	268f14f5-e6f7-413a-90a6-20a205012246.rna_seq.augmented_star_gene_counts.tsv	4232803	5b34f264b48b5b934be5a50e1520121c	metadata_candidate_not_QC_eligible
f90939c7-6e24-4aa5-8c34-c1fc1b79e485	5fe77d4a-a8a5-4c90-8ff2-9c3bbbb309ef	091e0712-7fde-442c-aef1-5c504f91b227	RNA	STAR - Counts	07c5dadf-e801-4c1f-9109-7a2495407c75.rna_seq.augmented_star_gene_counts.tsv	4249992	e1c6b552afd94863fc737dc4c5856637	metadata_candidate_not_QC_eligible
f93cc1fb-b3d9-4b1e-94bf-54e40b505b34	205759a6-6391-491b-9857-0080c3a5871e	73a77977-fab0-486f-8d15-be8b30c8808a	RNA	STAR - Counts	bcb20e91-2931-4694-8268-686aee414fe7.rna_seq.augmented_star_gene_counts.tsv	4233688	6fc380e66aa8f4c63c400d4c8438214e	metadata_candidate_not_QC_eligible
f9a240b4-fed6-49c8-9de5-1ccc8f2c9dc3	205759a6-6391-491b-9857-0080c3a5871e	73a77977-fab0-486f-8d15-be8b30c8808a	450K	SeSAMe Methylation Beta Estimation	936ce92d-75b4-41dd-8792-06899a9ff31b.methylation_array.sesame.level3betas.txt	13128137	1b2e498912a91c278c5c1cb38b5df1f2	metadata_candidate_not_QC_eligible
faea0407-fa80-4561-b5d5-8bd9a8312c19	32d9935a-f5cd-43b3-88bd-09e6e2b9090d	9602a00c-a48d-455e-ab57-0e61414098fe	450K	SeSAMe Methylation Beta Estimation	c8399e58-3bde-4988-b804-ccdfae7c7327.methylation_array.sesame.level3betas.txt	13184616	25eb750f86e99d9394edb66f66fe8a16	metadata_candidate_not_QC_eligible
fb60fc57-836c-42e1-bc96-042b82d1a878	793649e5-f479-4d64-8723-2ef488fe0fd9	1454406f-934b-4073-814e-387008c99a2b	RNA	STAR - Counts	21eea21d-7db3-4f85-a9e4-72cbb562b5ed.rna_seq.augmented_star_gene_counts.tsv	4244228	39731a67ca0d8a74c19679a2772f008d	metadata_candidate_not_QC_eligible
fc732523-d387-4a1d-ab81-34e44e869bac	fb79c491-7b01-42ae-8369-8364e442e31b	9c146f5d-ca52-4cb9-a64b-158593d038da	RNA	STAR - Counts	f7beaa9b-98ae-40bd-aadc-e69688499170.rna_seq.augmented_star_gene_counts.tsv	4195970	794184967e8d5da2c087e6b4a9d96b57	metadata_candidate_not_QC_eligible
fc757476-1d31-470b-b648-79608b201bdc	8f52cccd-5709-4753-9670-31a573ee27ab	2cf77e0e-8054-4ec4-97a6-247c7c881c6f	RNA	STAR - Counts	156a175b-b419-4089-8541-7318e3dee78a.rna_seq.augmented_star_gene_counts.tsv	4233530	fd4dab831f28f3a89edfa334c3a89fd9	metadata_candidate_not_QC_eligible
fcabcdca-c9bc-4127-a7d6-e91a66bab3de	772324a5-5513-454d-ad6b-605798f69b73	0deed408-8acb-43ce-84a3-143aabd23312	450K	SeSAMe Methylation Beta Estimation	1f049f5d-3a9b-4f8d-8f48-99954481c5dd.methylation_array.sesame.level3betas.txt	13074940	8171042a8ef4957da8937a4304eec1b0	metadata_candidate_not_QC_eligible
fcb6a553-c08b-41ca-b486-1c932ec5f671	552712d3-da16-441e-ba93-11810793d598	228443d4-e892-4ae7-88b4-a47463d4094c	450K	SeSAMe Methylation Beta Estimation	983e34ce-d2e9-45ea-bd9f-ff7736a2fa99.methylation_array.sesame.level3betas.txt	13094677	3c68045fc10870ed4465bdd3ca7ed28b	metadata_candidate_not_QC_eligible
fce05b8f-ce6a-4bf7-b539-2d1faf0225ab	df576520-a6b6-4c9b-8d06-3f59cc5342fd	56c937b3-b48f-4662-b992-3265dbb6bc7d	450K	SeSAMe Methylation Beta Estimation	788b7254-8f36-4270-8217-a7cd3d744267.methylation_array.sesame.level3betas.txt	13168378	ff07cdf9ec9280170ba2a2250e5cbc96	metadata_candidate_not_QC_eligible
fd19700c-9bb9-4066-b383-aeac2a63739a	6e3b6b72-142d-4b8d-a462-28a205796e41	3a9be0ad-9ffd-4c4b-8b12-bae55310b0c7	450K	SeSAMe Methylation Beta Estimation	3a16d820-035f-4743-ad6d-42198fa6ddc9.methylation_array.sesame.level3betas.txt	13013514	c98a5ef1caab377d95a7ad45b9ebf39e	metadata_candidate_not_QC_eligible
fd52d8a9-e044-4f17-861a-9780752b20ee	f809e21d-5f2e-4f3b-a1aa-d6b8d463552a	745a2adb-7096-4c8a-a830-c627ade98da9	RNA	STAR - Counts	1084d48c-88e8-4d67-9049-d0e4cd7f9535.rna_seq.augmented_star_gene_counts.tsv	4240394	be9025f55d1bd23e3ac1aa39b5066e11	metadata_candidate_not_QC_eligible
fd6cdb37-c7d5-485f-b2db-57362cdc9a7a	69584d55-18f7-4786-b3cc-cd528500be44	09656581-db34-4e6e-afe0-80666eb5fba6	450K	SeSAMe Methylation Beta Estimation	cb131cbf-f395-462f-91ed-ff7a82923359.methylation_array.sesame.level3betas.txt	13146104	9c2c1d3cc65f84c036331b29f9ae3a98	metadata_candidate_not_QC_eligible
fdcad604-c1b4-40ff-a652-3c1e5fe5f9a1	cc3d9750-7ce0-489f-86d4-8017b7ebed29	68d19e88-7fbd-48cc-a09f-55c47bfaf6e7	RNA	STAR - Counts	2301103f-5cbe-4cb6-b5da-0b83b39e4616.rna_seq.augmented_star_gene_counts.tsv	4221999	b1e1c46c723cd8d97d6448d933348b53	metadata_candidate_not_QC_eligible
fe20855f-d3ce-4e02-b2dd-3df15eab44bf	9f4f2ff3-3c02-4281-a398-b0d0955e58eb	b2e72f91-58fb-4a15-9a13-09c93b339bc6	RNA	STAR - Counts	564e41d6-f9a4-4a6b-bb97-f8e5423b84bd.rna_seq.augmented_star_gene_counts.tsv	4239776	aa92e0c44d12854b5d66c99265e33c77	metadata_candidate_not_QC_eligible
ff28d174-dc2b-4fd8-a1bc-886edc90669f	39ab7174-5707-498d-9959-523680e04198	8e690229-01ba-4158-ac60-256310bae644	450K	SeSAMe Methylation Beta Estimation	83669722-994b-4a75-8bc4-c43e15460d48.methylation_array.sesame.level3betas.txt	13159770	8fe90d9e18d12d0349e1cd473e17af7d	metadata_candidate_not_QC_eligible
ffec28dd-cc44-4057-bcc3-ccc0cd2331c2	1427cd18-5ad3-491a-9981-908e31ae49db	9b416640-9aec-4b0d-aa88-b94287375950	RNA	STAR - Counts	d21d91e9-6e19-4c5f-aa2e-cdd41d98e542.rna_seq.augmented_star_gene_counts.tsv	4236967	ea7b5b0033e14dc6c804d58059f6ac0c	metadata_candidate_not_QC_eligible
